grid_id,lon,lat
G3394,90.15630915372839,23.526191905237667
G3395,90.15545121680717,23.529336965801008
G3279,90.15134037444683,23.535328418435146
G3396,90.15431202019032,23.53357153922681
G3280,90.15045543340085,23.538383955615817
G3862,90.17419812650364,23.526112288526015
G3979,90.1762678642995,23.526785304648946
G3980,90.1767739704517,23.529777883355326
G3863,90.17363188852904,23.529220223648522
G3981,90.17710678571702,23.533815516165504
G3864,90.173533621008,23.533729351716858
G3982,90.1779977387274,23.53864501240475
G3628,90.16361345558688,23.525375683116177
G3511,90.15920191811726,23.52478699369717
G3745,90.1671331983157,23.526387638065035
G3629,90.16384561438196,23.529040333312274
G3746,90.1686846088877,23.5292050790799
G3512,90.15895342966834,23.52895104274385
G3513,90.15885649551115,23.533461883040474
G3747,90.16864122177527,23.53364034897293
G3630,90.16374884659588,23.53355119274645
G3631,90.16365205471512,23.53806204919122
G3048,90.14127416626128,23.548757396814914
G3049,90.1398511910201,23.551862323908264
G4099,90.1810590242341,23.53988604722476
G3865,90.17343716196315,23.538240246340656
G3983,90.17823343503558,23.542840025317133
G4100,90.18106543549655,23.542579263312135
G3866,90.17334067890275,23.54275113797709
G3984,90.17809161789103,23.54734191137685
G3867,90.17324417182313,23.54726202662566
G4101,90.1807096351866,23.545415086551905
G3985,90.17685702697733,23.551370884607874
G3397,90.15386704386034,23.537883237992297
G3398,90.15376989497717,23.54239405313414
G3281,90.14912610841478,23.542512470262732
G3164,90.14573998855309,23.543832791877406
G3282,90.1487799197983,23.546815191009777
G3399,90.15367272190927,23.546904865283068
G3165,90.1443860102063,23.547048292760813
G3283,90.14868255601269,23.551325980956957
G3400,90.153575524653,23.5514156744386
G3748,90.16854459631065,23.538151224523645
G3514,90.15875953721788,23.537972720346417
G3749,90.1684479467891,23.54266209708572
G3632,90.16355523873604,23.542572902646082
G3515,90.15866255478494,23.542483554661207
G3633,90.16345839865498,23.547083753110577
G3516,90.15856554820864,23.546994385984355
G3750,90.16835127320695,23.547172966658692
G3634,90.16336153446834,23.551594600584206
G3751,90.16825457556058,23.551683833242063
G3050,90.13881455207787,23.555671526725348
G2933,90.13611779531664,23.556415573365936
G3051,90.1387012248549,23.56016762706141
G2934,90.1356322711589,23.560599423007282
G3052,90.13860345506194,23.564678369498694
G2818,90.12896234349613,23.56568339594913
G2935,90.13383790962165,23.564733521071602
G3517,90.15846851748535,23.55150521431537
G3635,90.16326464617242,23.556105445066475
G3752,90.16815785384637,23.556194696835338
G3518,90.1583714626114,23.556016039653763
G3636,90.16316773376363,23.560616286556908
G3753,90.16806110806066,23.56070555743804
G3519,90.15827438358315,23.56052686199905
G3637,90.16307079723826,23.565127125055017
G3754,90.16796433819978,23.565216415049683
G3520,90.15817728039696,23.56503768135074
G4572,90.20034755675464,23.563378762697617
G4573,90.20208221552359,23.566008473031346
G4690,90.20501790082575,23.56702765311606
G4455,90.19685417105701,23.56282818595163
G4221,90.18836967596124,23.56228706006886
G4338,90.19233785025514,23.56164222250216
G4222,90.18753874241952,23.565572037871465
G4339,90.19243240336081,23.565660559272533
G4456,90.19732608817377,23.565748926945798
G4691,90.20542572944255,23.570711321295263
G4574,90.20212416992042,23.57034812839123
G4692,90.2054624433317,23.574857665105448
G4575,90.20202851923138,23.57485911291097
G4693,90.20536432394763,23.579640728808666
G4576,90.20193284474627,23.579370094446993
G4694,90.206075426808,23.58411056299043
G4340,90.19233644300525,23.570171508973395
G4223,90.18744261533989,23.57008296862194
G4457,90.19723029454589,23.57025989556416
G4341,90.19224045877436,23.574682455688517
G4224,90.18734646434352,23.574593896385423
G4458,90.19713447708412,23.574770861198033
G4342,90.19214445066457,23.579193399417413
G4459,90.19703863578488,23.57928182384694
G4225,90.18725028942679,23.579104821161426
G4343,90.19204841867221,23.5837043401596
G4460,90.19694277064451,23.583792783510393
G4226,90.18715409058609,23.583615742949462
G4461,90.19684688165945,23.58830374018791
G4344,90.19195236279373,23.588215277914603
G4227,90.18705786781778,23.588126661749058
G4345,90.19185628302546,23.592726212681924
G4228,90.18696162111824,23.59263757755971
G4462,90.19675096882607,23.592814693879
G4346,90.1917601793638,23.597237144461086
G4463,90.19665503214073,23.59732564458318
G3868,90.1731476407207,23.5517729122859
G4103,90.18132159810443,23.557523500187987
G3986,90.17768366679776,23.556871139723192
G3869,90.1730510855918,23.556283794957306
G4104,90.18247721985215,23.561162307110912
G3987,90.1778479288387,23.560883638157954
G3870,90.1729545064328,23.560794674639403
G3988,90.17775149231774,23.56539453389803
G3871,90.17285790324007,23.5653055513317
G4105,90.18264510539137,23.565483362745624
G3166,90.14378961160581,23.5512361338735
G3284,90.14858516799363,23.55583676790898
G3401,90.15347830320468,23.555926480600245
G3167,90.1436920570197,23.55574690158302
G3168,90.14359447815511,23.560257666295627
G3285,90.14848775573749,23.560347551865355
G3402,90.15338105756064,23.560437283767516
G3403,90.15328378771724,23.564948083939917
G3286,90.14839031924058,23.564858332825594
G3169,90.14349687500834,23.564768428010833
G3053,90.13850566094173,23.56918910893681
G2819,90.12871856070797,23.5690084921757
G2936,90.13361209863868,23.569098877418305
G2820,90.12862040880988,23.573519189954588
G3054,90.1384078424906,23.573699845375266
G2937,90.13351411346221,23.573609594543417
G2821,90.12852223249432,23.57802988473077
G3055,90.13830999970482,23.57821057881358
G2938,90.13341610390971,23.578120308667103
G2939,90.13331806997748,23.582631019788877
G3755,90.16786754426013,23.56972726966978
G3521,90.15808015304914,23.569548497708357
G3638,90.16297383659271,23.569637960560314
G3756,90.16777072623805,23.574238121297835
G3522,90.15798300153605,23.574059311071416
G3639,90.1628768518233,23.57414879307231
G3757,90.16767388412988,23.578748969933383
G3523,90.15788582585404,23.578570121439405
G3640,90.16277984292638,23.578659622590518
G3524,90.15778862599944,23.583080928811864
G3872,90.17276127600998,23.56981642503371
G3989,90.17765503180084,23.569905426649072
G4106,90.18254881159129,23.569994274512826
G3990,90.17755854728435,23.574416316410613
G4107,90.18245249383304,23.574505183291777
G3873,90.17266462473887,23.574327295744954
G4108,90.182356152113,23.579016089082
G3991,90.17746203876465,23.578927203182158
G3874,90.17256794942313,23.57883816346494
G4109,90.18225978642755,23.583526991882994
G3170,90.14339924757572,23.56927918672814
G3404,90.15318649367084,23.569458881116976
G3287,90.14829285849923,23.569369110789214
G3405,90.15308917541773,23.573969675298198
G3171,90.14330159585357,23.57378994244706
G3288,90.14819537350976,23.573879885755726
G3172,90.14320391983824,23.578300695167115
G3406,90.15299183295429,23.578480466483096
G3289,90.14809786426854,23.578390657724643
G3407,90.1528944662768,23.582991254671185
G2822,90.12842403175762,23.58254057650376
G3056,90.13821213258076,23.58272130925125
G2940,90.13322001166182,23.587141727908246
G2823,90.12832580659605,23.58705126527306
G3057,90.13811424111469,23.587232036687812
G2941,90.13312192895906,23.591652433024723
G2824,90.12822755700594,23.59156195103819
G3058,90.13801632530297,23.59174276112275
G2942,90.13302382186546,23.59616313513782
G2825,90.12812928298356,23.59607263379866
G3758,90.16757701793202,23.583259815575914
G3641,90.16268280989833,23.583170449114462
G3642,90.16258575273545,23.587681272643643
G3525,90.15769140196858,23.587591733188304
G3759,90.16748012764076,23.587770658224965
G3643,90.16248867143409,23.592192093177577
G3760,90.16738321325249,23.592281497880027
G3526,90.15759415375783,23.59210253456821
G3644,90.16239156599063,23.596702910715784
G3761,90.16728627476354,23.596792334540623
G3290,90.14800033077185,23.58290142669548
G3173,90.14310621952603,23.582811444887813
G3174,90.14300849491326,23.587322191608667
G3291,90.14790277301606,23.58741219266775
G3408,90.15279707538164,23.58750203986198
G3409,90.15269966026513,23.592012822054983
G3175,90.14291074599626,23.591832935329183
G3292,90.14780519099746,23.591922955640946
G3410,90.1526022209236,23.596523601249714
G3293,90.14770758471239,23.596433715614612
G3875,90.17247125005908,23.583349028193187
G3992,90.17736550623808,23.583438086963223
G3993,90.17726894970102,23.587948967753327
G4110,90.18216339677306,23.588037891694285
G3876,90.1723745266431,23.587859889929206
G4111,90.18206698314589,23.592548788515387
G3994,90.17717236914984,23.59245984555197
G3877,90.17227777917155,23.592370748672508
G3995,90.17707576458089,23.596970720358687
G4112,90.18197054554241,23.59705968234581
G5047,90.21972578236395,23.59521866493342
G4930,90.2154540783695,23.59410187039196
G5165,90.22370655160496,23.599955725015384
G5048,90.22055623381291,23.597979593652585
G4931,90.21623468138934,23.597678105430866
G5166,90.22453439051058,23.6023719054143
G4932,90.2161393889558,23.602189128523754
G5049,90.22103452763164,23.602276877572237
G5167,90.22430070879578,23.60706376223822
G4933,90.21604407282898,23.606700148633767
G5050,90.22093937858212,23.606787916445256
G5051,90.22084420587721,23.61129895233617
G5168,90.22466209627208,23.611374598112132
G4934,90.21594873300529,23.611211165760423
G5286,90.22936218744118,23.61737697633351
G5404,90.23460400347861,23.621610519290932
G5287,90.23038873633935,23.620548816230023
G5288,90.23035056571656,23.625007265339768
G5405,90.23500955703915,23.625069130347324
G5289,90.2302556329346,23.629518326737124
G5052,90.22074900951337,23.615809985244486
G5169,90.22546809484932,23.616047720255104
G4935,90.21585336948117,23.615722179903244
G5170,90.22554962038706,23.620408685137097
G4936,90.21575798225298,23.620233191061732
G5053,90.22065378948695,23.620321015169726
G5054,90.2205585457944,23.6248320421114
G5171,90.22545454394137,23.62491973081385
G4937,90.21566257131715,23.624744199235426
G4938,90.2155671366701,23.62925520442383
G3527,90.1574968813635,23.59661333295113
G3645,90.16229443640138,23.60121372525778
G3762,90.16718931217028,23.601303168206286
G3528,90.15739958478193,23.601124128336565
G3763,90.16709232546904,23.605813998876503
G3529,90.15730226400945,23.605634920724015
G3646,90.16219728266269,23.605724536803056
G3764,90.16699531465618,23.610324826550805
G3530,90.1572049190424,23.610145710113017
G3647,90.1621001047709,23.61023534535116
G3878,90.17218100764079,23.596881604422613
G3996,90.17697913599055,23.601481592172984
G4113,90.18187408395897,23.601570573185086
G3879,90.17208421204715,23.601392457179035
G4114,90.18177759839197,23.6060814610327
G3880,90.17198739238702,23.605903306941286
G3997,90.17688248337515,23.605992460994365
G3881,90.17189054865672,23.610414153708884
G4115,90.18168108883778,23.610592345888197
G3998,90.17678580673108,23.610503326822368
G3176,90.14281297277132,23.59634367604888
G3177,90.1427151752348,23.60085441376727
G3294,90.14760995415718,23.600944472588242
G3411,90.15250475735337,23.601034377445693
G3178,90.14261735338299,23.60536514848386
G3412,90.15240726955076,23.605545150642424
G3295,90.14751229932813,23.60545522656135
G3179,90.1425195072122,23.60987588019817
G3296,90.14741462022158,23.609965977533456
G3413,90.15230975751213,23.61005592083943
G3059,90.13791838514187,23.59625348255559
G2943,90.13292569037739,23.600673834247058
G2826,90.12803098452524,23.600583313553976
G3060,90.13782042062772,23.60076420098585
G2827,90.12793266162727,23.605093990303654
G2944,90.13282753449111,23.60518453035193
G3061,90.13772243175683,23.605274916413027
G3062,90.1376244185255,23.609785628836647
G2945,90.13272935420292,23.60969522345196
G2828,90.12783431428593,23.60960466404721
G3531,90.15710754987711,23.614656496503066
G3648,90.16200290272235,23.61474615090158
G3765,90.166898279728,23.61483565122869
G3532,90.15701015650991,23.619167279893688
G3649,90.16190567651337,23.619256953453842
G3766,90.16680122068091,23.61934647290969
G3650,90.1618084261403,23.62376775300746
G3533,90.15691273893714,23.623678060284384
G3767,90.1667041375112,23.623857291593314
G3651,90.16171115159948,23.628278549561937
G3180,90.14242163671878,23.614386608909705
G3297,90.14731691683384,23.614476725504062
G3414,90.15221222123378,23.614566688036206
G3181,90.14232374189899,23.61889733461798
G3298,90.14721918916123,23.618987470472693
G3415,90.15211466071204,23.61907745223228
G3182,90.14222582274917,23.62340805732251
G3299,90.14712143720008,23.623498212438843
G3416,90.15201707594325,23.623588213427162
G3183,90.14212787926562,23.62791877702281
G3063,90.13752638093004,23.614296338256214
G2946,90.13263114950914,23.614205913546666
G2829,90.12773594249752,23.61411533478414
G2830,90.12763754625836,23.61862600251397
G2947,90.13253292040605,23.61871660063554
G3064,90.13742831896676,23.61880704467124
G2948,90.13243466688998,23.623227284718116
G2831,90.1275391255647,23.623136667236206
G3065,90.13733023263197,23.623317748081245
G3066,90.13723212192194,23.627828448485726
G3768,90.16660703021523,23.62836810727907
G3534,90.15681529715513,23.62818883767468
G3652,90.16161385288723,23.6327893431168
G3535,90.15671783116018,23.632699612064084
G3769,90.16650989878936,23.63287891996648
G3536,90.15662034094865,23.637210383452114
G3770,90.1664127432299,23.637389729655055
G3653,90.16151652999989,23.63730013367156
G3537,90.15652282651685,23.641721151838272
G3771,90.16631556353319,23.641900536344313
G2949,90.1323363889572,23.627737965793877
G2832,90.12744068041286,23.627647328950356
G2833,90.1273422107991,23.632157987655937
G2950,90.132238086604,23.632248643862365
G3067,90.13713398683304,23.632339145884213
G2951,90.1321397598267,23.636759318923076
G3068,90.13703582736149,23.63684984027621
G2834,90.12724371671975,23.63666864335246
G2952,90.13204140862157,23.641269990975534
G2835,90.12714519817106,23.641179296039443
G3300,90.1470236609467,23.628008951402045
G3417,90.1519194669237,23.62809897162036
G3184,90.14202991144465,23.63242949371839
G3301,90.1469258603974,23.63251968736181
G3418,90.15182183364975,23.632609726811395
G3302,90.14682803554848,23.637030420317636
G3419,90.15172417611767,23.63712047899978
G3185,90.14193191928258,23.63694020740875
G3186,90.14183390277572,23.64145091809343
G3420,90.15162649432382,23.64163122818503
G4577,90.20183714646151,23.58388107299881
G4695,90.20646207026753,23.58854456949677
G4578,90.20174142437348,23.588392048565947
G4812,90.20988512848618,23.590238847496767
G4579,90.2016456784786,23.592903021147908
G4696,90.2065404119416,23.592991194485645
G4813,90.21133424337314,23.5932294810827
G4580,90.20154990877323,23.597413990744215
G4814,90.211339733439,23.597590221171068
G4697,90.2064448092198,23.59750218294118
G4815,90.21124427397322,23.602101225469287
G4581,90.20145411525378,23.60192495735439
G4698,90.20634918272539,23.60201316841183
G4816,90.2111487907727,23.606612226783376
G4699,90.20625353245475,23.606524150897105
G4582,90.20135829791663,23.606435920977937
G4817,90.21105328383382,23.611123225112877
G4583,90.20126245675819,23.610946881614392
G4700,90.20615785840428,23.61103513039653
G4229,90.18686535048386,23.597148490380956
G4347,90.1916640518051,23.601748073251606
G4464,90.19655907159986,23.601836592299982
G4230,90.186769055911,23.601659400212302
G4348,90.19156790034579,23.606258999052994
G4231,90.18667273739601,23.60617030705325
G4465,90.19646308719983,23.606347537028896
G4232,90.1865763949353,23.610681210903355
G4349,90.19147172498221,23.61076992186478
G4466,90.196367078937,23.61085847876947
G3882,90.1717936808526,23.614924997481342
G4116,90.1815845552927,23.61510322775108
G3999,90.17668910605467,23.615014189656485
G3883,90.17169678897105,23.619435838258177
G4117,90.18148799775317,23.619614106620865
G4000,90.1765923813423,23.61952504949625
G3884,90.17159987300838,23.623946676038894
G4001,90.17649563259029,23.624035906341163
G4118,90.18139141621548,23.62412498249706
G4002,90.17639885979503,23.628546760190748
G4818,90.21095775315301,23.615634220457284
G4701,90.20606216057041,23.615546106909616
G4584,90.20116659177482,23.615457839263254
G4819,90.21086219872666,23.620145212816123
G4585,90.20107070296294,23.61996879392404
G4702,90.20596643894947,23.620057080435892
G4586,90.2009747903189,23.624479745596282
G4703,90.2058706935379,23.624568050974858
G4820,90.21076662055115,23.624656202188913
G4587,90.20087885383911,23.628990694279484
G4467,90.19627104680778,23.6153694175212
G4350,90.19137552571074,23.61528084168646
G4233,90.18648002852522,23.61519211176208
G4351,90.19127930252778,23.619791758517568
G4234,90.18638363816216,23.61970300962898
G4468,90.19617499080853,23.619880353283598
G4352,90.19118305542966,23.624302672357608
G4235,90.18628722384244,23.624213904503556
G4469,90.19607891093564,23.624391286056195
G4353,90.19108678441279,23.6288135832061
G4236,90.18619078556246,23.628724796385324
G4470,90.1959828071855,23.6289022158385
G4354,90.19099048947352,23.633324491062563
G4237,90.1860943233186,23.633235685273803
G4471,90.19588667955448,23.633413142630026
G4238,90.18599783710718,23.637746571168506
G4355,90.19089417060823,23.637835395926512
G4472,90.19579052803894,23.637924066430305
G4356,90.1907978278133,23.642346297797467
G4473,90.19569435263529,23.64243498723884
G4704,90.20577492433209,23.629079018526046
G4821,90.21067101862292,23.629167188575163
G4705,90.2056791313284,23.633589983088964
G4588,90.20078289351994,23.633501639973172
G4822,90.21057539293831,23.633678171974406
G4706,90.20558331452324,23.638100944663133
G4823,90.21047974349378,23.638189152386147
G4589,90.20068690935778,23.638012582676847
G4707,90.205487473913,23.64261190324808
G4590,90.20059090134902,23.64252352239005
G4119,90.18129481067605,23.628635855379198
G3885,90.17150293296093,23.628457510823026
G3886,90.17140596882507,23.632968342610067
G4003,90.17630206295286,23.63305761104452
G4120,90.1811981811312,23.633146725266773
G3887,90.17130898059715,23.637479171399548
G4004,90.17620524206012,23.637568458901985
G4121,90.1811015275773,23.637657592159318
G4122,90.18100485001071,23.64216845605635
G4005,90.17610839711317,23.642079303762678
G3888,90.17121196827348,23.641989997190976
G4006,90.17601152810835,23.646590145626085
G3889,90.17111493185044,23.646500819983867
G4123,90.18090814842779,23.64667931695736
G4007,90.17591463504203,23.651100984491748
G3890,90.17101787132435,23.65101163977774
G4124,90.18081142282487,23.6511901748619
G4008,90.17581771791053,23.65561182035917
G3891,90.17092078669157,23.6555224565721
G4125,90.18071467319832,23.65570102976945
G5523,90.23847423330396,23.631145806495457
G5406,90.23504434847926,23.629668740541746
G5524,90.23973346332329,23.634436635582354
G5290,90.23016067656238,23.63402938515245
G5407,90.23505705655685,23.63411680284105
G5408,90.23496224396933,23.638627876946817
G5291,90.23006569659626,23.638540440585256
G5525,90.23985881489833,23.638715159027115
G5409,90.23486740782587,23.64313894807083
G5292,90.22997069303271,23.643051493035074
G5172,90.22535944386746,23.629430773507806
G5055,90.22046327843213,23.629343066069048
G5173,90.22526432016174,23.633941813218495
G4939,90.2154716783082,23.633766206626472
G5056,90.22036798739651,23.633854087042167
G5057,90.220272672684,23.638365105030285
G4940,90.21537619622787,23.638277205842865
G5174,90.22516917282064,23.638452849945416
G4941,90.21528069042552,23.642788202072527
G5175,90.22507400184055,23.642963883688108
G5758,90.24750024001713,23.635461459471312
G5641,90.2448524622191,23.634580529620916
G5759,90.24747617509581,23.63845894539394
G5642,90.24475540934168,23.638802286823164
G5643,90.24466090804918,23.64331339519681
G5760,90.24761372208657,23.643861965275548
G5644,90.24452725953626,23.64780256048792
G5761,90.2475360139474,23.64648965845118
G5645,90.24447183503135,23.65233560300431
G5762,90.24799904637614,23.653051940980845
G5879,90.25403420524486,23.65435462096028
G5763,90.2492718561882,23.656939243591033
G5880,90.25417186252199,23.657020643651144
G5646,90.2443772632989,23.65684670243722
G5526,90.23976414617856,23.64322624879241
G5410,90.23477254812293,23.64765001621261
G5293,90.22987566586812,23.647562542501404
G5527,90.23966945394083,23.64773733557669
G5528,90.23957473818159,23.652248419379504
G5294,90.22978061509892,23.652073588983786
G5411,90.23467766485692,23.65216108137167
G5529,90.23947999889724,23.65675950020036
G5412,90.23458275802426,23.656672143547528
G5295,90.2296855407215,23.656584632481717
G5058,90.22017733429098,23.642876120032927
G4942,90.2151851608975,23.647299195314968
G5059,90.22008197221385,23.64738713204959
G5176,90.22497880721791,23.64747491444607
G4943,90.21508960764027,23.651810185569722
G5060,90.21998658644902,23.651898141079812
G5177,90.2248835889491,23.651985942218833
G4944,90.21499403065017,23.6563211728363
G5178,90.22478834703054,23.656496967005918
G5061,90.2198911769929,23.656409147123114
G5530,90.23938523608422,23.661270578038774
G5413,90.23448782762136,23.661183202739707
G5296,90.22959044273232,23.66109567299473
G5531,90.23929044973897,23.66578165289427
G5414,90.23439287364467,23.665694258947738
G5297,90.22949532112776,23.665606710522354
G5532,90.23919563985788,23.670292724766362
G5415,90.23429789609057,23.670205312171127
G5298,90.22940017590423,23.670117745064093
G5533,90.23910080643739,23.67480379365459
G5179,90.22469308145864,23.661007988806826
G5062,90.2197957438419,23.660920150178985
G4945,90.21489842992365,23.66083215711421
G5180,90.2245977922298,23.665519007621107
G5063,90.21970028699239,23.665431150246985
G4946,90.21480280545705,23.665343138402992
G5181,90.22450247934044,23.670030023448252
G5064,90.21960480644078,23.669942147326605
G4947,90.21470715724682,23.669854116702147
G5065,90.21950930218348,23.67445314141737
G5881,90.25407760250003,23.661531777230632
G5647,90.24428266807934,23.661357798888925
G5764,90.24918012356513,23.661444865287205
G5648,90.24418804936909,23.66586889235896
G5882,90.25398331907051,23.666042907830914
G5765,90.24908567249346,23.66595597733883
G5649,90.24409340716458,23.67037998284683
G5883,90.2538890122299,23.670554035451506
G5766,90.24899119796912,23.67046708640953
G5650,90.24399874146226,23.67489107035206
G5884,90.25379468197461,23.675065160091926
G5767,90.24889669998853,23.67497819249883
G5651,90.24390405225856,23.679402154874168
G5885,90.2537003283011,23.6795762817517
G5768,90.24880217854813,23.679489295606242
G5652,90.24380933954987,23.683913236412696
G5886,90.25360595120581,23.68408740043035
G5769,90.24870763364436,23.684000395731307
G5887,90.25351155068518,23.688598516127385
G5770,90.24861306527366,23.688511492873516
G4824,90.21038407028566,23.642700129809906
G4825,90.21028837331039,23.647211104245205
G4708,90.20539160949406,23.647122858843304
G4591,90.20049486949002,23.647034459112277
G4592,90.20039881377717,23.651545392843055
G4709,90.20529572126279,23.651633811448335
G4826,90.21019265256432,23.651722075691563
G4593,90.20030273420684,23.6560563235819
G4710,90.2051998092156,23.656144761062684
G4827,90.21009690804388,23.65623304414849
G4239,90.1859013269246,23.642257454068954
G4240,90.1858047927672,23.64676833397466
G4357,90.19070146108506,23.646857196674922
G4474,90.19559815333984,23.646945905055144
G4241,90.18570823463133,23.651279210885136
G4358,90.1906050704199,23.651368092558428
G4475,90.19550193014904,23.651456819878746
G4359,90.1905086558142,23.655878985447483
G4476,90.1954056830592,23.65596773170916
G4242,90.1856116525134,23.655790084799904
G4009,90.17572077671022,23.660122653227862
G3892,90.1708236779484,23.66003327036647
G4126,90.1806178995445,23.660211881679544
G4010,90.1756238114374,23.664633483097358
G4127,90.18052110185974,23.664722730591706
G3893,90.17072654509121,23.66454408116037
G4128,90.1804242801404,23.669233576505434
G4011,90.17552682208847,23.66914430996715
G3894,90.17062938811634,23.669054888953298
G4012,90.17542980865973,23.67365513383677
G4594,90.20020663077543,23.660567251328327
G4828,90.21000113974544,23.660744009615502
G4711,90.20510387334885,23.660655707685866
G4829,90.2099053476654,23.665254972092136
G4712,90.20500791365895,23.665166651317417
G4595,90.2001105034793,23.66507817608186
G4596,90.20001435231481,23.669589097842007
G4830,90.20980953180012,23.66976593157788
G4713,90.20491193014227,23.669677591956834
G4597,90.19991817727835,23.67410001660829
G4360,90.19041221726431,23.660389875341597
G4243,90.18551504640972,23.660300955718473
G4477,90.19530941206673,23.660478640545893
G4361,90.19031575476657,23.664900762240304
G4478,90.19521311716798,23.66498954638848
G4244,90.18541841631665,23.664811823640374
G4479,90.19511679835932,23.66950044923642
G4245,90.18532176223056,23.6693226885651
G4362,90.19021926831739,23.669411646143104
G4480,90.19502045563713,23.67401134908924
G4129,90.18032743438283,23.673744419420256
G3895,90.17053220702012,23.673565693744784
G4013,90.17533277114755,23.67816595470573
G4130,90.18023056458335,23.678255259335682
G3896,90.17043500179885,23.67807649553434
G4014,90.17523570954825,23.682676772573544
G4131,90.18013367073837,23.68276609625123
G3897,90.1703377724489,23.68258729432149
G4132,90.18003675284416,23.687276930166416
G3898,90.1702405189666,23.687098090105724
G4948,90.21461148528931,23.6743650920112
G5182,90.22440714278696,23.674541036287792
G4949,90.21451578958091,23.678876064329664
G5066,90.21941377421689,23.6789641325188
G5183,90.22431178256575,23.679052046139248
G4950,90.21442007011805,23.683387033657073
G5067,90.21931822253738,23.68347512063042
G5184,90.22421639867324,23.68356305300213
G4951,90.21432432689707,23.68789799999292
G5068,90.21922264714136,23.687986105751737
G4831,90.20971369214601,23.674276888072285
G4714,90.20481592279516,23.674188529603644
G4715,90.20471989161403,23.67869946425736
G4598,90.19982197836629,23.678610932380224
G4832,90.20961782869944,23.67878784157485
G4599,90.19972575557499,23.68312184515733
G4716,90.20462383659525,23.683210395917513
G4833,90.20952194145681,23.683298792085097
G4600,90.19962950890081,23.687632754939113
G4717,90.20452775773519,23.687721324583595
G4246,90.18522508414779,23.67383355049219
G4363,90.19012275791309,23.673922527049527
G4247,90.18512838206473,23.678344409421147
G4481,90.19492408899775,23.678522245946457
G4364,90.19002622355005,23.678433404959087
G4482,90.19482769843758,23.683033139807588
G4248,90.18503165597768,23.682855265351495
G4365,90.1899296652246,23.682944279871293
G4483,90.19473128395293,23.687544030672132
G4249,90.18493490588303,23.687366118282743
G4015,90.17513862385816,23.687187587439723
G4133,90.1799398108971,23.691787761080754
G3899,90.17014324134827,23.691608882886577
G4016,90.17504151407364,23.691698399303792
G4134,90.17984284489354,23.696298588993763
G3900,90.17004593959024,23.69611967266357
G4017,90.174944380191,23.696209208165264
G4018,90.1748472222066,23.700720014023645
G3901,90.16994861368885,23.700630459436194
G4135,90.17974585482979,23.700809413904953
G3654,90.1614191829338,23.641810921225723
G3655,90.16132181168527,23.646321705778806
G3538,90.15642528786108,23.646231917222078
G3772,90.16621835969558,23.646411340033755
G3539,90.1563277249777,23.65074267960306
G3656,90.16122441625066,23.650832487330334
G3773,90.1661211317134,23.650922140722912
G3774,90.16602387958295,23.655432938411295
G3540,90.156230137863,23.655253438980715
G3657,90.16112699662627,23.655343265879818
G3303,90.14673018639628,23.641541150269056
G3187,90.14173586192034,23.64596162577191
G3421,90.15152878826451,23.646141974366646
G3304,90.14663231293709,23.646051877215562
G3422,90.15143105793604,23.650652717544155
G3188,90.14163779671277,23.650472330443733
G3305,90.14653441516722,23.650562601156686
G3306,90.146436493083,23.655073322091926
G3423,90.15133330333475,23.65516345771706
G3189,90.1415397071493,23.65498303210839
G3775,90.16592660330063,23.659943733098412
G3541,90.15613252651333,23.659764195354555
G3658,90.16102955280842,23.659854041426755
G3659,90.16093208479346,23.664364813970682
G3776,90.16582930286272,23.66445452478379
G3542,90.156034890925,23.66427494872411
G3660,90.16083459257771,23.6688755835111
G3543,90.15593723109433,23.66878569908888
G3777,90.16573197826557,23.66896531346693
G3661,90.16073707615749,23.673386350047526
G3424,90.15123552445692,23.659674194884882
G3190,90.14144159322626,23.659493730765405
G3307,90.14633854668071,23.659584040020807
G3425,90.1511377212989,23.664184929047135
G3308,90.14624057595668,23.664094754942838
G3191,90.14134345493991,23.664004426414287
G3309,90.1461425809072,23.66860546685753
G3426,90.15103989385698,23.668695660203333
G3192,90.14124529228658,23.668515119054554
G3310,90.14604456152858,23.6731161757644
G3193,90.14114710526255,23.67302580868571
G3427,90.15094204212745,23.67320638835298
G3311,90.14594651781712,23.677626881662952
G3428,90.15084416610667,23.6777171134956
G3194,90.14104889386412,23.67753649530728
G3312,90.14584844976913,23.682137584552716
G3429,90.1507462657909,23.682227835630705
G3195,90.14095065808759,23.68204717891876
G3430,90.15064834117648,23.686738554757806
G3196,90.14085239792924,23.68655785951968
G3544,90.1558395470176,23.673296446448383
G3778,90.1656346295055,23.67347609914735
G3545,90.15574183869118,23.67780719080213
G3662,90.1606395355291,23.67789711357948
G3779,90.16553725657884,23.67798688182457
G3663,90.16054197068888,23.682407874106474
G3546,90.15564410611135,23.682317932149648
G3780,90.16543985948192,23.682497661498104
G3547,90.15554634927443,23.68682867049044
G3664,90.16044438163316,23.686918631628018
G3313,90.14575035738089,23.686648284433193
G3314,90.14565224064872,23.6911589813039
G3197,90.14075411338538,23.69106853710955
G3431,90.15055039225969,23.69124927087642
G3432,90.15045241903685,23.69575998398606
G3315,90.14555409956891,23.695669675164357
G3198,90.1406558044523,23.69557921168788
G3433,90.15035442150428,23.700270694086235
G3316,90.14545593413774,23.70018036601406
G3199,90.14055747112629,23.700089883254165
G3781,90.16534243821107,23.687008438167464
G3548,90.15544856817672,23.69133940582402
G3665,90.16034676835824,23.69142938614363
G3782,90.1652449927626,23.691519211832173
G3666,90.16024913086042,23.695940137652823
G3549,90.15535076281456,23.69585013814991
G3783,90.16514752313284,23.696029982491737
G3550,90.15525293318424,23.70036086746761
G3667,90.16015146913605,23.700450886155114
G3784,90.16505002931814,23.70054075014567
G3317,90.14535774435156,23.704691053852542
G3200,90.14045911340362,23.70460055180796
G3434,90.15025639965823,23.70478140117647
G3435,90.15015835349504,23.709292105256264
G3201,90.1403607312806,23.709111217348745
G3318,90.14525953020659,23.709201738679305
G3319,90.14516129169917,23.713712420493863
G3436,90.15006028301102,23.71380280632514
G3202,90.1402623247535,23.71362187987604
G3437,90.14996218820241,23.718313504382625
G3785,90.16495251131475,23.705051514793485
G3551,90.15515507928205,23.70487159377665
G3668,90.16005378318145,23.70496163165002
G3669,90.1599560729929,23.70947237413705
G3552,90.15505720110434,23.709382317076543
G3786,90.16485496911905,23.709562276434717
G3670,90.1598583385667,23.713983113615715
G3553,90.1549592986474,23.713893037366784
G3787,90.16475740272735,23.714073035068854
G3788,90.16465981213595,23.718583790695426
G0948,90.05104941820642,23.57387915277436
G0831,90.04721640645667,23.574090820619165
G0949,90.05060419591474,23.576222400546396
G0832,90.04735387385537,23.57478977217242
G1765,90.08453429638858,23.56430915099663
G1882,90.08831335360732,23.56528743970313
G2350,90.11094814010153,23.566178880605683
G2701,90.12400975103024,23.56572424714457
G2467,90.1143035795117,23.565936636623054
G2584,90.11907870342412,23.565868041103506
G2000,90.09432113074149,23.568812850613877
G1766,90.08467782291997,23.568188107918125
G1883,90.08955726827392,23.568293480366233
G1767,90.08457817069421,23.572698630101645
G1884,90.08947165409853,23.572790418363887
G2001,90.09436516225159,23.572882052897093
G1885,90.08937214381218,23.577300957176462
G1768,90.0844784936783,23.577209149270825
G2002,90.09426581869855,23.57739261132018
G1886,90.08927260877333,23.58181149297551
G1648,90.07987695903005,23.5638108689491
G1531,90.07620447372626,23.564575070246455
G1181,90.0622747503409,23.569817505513893
G1298,90.06551721826813,23.569278983811195
G1182,90.06029983345188,23.572538427129775
G1299,90.06500448539272,23.57232993982495
G1065,90.0554447211473,23.573280816241777
G1183,90.06001061574604,23.576747803423764
G1066,90.05511711499685,23.576655073012592
G1300,90.06490414149619,23.576840380091888
G1067,90.05530993770316,23.580890325572337
G1649,90.07978453099021,23.568096185604926
G1415,90.07021354063737,23.568476596591484
G1532,90.07490696644622,23.568020664442574
G1650,90.07968471208008,23.572606688113485
G1416,90.06989786938793,23.572422342971997
G1533,90.07479127829751,23.57251459240256
G1417,90.0697976922059,23.5769328030138
G1651,90.07958486833837,23.577117187606415
G1534,90.07469126783376,23.57702507218636
G1418,90.06969749010571,23.581443260036867
G2351,90.1092805116833,23.568817956767695
G2117,90.09921570856346,23.569407260641245
G2234,90.10437095689923,23.5695201883745
G2118,90.09925869511201,23.57297353369814
G2352,90.10904583478927,23.573156034091248
G2235,90.10415225263837,23.573064860763896
G2236,90.10405324256315,23.577575458309386
G2119,90.099159518296,23.577484111698862
G2353,90.10894699145855,23.577666651148636
G2237,90.10395420785964,23.582086052845252
G2702,90.12382504719103,23.568917953212082
G2468,90.11403809356409,23.568736414134147
G2585,90.11893155812928,23.56882726053053
G2703,90.123726728575,23.57342863161187
G2469,90.11393944152329,23.573247053677107
G2586,90.118833072799,23.57333791951834
G2587,90.11873456296843,23.577848575500877
G2704,90.12362838550008,23.577939307007668
G2470,90.11384076494078,23.5777576902135
G2705,90.1235300179626,23.582449979398987
G2003,90.0941664504344,23.581903166731042
G1769,90.08437879186849,23.581719665425197
G1887,90.0891730489782,23.586322025760552
G2004,90.09406705745543,23.586413719129197
G1770,90.08427906526099,23.586230178564247
G2005,90.09396763975786,23.590924268514133
G1771,90.08417931385205,23.590740688687486
G1888,90.08907346442308,23.590832555531076
G1772,90.08407953763793,23.59525119579442
G1889,90.0889738551042,23.595343082286607
G2120,90.09906031681032,23.581994686688663
G2354,90.10884812354097,23.58217726519768
G2238,90.10385514852418,23.586596644370985
G2121,90.09896109065122,23.586505258667042
G2355,90.10874923103285,23.58668787623789
G2239,90.10375606455297,23.5911072328861
G2122,90.09886183981497,23.59101582763351
G2356,90.10865031393041,23.591198484268777
G2240,90.10365695594233,23.59561781839011
G2357,90.10855137222998,23.595709089289848
G2588,90.11863602863387,23.58235922847765
G2471,90.11374206381285,23.58226832374285
G2589,90.1185374697916,23.586869878448177
G2706,90.12343162595883,23.586960648785343
G2472,90.11364333813579,23.586778954264656
G2473,90.11354458790588,23.591289581778426
G2590,90.1184388864379,23.59138052541195
G2707,90.12333320948507,23.59147131516623
G2591,90.11834027856908,23.595891169368493
G2474,90.11344581311938,23.595800206283677
G2123,90.09876256429786,23.595526393587576
G2124,90.09866326409609,23.600036956528758
G2241,90.1035578226885,23.60012840088253
G2358,90.1084524059278,23.600219691300623
G2125,90.09856393920596,23.604547516456545
G2242,90.10345866478774,23.604638980362857
G2359,90.10835341502016,23.604730290300598
G2243,90.10335948223633,23.609149556830616
G2126,90.09846458962373,23.609058073370466
G2360,90.10825439950332,23.609240886289296
G2708,90.12323476853763,23.59598197854118
G2709,90.12313630311276,23.600492638909696
G2592,90.11824164618139,23.600401810317315
G2475,90.1133470137726,23.60031082777992
G2710,90.1230378132068,23.605003296271285
G2593,90.11814298927115,23.604912448257917
G2476,90.11324818986179,23.604821446266655
G2594,90.11804430783464,23.60942308318983
G2711,90.12293929881602,23.609513950625463
G2477,90.11314934138325,23.60933206174341
G2127,90.09836521534564,23.613568627270023
G2361,90.10815535937355,23.613751479266217
G2244,90.10326027503054,23.613660130285293
G2362,90.10805629462713,23.618262069230877
G2128,90.09826581636797,23.618079178154723
G2245,90.10316104316661,23.61817070072642
G2129,90.09816639268695,23.622589726024074
G2363,90.10795720526032,23.622772656182782
G2246,90.10306178664084,23.622681268153496
G2364,90.10785809126938,23.62728324012144
G2712,90.1228407599367,23.61402460197174
G2595,90.11794560186812,23.613933715112545
G2478,90.11305046833324,23.61384267420967
G2713,90.12274219656513,23.618535250309616
G2479,90.11295157070803,23.61835328366497
G2596,90.11784687136786,23.618444344025583
G2714,90.1226436086976,23.62304589563862
G2480,90.11285264850393,23.6228638901088
G2597,90.11774811633019,23.622954969928454
G2598,90.11764933675136,23.62746559282066
G2715,90.1225449963304,23.627556537958252
G2481,90.11275370171718,23.62737449354069
G2716,90.12244635945981,23.632067177268027
G2599,90.11755053262762,23.631976212701723
G2482,90.11265473034405,23.631885093960133
G2483,90.1125557343808,23.636395691366648
G2717,90.1223476980821,23.636577813567452
G2600,90.11745170395528,23.636486829571147
G2601,90.11735285073063,23.640997443428443
G2484,90.11245671382375,23.64090628575975
G0950,90.05205610048817,23.579480042656794
G0951,90.05230988585605,23.587785436538255
G0835,90.04698883243668,23.59184593168472
G0952,90.05032902184817,23.59067587764216
G0836,90.04537384868306,23.59493204708954
G0953,90.04982001234482,23.5946036815972
G0719,90.04213916715906,23.59632683979343
G0720,90.04147019365037,23.599223393933833
G0954,90.04971904287058,23.59911404721744
G0837,90.0448247581296,23.599020909778204
G0838,90.04472359660468,23.60353125245772
G0721,90.04100854308821,23.603603459868342
G0955,90.04961804829354,23.603624409811207
G0956,90.04951702860991,23.60813476937802
G0722,90.04067249494653,23.607909100623168
G0839,90.04462240993175,23.608041592108968
G0840,90.04498359863217,23.611077039427787
G0723,90.04148723450314,23.610483391316478
G0957,90.04951761705864,23.61259619628386
G0841,90.04645071454651,23.61836177962531
G0958,90.04933787133518,23.61717357602815
G0842,90.04536083320441,23.62193707311351
G0959,90.04921381888146,23.621665829911763
G0843,90.04510781288336,23.625926776137337
G0259,90.02042146440843,23.632067756135093
G0026,90.01009799872217,23.635469970409456
G0260,90.01953723766556,23.634634969902518
G0143,90.01478469285517,23.63486170456753
G0027,90.00986066830569,23.638956884768653
G0261,90.01943483344303,23.63914498841469
G1301,90.06480377264008,23.58135081733877
G1184,90.0599100801378,23.581258220861606
G1185,90.05980951952482,23.585768635277592
G1068,90.05561820226224,23.586124727631468
G1302,90.06470337882064,23.585861251565124
G1186,90.0597089339033,23.59027904667123
G1069,90.05481493278482,23.590186256730362
G1303,90.0646029600341,23.59037168277043
G1187,90.05960832326943,23.594789455042026
G1070,90.05471415527835,23.594696645255297
G1535,90.07459123249326,23.58153554895273
G1652,90.07948499976132,23.581627684083227
G1419,90.06959726308361,23.585953714040706
G1536,90.07449117227226,23.58604602270118
G1653,90.0793851063452,23.58613817754341
G1654,90.0792851880862,23.590648667986482
G1537,90.07439108716697,23.590556493431205
G1420,90.06949701113578,23.590464165024805
G1655,90.0791852449806,23.595159155411945
G1421,90.0693967342585,23.594974612988697
G1304,90.06450251627663,23.594882110954217
G1188,90.05950768761946,23.599299860389493
G1305,90.06440204754446,23.599392536115968
G1071,90.05461335271434,23.59920703075559
G1189,90.05940702694957,23.60381026271312
G1072,90.05451252508898,23.60371741323073
G1306,90.06430155383384,23.603902958255212
G1190,90.05930634125598,23.608320662012435
G1073,90.05441167239847,23.60822779268023
G1307,90.06420103514097,23.60841337737145
G2006,90.093868197338,23.595434814885365
G2007,90.09376873019204,23.599945358242422
G1773,90.08397973661486,23.599761699884578
G1890,90.08887422101782,23.599853606026652
G1774,90.0838799107791,23.604272200957436
G1891,90.08877456216018,23.60436412675071
G2008,90.0936692383163,23.60445589858479
G1775,90.08378006012687,23.608782699012526
G1892,90.08867487852753,23.6088746444583
G2009,90.09356972170697,23.60896643591199
G1538,90.07429097717365,23.595066961142326
G1656,90.0790852770246,23.599669639819325
G1422,90.06929643244797,23.599485057931876
G1539,90.07419084228849,23.599577425834045
G1423,90.06919610570039,23.60399549985384
G1540,90.07409068250774,23.60408788750586
G1657,90.07898528421445,23.604180121208106
G1424,90.06909575401201,23.608505938754124
G1541,90.07399049782764,23.608598346157294
G1658,90.07888526654641,23.608690599577805
G1191,90.05920563053489,23.612831058286922
G1074,90.05431079463902,23.6127381691036
G1308,90.06410049146206,23.612923793464184
G1192,90.05910489478252,23.617341451536106
G1309,90.0639999227933,23.617434206532913
G1075,90.05420989180683,23.61724854250034
G1310,90.06389932913093,23.62194461657716
G1193,90.05900413399506,23.62185184175948
G1076,90.05410896389809,23.62175891286996
G1194,90.05890334816874,23.62636222895656
G1893,90.08857517011612,23.613385159148923
G2010,90.09347018036036,23.613476970223523
G1776,90.0836801846544,23.613293194049344
G1894,90.08847543692217,23.617895670822083
G2011,90.09337061427266,23.617987501518897
G1777,90.08358028435795,23.617803686067404
G1895,90.08837567894193,23.6224061794773
G1778,90.08348035923375,23.622314175066208
G2012,90.09327102344015,23.62249802979763
G1779,90.08338040927802,23.626824661045273
G1425,90.06899537737904,23.613016374632203
G1542,90.0738902882444,23.61310880178784
G1659,90.07878522401667,23.61320107492794
G1543,90.07379005375424,23.61761925439702
G1426,90.0688949757977,23.617526807487607
G1660,90.07868515662149,23.617711547257993
G1427,90.0687945492642,23.622037237319827
G1544,90.0736897943534,23.62212970398433
G1661,90.07858506435707,23.622222016567505
G1662,90.07848494721968,23.626732482855957
G1896,90.08827589617165,23.62691668511407
G2013,90.09317140785909,23.62700855505922
G1780,90.08328043448701,23.631335144004098
G2014,90.0930717675257,23.631519077303192
G1897,90.08817608860758,23.63142718773192
G1781,90.08318043485696,23.6358456239422
G2015,90.09297210243624,23.63602959652904
G1898,90.08807625624594,23.635937687330344
G1899,90.08797639908296,23.640448183908855
G1782,90.08308041038407,23.640356100859083
G1428,90.06869409777475,23.62654766412838
G1545,90.07358951003809,23.626640150549274
G1546,90.07348920080453,23.631150594091373
G1429,90.0685936213256,23.631058087912766
G1663,90.0783848052055,23.63124294612287
G1430,90.06849311991292,23.6355685086725
G1547,90.07338886664894,23.63566103461013
G1664,90.0782846383108,23.63575340636774
G1431,90.06839259353293,23.64007892640709
G1548,90.07328850756757,23.640171472105045
G0960,90.04911269873342,23.626176177365807
G0727,90.03924270743295,23.631066659229408
G0961,90.04901155345976,23.63068652179041
G0844,90.04423197000904,23.630810766248374
G0728,90.03911916526208,23.635010115443666
G0962,90.04891038305665,23.635196863185097
G0845,90.044014761572,23.635103566394875
G0729,90.03901763517038,23.63952041392539
G0963,90.04880918752029,23.639707201549367
G0493,90.02957155063373,23.631357408070105
G0610,90.03436856433123,23.63111784137585
G0376,90.02477969907119,23.631759406548678
G0611,90.03422359416838,23.634916510334648
G0377,90.02443252779555,23.634728837656002
G0494,90.02932804833239,23.634822751071027
G0612,90.03412189680476,23.639426788825766
G0378,90.0243304958996,23.63923907606721
G0144,90.01453919637247,23.63905074658428
G0028,90.00967650275719,23.643466376410824
G0262,90.01933260890067,23.643655203697712
G0145,90.01443680453205,23.643560941743786
G0029,90.01052385177599,23.646425332387288
G0263,90.01923035896846,23.64816541594136
G0146,90.01470555112995,23.64749169167555
G0264,90.01980046080234,23.65234878332128
G0147,90.01661683813592,23.650465113136104
G0846,90.04391339875606,23.63961388483432
G0964,90.04870796684688,23.644217536882717
G0730,90.03891607985867,23.644030709373546
G0847,90.04381201076158,23.64412420024152
G0731,90.03881449932305,23.64854100178766
G0965,90.04860672103258,23.64872786918466
G0848,90.0437105975847,23.648634512616002
G0732,90.03871289355975,23.653051291167216
G0966,90.04850545007358,23.653238198454705
G0849,90.04360915922165,23.653144821957248
G0495,90.02922618370067,23.639333009538642
G0613,90.03402017417962,23.643937064281985
G0379,90.02422843865912,23.64374931144086
G0496,90.02912429376593,23.643843264970023
G0380,90.0241263560703,23.648259543776472
G0614,90.0339184262891,23.648447336702823
G0497,90.02902237852433,23.648353517364697
G0381,90.02402424812927,23.65276977307354
G0615,90.03381665312936,23.652957606087785
G0498,90.02892043797203,23.65286376672216
G0265,90.02075624947308,23.656850887759024
G0266,90.02101355585687,23.66159098398919
G0267,90.02075505241706,23.666556534460067
G0967,90.04840415396608,23.657748524692348
G0850,90.04350769566857,23.657655128264775
G0733,90.0386112625649,23.65756157751172
G0734,90.03850960633469,23.66207186082069
G0968,90.04830283270621,23.66225884789711
G0851,90.04340620692162,23.662165431538096
G0735,90.03840792486528,23.666582141093617
G0969,90.04820148629021,23.666769168068484
G0852,90.043304692977,23.666675731776706
G0736,90.03830621815285,23.671092418330016
G0382,90.02392211483217,23.657279999331557
G0616,90.03371485469661,23.657467872436364
G0499,90.0288184721052,23.65737401304191
G0383,90.02381995617519,23.661790222550053
G0617,90.03361303098697,23.66197813574808
G0500,90.02871648091995,23.661884256323464
G0384,90.02371777215444,23.666300442728517
G0618,90.0335111819966,23.666488396022427
G0501,90.02861446441248,23.666394496566323
G0385,90.02352482298416,23.6706805328027
G0268,90.0199734988724,23.67069674405525
G0269,90.02069036078683,23.673310128013096
G0970,90.04810011471425,23.671279485205982
G0853,90.04320315383087,23.671186028980102
G0737,90.03820448619354,23.675602692529388
G0971,90.04799871797445,23.675789799309104
G0854,90.04310158947942,23.675696323147815
G0738,90.03811931355166,23.680094055921533
G0972,90.04789729606705,23.680300110377367
G0855,90.04299999991879,23.680206614279328
G0973,90.0477958489882,23.684810418410265
G0739,90.03860816184753,23.684799595322808
G2130,90.09806694429885,23.627100270877584
G2247,90.10296250544944,23.62719183256603
G2365,90.10775895265057,23.631793821046365
G2131,90.09796747119991,23.631610812714776
G2248,90.1028631995887,23.631702393963543
G2366,90.10765978940017,23.636304398957073
G2132,90.09786797338639,23.63612135153514
G2249,90.10276386905485,23.63621295234553
G2367,90.10756060151442,23.64081497385306
G2133,90.09776845085453,23.640631887338202
G2718,90.12224901219356,23.641088446856045
G2719,90.12215030179048,23.645599077133312
G2485,90.1123576686691,23.645416877138935
G2602,90.1172539729499,23.645508054273126
G2720,90.12205156686913,23.650109704398766
G2486,90.11225859891317,23.64992746550373
G2603,90.1171550706094,23.65001866210471
G2721,90.12195280742577,23.654620328651923
G2604,90.11705614370537,23.654529266922697
G2487,90.1121595045522,23.654438050853635
G2250,90.10266451384419,23.640723507711513
G2368,90.10746138898962,23.64532554573385
G2134,90.09766890360058,23.645142420123456
G2251,90.10256513395294,23.645234060060982
G2135,90.0975693316208,23.64965294989043
G2252,90.10246572937736,23.649744609393473
G2369,90.10736215182199,23.649836114598948
G2370,90.1072628900078,23.65434668044786
G2136,90.09746973491143,23.654163476638622
G2253,90.1023663001137,23.65425515570848
G3069,90.13693764350364,23.641360531661228
G3070,90.13683943525578,23.645871220038774
G2836,90.12704665514933,23.64568994571638
G2953,90.13194303298494,23.64578066001923
G2837,90.12694808765086,23.6502005923828
G3071,90.1367412026142,23.65038190540837
G2954,90.13184463291306,23.650291326053697
G3072,90.13664294557522,23.654892587769535
G2838,90.12684949567192,23.654711236038203
G2955,90.13174620840223,23.654801989078436
G2371,90.10716360354333,23.658857243280096
G2137,90.09737011346871,23.658674000367533
G2254,90.10226684615823,23.65876569900551
G2138,90.0972704672889,23.663184521076694
G2372,90.1070642924248,23.663367803095174
G2255,90.10216736750718,23.663276239284084
G2139,90.0971707963682,23.6676950387656
G2373,90.10696495664848,23.667878359892605
G2256,90.10206786415681,23.66778677654371
G2140,90.09707110070289,23.67220555343376
G2722,90.1218540234567,23.659130949892283
G2605,90.1169571922341,23.659039868726595
G2488,90.11206038558245,23.658948633188167
G2723,90.1217552149582,23.663641568119367
G2489,90.1119612420002,23.663459212506833
G2606,90.11685821619184,23.663550467515932
G2490,90.11186207380169,23.66796978880914
G2607,90.11675921557489,23.668061063290203
G2724,90.12165638192653,23.668152183332676
G2491,90.11176288098319,23.672480362094603
G2839,90.12675087920877,23.659221876682103
G3073,90.13654466413509,23.659403267121757
G2956,90.13164775944875,23.659312649092957
G2840,90.12665223825773,23.663732514314017
G3074,90.13644635829013,23.663913943464575
G2957,90.1315492860489,23.663823306096788
G2841,90.12655357281507,23.668243148933453
G3075,90.13634802803665,23.668424616797488
G2958,90.13145078819896,23.668333960089427
G3076,90.13624967337091,23.67293528712001
G2374,90.10686559621062,23.67238891367189
G2257,90.10196833610335,23.672297310783897
G2258,90.10186878334306,23.67680784200415
G2375,90.1067662111075,23.67689946443254
G2141,90.0969713802892,23.676716065080686
G2376,90.10666680133534,23.68141001217408
G2142,90.09687163512339,23.6812265737059
G2259,90.10176920587219,23.681318370203982
G2143,90.09677186520165,23.685737079308886
G2377,90.1065673668904,23.685920556896004
G2842,90.12645488287706,23.672753780539928
G2959,90.13135226589523,23.67284461107038
G2843,90.12635616843997,23.677264409132942
G3077,90.1361512942892,23.677445954431654
G2960,90.13125371913398,23.677355259039178
G2961,90.1311551479115,23.681865903995323
G3078,90.13605289078785,23.681956618731938
G2844,90.1262574295001,23.681775034712018
G2845,90.1261586660537,23.68628565727667
G3079,90.13595446286311,23.686467280020363
G2608,90.11666019037948,23.672571656048923
G2725,90.12155752435797,23.67266279553174
G2609,90.11656114060192,23.677082245791617
G2726,90.12145864224877,23.677173404716054
G2492,90.11166366354097,23.676990932362738
G2610,90.11646206623841,23.68159283251778
G2727,90.1213597355952,23.68168401088514
G2493,90.11156442147126,23.681501499613052
G2611,90.11636296728526,23.686103416226917
G2728,90.12126080439357,23.6861946140385
G1077,90.054008010909,23.626269280211964
G1311,90.06379871047115,23.626455023596417
G1195,90.05880253729973,23.630872613126844
G1078,90.05390703283575,23.63077964452586
G1312,90.06369806681016,23.6309654275902
G1079,90.05380602967456,23.635290005811147
G1313,90.06359739814418,23.635475828558015
G1196,90.05870170138422,23.635382994269843
G1080,90.05370500142159,23.639800364067337
G1314,90.0634967044694,23.63998622649937
G1197,90.05860084041846,23.639893372385067
G1081,90.05360394807305,23.64431071929393
G1315,90.06339598578205,23.64449662141376
G1198,90.05849995439861,23.644403747472012
G1316,90.06329524207833,23.64900701330071
G1082,90.05350286962513,23.64882107149045
G1199,90.05839904332089,23.648914119530193
G1083,90.05340176607402,23.653331420656386
G1317,90.0631944733544,23.65351740215972
G1200,90.05829810718147,23.653424488559118
G1665,90.07818444653178,23.640263863590096
G1432,90.06829204218188,23.64458934111603
G1549,90.07318812355658,23.644681906575627
G1666,90.07808422986466,23.644774317789423
G1433,90.06819146585593,23.64909975279884
G1667,90.07798398830566,23.64928476896525
G1550,90.07308771461221,23.6491923380214
G1668,90.07788372185102,23.65379521711706
G1434,90.06809086455132,23.653610161455017
G1551,90.0729872807307,23.65370276644185
G2016,90.09287241258694,23.640540112736275
G1783,90.0829803610646,23.64486657475425
G1900,90.0878765171149,23.644958677466956
G2017,90.09277269797407,23.645050625924405
G1901,90.087776610338,23.64946916800417
G1784,90.08288028689475,23.64937704562722
G2018,90.09267295859384,23.649561136092956
G1785,90.08278018787078,23.65388751347749
G1902,90.08767667874845,23.65397965551999
G2019,90.0925731944425,23.654071643241412
G1084,90.05330063741592,23.65784176679124
G1318,90.06309367960652,23.658027787990278
G1201,90.05819714597656,23.65793485455828
G1085,90.05319948364698,23.662352109894538
G1319,90.06299286083085,23.66253817079192
G1202,90.05809615970236,23.662445217527207
G1086,90.05309830476341,23.66686244996577
G1320,90.0628920170236,23.667048550564147
G1203,90.05799514835505,23.666955577465384
G1321,90.06279114818096,23.671558927306446
G1435,90.06799023826424,23.658120567084076
G1669,90.07778343049696,23.658305662244377
G1552,90.07288682190824,23.658213191836495
G1553,90.07278633814104,23.662723614204847
G1436,90.06788958699092,23.662630969685523
G1670,90.07768311423969,23.662816104346717
G1671,90.07758277307542,23.66732654342358
G1554,90.07268582942532,23.6672340335464
G1437,90.06778891072753,23.66714136925887
G1672,90.07748240700036,23.67183697947446
G1903,90.08757672234252,23.658490140013924
G1786,90.0826800639889,23.658397978304574
G2020,90.0924734055163,23.658582147369298
G2021,90.09237359181147,23.66309264847612
G1904,90.08747674111643,23.6630006214855
G1787,90.08257991524532,23.662908440107994
G1905,90.0873767350664,23.667511099934217
G1788,90.08247974163629,23.667418898887227
G2022,90.09227375332422,23.667603146561387
G1906,90.08727670418868,23.672021575359572
G1789,90.08237954315801,23.67192935464181
G2023,90.09217389005082,23.672113641624602
G1790,90.08227931980672,23.676439807371242
G1907,90.08717664847948,23.67653204776109
G2024,90.0920740019875,23.676624133665293
G1908,90.08707656793504,23.681042517138277
G2025,90.09197408913047,23.681134622682947
G1791,90.08217907157862,23.680950257075025
G1792,90.08207879846995,23.68546070375268
G1909,90.08697646255158,23.685552983490634
G1087,90.0529971007614,23.67137278700445
G1204,90.05789411193082,23.671465934372332
G1322,90.06269025429914,23.67606930101834
G1088,90.05289587163712,23.67588312101008
G1205,90.05779305042586,23.675976288247554
G1206,90.05769196383638,23.680486639090557
G1089,90.05279461738677,23.680393451982173
G1323,90.06258933537433,23.680579671699338
G1207,90.05759085215854,23.684996986900842
G1324,90.06248839140272,23.685090039348943
G1555,90.07258529575729,23.671744449860668
G1438,90.0676882094703,23.671651765803613
G1673,90.07738201601076,23.676347412498885
G1439,90.06758748321542,23.67616215931927
G1556,90.07248473713314,23.67625486314717
G1674,90.07728160010281,23.68085784249635
G1440,90.0674867319591,23.680672549805347
G1557,90.0723841535491,23.680765273405406
G1675,90.0771811592727,23.685368269466377
G1558,90.07228354500137,23.685275680634874
G0619,90.03340930772168,23.67099865325891
G0502,90.02859933976582,23.670836113853092
G0386,90.02206128719024,23.67356280673717
G0620,90.03330740815836,23.67550890745704
G0503,90.02958014885589,23.674478592022187
G0621,90.03332960254433,23.679566931615316
G0504,90.03044186547343,23.67891041057232
G0622,90.0352723796131,23.684045681725625
G0856,90.04289838514518,23.68471690237416
G0740,90.0384723334856,23.688730406838626
G0974,90.04769437673409,23.689320723407306
G0857,90.04279674515472,23.689227187431797
G0975,90.04759287930085,23.693831025368013
G0741,90.03857961108045,23.693515648599547
G0858,90.04290442877868,23.693584041066256
G0742,90.03894857913046,23.69942987826294
G0976,90.04749135668469,23.69834132429186
G0859,90.042593389508,23.698247748433573
G0623,90.03518569454592,23.6872192336768
G0860,90.04261303114905,23.70273350563403
G0743,90.0385170799218,23.70066780170271
G0977,90.04738980888177,23.70285162017839
G0978,90.04728823588826,23.707361913027075
G0861,90.04324033817711,23.706717802498844
G0979,90.04735154233833,23.710643464966477
G0862,90.04342285789637,23.71114504414895
G4366,90.18983308293313,23.687455151785663
G4250,90.18483813177708,23.691876968214412
G4484,90.19463484554021,23.692054918539633
G4367,90.189736476672,23.691966020701717
G4485,90.19453838319576,23.696565803409598
G4368,90.18963984643752,23.69647688661897
G4251,90.18474133365623,23.696387815146014
G4252,90.18464451151682,23.700898659077072
G4486,90.19444189691595,23.70107668528153
G4369,90.18954319222608,23.700987749536946
G4834,90.20942603041448,23.68780973960254
G4601,90.19953323834017,23.69214366172512
G4718,90.20443165503023,23.69223225025515
G4835,90.20933009556884,23.6923206841267
G4602,90.19943694388938,23.696654565514844
G4719,90.20433552847676,23.69674317293169
G4836,90.2092341369163,23.6968316256571
G4603,90.19934062554482,23.701165466307803
G4837,90.20913815445317,23.701342564193247
G4720,90.20423937807112,23.701254092612714
G5185,90.22412099110579,23.68807405687597
G4952,90.21422855991439,23.692408963336742
G5069,90.21912704802524,23.692497087882273
G5186,90.22402555985984,23.692585057760272
G4953,90.21413276916637,23.696919923688064
G5070,90.21903142518539,23.697008067021553
G5187,90.22393010493174,23.697096055654576
G5071,90.2189357786182,23.701519043169093
G5188,90.22383462631794,23.70160705055838
G4954,90.2140369546494,23.70143088104638
G4019,90.17475004011676,23.70523081687847
G3902,90.1698512636404,23.705141243203993
G4136,90.17964884070223,23.70532023581386
G3903,90.16975388944122,23.709652023966463
G4137,90.17955180250716,23.709831054719977
G4020,90.17465283391782,23.70974161672924
G4021,90.17455560360608,23.71425241357547
G3904,90.16965649108768,23.714162801723123
G4138,90.17945474024093,23.714341870622818
G4139,90.17935765389988,23.718852683521927
G4838,90.20904214817588,23.70585349973468
G4604,90.19924428330289,23.705676364103525
G4721,90.20414320380968,23.705765009297767
G4839,90.2089461180808,23.710364432280894
G4605,90.1991479171599,23.71018725890152
G4722,90.20404700568884,23.71027592298635
G4840,90.2088500641643,23.71487536183142
G4606,90.19905152711226,23.714698150701313
G4723,90.20395078370494,23.714786833677987
G4841,90.20875398642275,23.719386288385778
G5072,90.21884010832008,23.706030016324416
G5189,90.22373912401481,23.706118042471214
G4955,90.21394111635989,23.70594183541123
G4956,90.2138452542942,23.71045278678213
G5073,90.21832882938251,23.70996661048022
G5190,90.22326410249374,23.709062936834417
G4957,90.21332515136939,23.714745889906276
G5074,90.2164823158839,23.71304198586661
G4958,90.21225643178995,23.719003833596116
G4370,90.18944651403402,23.70549860945516
G4253,90.18454766535518,23.705409500007107
G4487,90.19434538669712,23.70558756415498
G4371,90.1893498118577,23.710009466373116
G4254,90.18445079516765,23.70992033793561
G4488,90.19424885253565,23.71009844002943
G4372,90.18925757602928,23.714505652430084
G4489,90.19415229442788,23.71460931290442
G4255,90.1843539009506,23.714431172862128
G4256,90.18425698270033,23.71894200478617
G4022,90.1744583491779,23.718763207416682
G3905,90.16955906857605,23.7186735764735
G4023,90.17436107062962,23.7232739982524
G3906,90.16946162190268,23.723184348217092
G4140,90.17900169779607,23.723070541515572
G4024,90.17403666811384,23.726031969533423
G4141,90.17722627124154,23.72576996091212
G3907,90.16952726712236,23.72619610227319
G4959,90.21136722017556,23.72190917062776
G4607,90.1989551131563,23.719209039502413
G4724,90.20385453785437,23.71929774137219
G4725,90.20450122299869,23.72343380792277
G4608,90.19875824608212,23.72238744728274
G4842,90.20816074264164,23.72323294598985
G5416,90.23420289495549,23.6747163624094
G5299,90.22930500705816,23.674628776619468
G5534,90.23900594947392,23.67931485955845
G5417,90.23410787023586,23.679227409662065
G5300,90.22920981458594,23.679139805188
G5535,90.2389110689639,23.683825922477478
G5301,90.229114598484,23.683650830769217
G5418,90.23401282192809,23.683738453928658
G5419,90.23391775002857,23.68824949520869
G5302,90.22901935874872,23.68816185336262
G5536,90.23881616490375,23.688336982411187
G5420,90.23382265453375,23.692760533501684
G5303,90.22892409537653,23.692672872967748
G5537,90.23872123728988,23.692848039359106
G5421,90.23372753544001,23.697271568807164
G5304,90.22882880836382,23.69718388958411
G5538,90.2386262861187,23.697359093320745
G5422,90.23363239274379,23.70178260112464
G5305,90.228733497707,23.701694903211223
G5539,90.23853131138664,23.701870144295622
G5653,90.24371460333265,23.688424314967126
G5654,90.24361984360331,23.692935390537006
G5888,90.25341712673564,23.69310962884235
G5771,90.24851847343243,23.693022587032413
G5889,90.25332267935362,23.69762073857475
G5772,90.24842385811712,23.697533678207517
G5655,90.24352506035828,23.697446463121857
G5890,90.25322820853556,23.702131845324107
G5773,90.24832921932416,23.702044766398334
G5656,90.24343025359397,23.701957532721185
G5423,90.23353722644146,23.70629363045364
G5306,90.22863816340248,23.706205913848624
G5540,90.2384363130901,23.706381192283267
G5307,90.2290069794692,23.70952793988628
G5424,90.23364126885777,23.710467718565674
G5541,90.23834129122552,23.710892237283204
G5542,90.23843040175537,23.71437595009816
G5425,90.2357236137586,23.71313279440177
G5891,90.25313371427791,23.70664294908995
G5774,90.24823455704997,23.706555851604406
G5657,90.24333542330682,23.70646859933452
G5658,90.24324056949325,23.710979662961385
G5892,90.25303919657709,23.7111540498718
G5775,90.24813987129097,23.71106693382524
G5776,90.24802910936305,23.71405278671173
G5893,90.25295768798458,23.71408085896191
G5659,90.24300460700861,23.714225134173144
G5894,90.2547996772999,23.721026528066865
G5778,90.24967504151469,23.726401909525425
G5895,90.25315716282648,23.725029020418027
G5662,90.24386485086393,23.73044122637325
G5779,90.2479684195154,23.72936900857557
G5896,90.2526608912707,23.72919842314963
G5780,90.24766609009887,23.73362230013415
G5663,90.2427830239636,23.73355109600616
G5546,90.23958575741948,23.734461906128754
G5897,90.25256625630047,23.733709509004324
G5664,90.24267095235615,23.738045981979813
G5781,90.24757126335598,23.738133364433537
G5898,90.25247159786565,23.73822059187214
G5782,90.24747641310323,23.742644425744327
G5665,90.24257593375724,23.742557024687947
G5899,90.25237691596266,23.74273167175261
G5900,90.2522822105879,23.74724274864526
G5783,90.24738153933704,23.74715548406606
G5666,90.24248089160321,23.74706806440578
G5547,90.23783044402627,23.738047077444982
G5430,90.2329804565158,23.738393980130034
G5313,90.22814435548554,23.73874622500914
G5314,90.22787463721664,23.742293891260125
G5431,90.23277504577226,23.74238175744285
G5548,90.23767547796636,23.74246946858646
G5549,90.23758026742807,23.74698048966742
G5315,90.22777908992063,23.7468048749684
G5432,90.23267966685331,23.74689275985396
G5667,90.2423858258905,23.75157910113284
G5901,90.25218748173782,23.751753822549617
G5784,90.24728664205385,23.751666539398254
G5668,90.24229073661546,23.75609013486863
G5902,90.25209272940884,23.756264893465183
G5785,90.24719172125006,23.756177591740425
G5669,90.24219562377456,23.76060116561268
G5903,90.25199795359737,23.76077596139151
G5786,90.24709677692208,23.76068864109211
G5670,90.24210048736418,23.765112193364516
G4373,90.1896061592642,23.71882613263139
G4490,90.19405571237019,23.719120182779456
G4257,90.18397810646697,23.72180430292593
G4491,90.19437217569114,23.721986088615978
G4374,90.19085663892697,23.72177351472349
G5196,90.22457947983357,23.739333551082183
G5197,90.22326992699712,23.742425956067486
G5080,90.22018348884671,23.74394926548659
G5198,90.2228785366717,23.746716835013753
G5081,90.21973155314944,23.746949068335535
G3320,90.14506302882558,23.718223099295745
G3203,90.14016389381862,23.71813253938937
G3321,90.14496474158211,23.722733775084443
G3438,90.14986406906557,23.722824199428207
G3204,90.14006543847223,23.722643195888224
G3205,90.13996695871064,23.727153849372144
G3439,90.14976592559675,23.727334891461417
G3322,90.14486642996505,23.727244447859484
G3323,90.14476809397068,23.73175511762037
G3440,90.14966775779229,23.73184558048176
G3671,90.15976057989923,23.718493850085547
G3554,90.1548613719075,23.718403754646918
G3789,90.16456308260172,23.723093239681475
G3672,90.15966279698674,23.723004583546047
G3555,90.15476342088098,23.722914468916432
G3790,90.16599757534742,23.725622845959894
G3673,90.15810565441247,23.726450780926115
G3556,90.15466345100246,23.727423309905145
G3557,90.15412204805747,23.731810728296583
G3558,90.15439121851688,23.736513180471793
G3675,90.15768089501883,23.737532451073577
G3676,90.15744230330867,23.74035420424927
G3559,90.15437137383464,23.740957295878715
G3560,90.15418567786413,23.745247608856356
G3677,90.15698511019762,23.74424409216223
G3206,90.1398684545301,23.73166449984063
G3441,90.14956956564845,23.73635626648877
G3207,90.1397699259269,23.736175147293203
G3324,90.14466973359531,23.736265784366644
G3442,90.14947134916152,23.740866949481934
G3325,90.14457134883521,23.74077644809778
G3208,90.13967137289733,23.74068579172935
G3443,90.14929944636896,23.7450192569611
G3326,90.14467961578846,23.745100636153225
G3209,90.13954642973813,23.744605763653134
G3327,90.14589414678268,23.747806669947696
G3444,90.14712955178553,23.74768694840508
G5082,90.21966261502843,23.750364458945782
G5199,90.22280438742395,23.75120858157726
G5200,90.22386664029808,23.75507313749654
G5201,90.22493683543807,23.758348017246764
G5550,90.2374850332894,23.751491507756356
G5316,90.22768351894089,23.751315855682165
G5433,90.23258426429231,23.7514037592718
G5551,90.23738977554676,23.756002522852782
G5317,90.22758792427378,23.755826833400917
G5434,90.23248883808564,23.755914755695873
G5318,90.22762885290642,23.76029376620509
G5435,90.23239338822967,23.760425749125726
G5552,90.23729449419653,23.76051353495622
G5319,90.22817082485551,23.764483429462985
G5787,90.24700180906633,23.765199687452807
G5904,90.25190315429982,23.76528702632809
G5671,90.24200532738072,23.76962321812365
G5905,90.25180833151265,23.769798088274456
G5788,90.24690681767922,23.769710730822055
G5789,90.24681180275714,23.77422177119937
G5906,90.25171348523222,23.77430914723014
G5672,90.2419101438206,23.774134239889612
G5790,90.24671676429651,23.778732808584277
G5673,90.24229079995206,23.778390962831757
G5436,90.23229791472083,23.76493673956086
G5553,90.23719918923511,23.7650245440662
G5320,90.22929323560888,23.767820753071653
G5437,90.2324410741755,23.769275871703872
G5554,90.23710386065892,23.769535550182233
G5438,90.23347722452573,23.77339595001209
G5555,90.23700850846433,23.77404655330384
G5439,90.23446643887956,23.77630695054673
G6021,90.25680452302299,23.76537420998737
G6255,90.26660733077141,23.76554811164604
G6139,90.26161142961749,23.769972337429323
G6022,90.25670986883931,23.769885290477873
G6256,90.26651301380548,23.77005922912583
G6140,90.26151692063111,23.774483433442754
G6023,90.25661519120412,23.774396367978927
G6257,90.26641867347146,23.774570343618645
G6141,90.26142238823135,23.778994526467496
G6024,90.25652049011383,23.778907442490052
G5907,90.25161861545497,23.778820203194652
G5791,90.24662170229375,23.78324384297629
G5674,90.24312031618919,23.783009299019376
G5908,90.25152372217732,23.783331256167518
G5792,90.24652661674527,23.787754874374947
G5675,90.24342887729219,23.787383408916543
G5909,90.25142880539566,23.787842306148264
G5793,90.24649729993655,23.792218232993218
G5676,90.24367214093022,23.79098990301883
G5910,90.25133386510643,23.79235335313641
G5556,90.23723249292166,23.7776882151711
G4044,90.17292966781547,23.81910380147579
G4045,90.17329121810474,23.822553174279406
G3578,90.15209357033773,23.828502607990625
G3579,90.15276875198539,23.831140279998838
G3696,90.15684317538545,23.83297585504467
G3813,90.16306018610716,23.832445671684862
G3580,90.15254668490269,23.835805216183374
G3697,90.15721033372824,23.83577194060867
G3814,90.16211395057302,23.835862379743432
G4162,90.17720914644944,23.82329423948667
G3929,90.16797686711455,23.828770192368886
G4046,90.17277890245671,23.82731886651944
G4163,90.17702034972014,23.82711129071898
G4047,90.1720191398676,23.831532075400876
G3930,90.16714217674159,23.831466868642828
G4164,90.17692266031418,23.831622028367295
G3931,90.16701759171737,23.835952663188856
G4048,90.17192125711952,23.836042790941836
G4165,90.17682494673768,23.836132762999302
G4630,90.19567534864575,23.823954929510137
G4512,90.18951985540022,23.82051950149212
G4278,90.18399407893878,23.820208241688626
G4395,90.18654961699882,23.81976261917935
G4396,90.18692445186443,23.8227799128294
G4513,90.19168500440944,23.823211015111077
G4631,90.1957369114308,23.827378914864138
G4749,90.20144574060926,23.832380927100253
G4866,90.2039300288997,23.831724467125955
G4632,90.19641266969776,23.832118162202867
G4633,90.19643994653445,23.836491094212548
G4867,90.2065493636243,23.83758556407127
G4750,90.20116533613947,23.83660829898161
G4279,90.18215234117302,23.822895079781343
G4514,90.19173054850425,23.82738015854122
G4280,90.18192372520375,23.827201068963056
G4397,90.18682712481238,23.82729069157149
G4515,90.19163336650982,23.831890953260785
G4281,90.18182620493127,23.83171182566813
G4398,90.18672977367707,23.83180146730032
G4516,90.19153616047024,23.836401744967862
G4282,90.18172866053006,23.836222579358175
G4399,90.18663239845483,23.83631224001538
G4751,90.20124686497722,23.841091114328023
G4634,90.19634288567418,23.841001901866928
G4868,90.20615086824914,23.841180171042197
G4869,90.20605412192909,23.84569101350842
G4635,90.19624580080324,23.845512706509133
G4752,90.20114994937988,23.84560193789875
G4870,90.2059573516783,23.850201852964535
G4636,90.19614869191793,23.85002350813869
G4753,90.20105300981001,23.85011275845809
G4637,90.19605155901458,23.85453430675511
G5794,90.2468482635619,23.796701198676935
G5911,90.25123890130604,23.79686439713147
G5795,90.24718665825738,23.801256455530375
G5912,90.25114391399089,23.801375438132983
G5796,90.24753669637899,23.80540352129683
G5913,90.25104890315737,23.805886476140458
G5797,90.24804863616674,23.810247685569486
G5914,90.2509538688019,23.810397511153425
G5798,90.24763502910189,23.815162240547007
G5915,90.25085881092089,23.814908543171406
G5916,90.25076372951077,23.81941957219392
G5799,90.24744377921473,23.81927062571253
G5800,90.24741489915418,23.82390129005371
G6031,90.25585692543831,23.810484880309865
G6032,90.25576203657829,23.814995930884397
G6149,90.26066528572305,23.815083163015384
G6150,90.26057054244205,23.819594229120458
G6033,90.25566712423092,23.819506978464698
G6151,90.2604757757119,23.824105292232083
G6034,90.25557218839262,23.824018023050304
G5917,90.25066862456788,23.823930598220496
G6152,90.260380985529,23.82861635234977
G5918,90.25057349608868,23.828441621250647
G5218,90.22277674086634,23.838645584906505
G4984,90.20973514265292,23.838253831000348
G5568,90.23593332473274,23.833779266166033
G5451,90.23184625772085,23.834406260831386
G5452,90.23077007612147,23.837115103224313
G5335,90.22616413232606,23.837586586604075
G5336,90.2257671201894,23.841534840368908
G5801,90.24729762083358,23.82844516060112
G5802,90.24696307604235,23.83293708189089
G5685,90.24005962236484,23.83379551759359
G5803,90.2457308469313,23.83773806371031
G5569,90.23567109578923,23.837200282323995
G5686,90.24057183863872,23.83729107925438
G5804,90.2453837522868,23.841887017502287
G5570,90.23557538888572,23.841711240471845
G5687,90.24047955876907,23.84179920687263
G6035,90.25547722905976,23.828529064640737
G6153,90.26028617188977,23.833127409473047
G6036,90.2553822462288,23.833040103235508
G5919,90.25047834406953,23.8329526412839
G6154,90.26019133479065,23.837638463601426
G6037,90.25528723989609,23.83755113883415
G5920,90.25038316850687,23.837463658319777
G6038,90.25519221005808,23.842062171436197
G5921,90.25028796939708,23.841974672357807
G6155,90.260096474228,23.842149514734462
G5219,90.22098602103402,23.8416157661113
G4985,90.210998944857,23.841327202315505
G5102,90.21591334865353,23.841847050692017
G5103,90.21586253877786,23.845868697375785
G5220,90.22076678299379,23.8459573056274
G4986,90.21095831840901,23.845779933335116
G5104,90.21576610717626,23.850379574526364
G4987,90.210861717481,23.850290791654967
G4988,90.2107650926604,23.8548016469655
G5105,90.2156696517239,23.85489044866888
G3463,90.14971921095031,23.837632967796676
G3932,90.16691951554361,23.8404633565864
G4049,90.17182335015544,23.840553503464726
G4166,90.17672720898697,23.840643494614515
G3933,90.16682141510834,23.844974046964108
G4050,90.17172541897165,23.845064212969056
G4167,90.17662944705837,23.84515422321246
G4168,90.17653166094816,23.849664948792647
G3934,90.16672329040784,23.849484734321496
G4051,90.17162746356445,23.84957491945435
G3935,90.16662514143842,23.853995418658084
G3698,90.15711191914627,23.840282595656497
G3581,90.15220815744438,23.840191981611095
G3815,90.16201570519328,23.840373053982624
G3816,90.16191743551025,23.8448837252007
G3699,90.1570134802192,23.84479324768191
G3582,90.15210954927697,23.844702614410853
G3583,90.15201091671894,23.84921324418642
G3700,90.15691501694327,23.849303896684436
G3817,90.16181914152018,23.849394393397162
G3818,90.16172082321938,23.85390505857154
G3464,90.14904080180693,23.840755785041
G3465,90.1477979076272,23.844923300956886
G3348,90.144649379613,23.846758517533203
G3349,90.14311919442417,23.849695616267184
G3466,90.14710684088895,23.849122435906203
G3350,90.14213039081038,23.85356617718229
G3701,90.15681652931481,23.85381454266359
G3584,90.15191225976653,23.853723870937323
G3585,90.15181357841601,23.858234494663066
G3702,90.15671801733005,23.858325185618867
G3819,90.16162248060411,23.858415720723336
G3586,90.15171487266367,23.86274511536318
G3820,90.16152411367064,23.86292637985208
G3703,90.15661948098527,23.86283582554981
G3587,90.15161614250574,23.867255733037176
G3704,90.15652092027676,23.867346462455924
G3467,90.14700801461635,23.853633043395842
G3233,90.13888374417698,23.8545346256579
G3468,90.14690916390381,23.85814364785904
G3351,90.14200477383527,23.858052645209888
G3234,90.1374842362077,23.858247329886243
G3352,90.14190572927899,23.86256322734928
G3469,90.14681028874763,23.862654249295304
G3235,90.13700119429959,23.86247204952823
G3470,90.14671138914404,23.867164847704153
G3353,90.14180666023348,23.86707380645997
G4052,90.17152948393012,23.85408562292013
G4169,90.17643385065264,23.854175671354596
G4170,90.1763360161681,23.858686390897823
G3936,90.16652696819635,23.85850609997338
G4053,90.17143148006495,23.858596323365905
G3937,90.1664287706779,23.863016778266907
G4171,90.17623815749086,23.863197107421843
G4054,90.17133345196525,23.863107020791187
G4172,90.17614027461718,23.867707820926185
G3938,90.16633054887939,23.867527453538184
G3236,90.13690195581589,23.866982609307733
G3471,90.1466124650893,23.871675443085106
G3354,90.141707566695,23.87158438254146
G3237,90.1368026927974,23.871493166056737
G3472,90.14651351657969,23.87618603543768
G3355,90.14160844865978,23.87609495559328
G3238,90.13670340524034,23.87600371977478
G3473,90.14641454361143,23.880696624761388
G3356,90.14150930612409,23.880605525614932
G3239,90.13660409314096,23.88051427046135
G3821,90.16142572241525,23.86743703595729
G3588,90.15151738793853,23.871766347684563
G3705,90.15642233520077,23.87185709633672
G3822,90.16132730683422,23.871947689038468
G3706,90.15632372575358,23.876367727191724
G3823,90.16122886692385,23.87645833909515
G3589,90.15141860895824,23.876276959304867
G3707,90.15622509193143,23.880878355020446
G3590,90.15131980556117,23.8807875678976
G3824,90.16113040268037,23.880968986126838
G3708,90.15612643373063,23.885388979822405
G3825,90.16103191410008,23.88547963013305
G3591,90.15122097774358,23.88529817346227
G3826,90.16093340117924,23.88999027111331
G3592,90.15112212550171,23.8898087759984
G3709,90.1560277511474,23.889899601597122
G3710,90.15592904417804,23.894410220344106
G3593,90.15102324883183,23.89431937550551
G3827,90.16083486391412,23.894500909067126
G3711,90.15583031281878,23.89892083606287
G4283,90.18163109199642,23.840733330032705
G4517,90.19143893038184,23.840912533661978
G4400,90.18653499914198,23.840823009716217
G4284,90.1815334993267,23.84524407769124
G4518,90.19134167624095,23.845423319342647
G4401,90.18643757573483,23.845333776402327
G4285,90.18143588251718,23.849754822333296
G4519,90.19124439804388,23.849934102009392
G4402,90.18634012822969,23.849844540073235
G4520,90.19114709578696,23.854444881661728
G4286,90.18133824156416,23.8542655639584
G4403,90.18624265662288,23.854355300728468
G4404,90.1861451609107,23.858866058367525
G4287,90.18124057646395,23.85877630256605
G4521,90.19104976946649,23.858955658299166
G4288,90.18114288721287,23.863287038155786
G4405,90.18604764108946,23.86337681298994
G4522,90.19095241907881,23.863466431921243
G4523,90.19085504462022,23.867977202527467
G4406,90.1859500971555,23.867887564595232
G4871,90.20586055749312,23.854712689410054
G4754,90.20095604626391,23.85462357600557
G4638,90.19595440208951,23.859045102357914
G4872,90.20576373936989,23.85922352284449
G4755,90.20085905873792,23.859134390540707
G4639,90.19585722113906,23.863555894946614
G4756,90.20076204722837,23.86364520206301
G4640,90.19576001615954,23.86806668452075
G4757,90.20066501173162,23.868156010572015
G4641,90.19566278714727,23.872577471079815
G5106,90.21557317241714,23.859401319802842
G4989,90.21066844394358,23.859312499266217
G5107,90.21547666925234,23.86391218792778
G4990,90.21057177132685,23.86382334855664
G4873,90.20566689730492,23.86373435326737
G4991,90.21047507480661,23.8683341948363
G4874,90.20557003129457,23.868245180678215
G5108,90.21538014222583,23.868423053043212
G4992,90.21037835437915,23.8728450381047
G5109,90.21528359133397,23.87293391514866
G4055,90.1712353996273,23.86761771519551
G4056,90.17113732304739,23.872128406578376
G4173,90.17604236754342,23.872218531410343
G3939,90.16623230279706,23.87203812578672
G4057,90.17103922222181,23.876639094939314
G4174,90.17594443626581,23.876729238873867
G3940,90.16613403242721,23.87654879501205
G4058,90.17094109714684,23.881149780277834
G3941,90.16603573776612,23.88105946121366
G4175,90.17584648078066,23.881239943316253
G4289,90.18104517380719,23.86779777072712
G4407,90.18585252910508,23.87239831318291
G4524,90.19075764608704,23.87248797011736
G4290,90.18094743624326,23.872308500279548
G4408,90.18575493693453,23.876909058752503
G4291,90.18084967451733,23.876819226812625
G4292,90.18075188862572,23.881329950325842
G4409,90.18565732064017,23.88141980130352
G4293,90.18065407856473,23.88584067081873
G4410,90.18555968021826,23.885930540835492
G4758,90.20056795224394,23.872666816067227
G4759,90.20047086876168,23.877177618548174
G4525,90.19066022347558,23.87699873469044
G4642,90.19556553409858,23.877088254623345
G4760,90.20037376128118,23.881688418014377
G4526,90.19056277678213,23.881509496246213
G4643,90.19546825700976,23.881599035150856
G4761,90.20027662979875,23.88619921446535
G4527,90.19046530600305,23.88602025478422
G4644,90.19537095587715,23.886109812661864
G4875,90.20547314133518,23.872756005076543
G4993,90.21028161004081,23.87735587836138
G5110,90.2151870165731,23.87744477424365
G4876,90.20537622742306,23.87726682646187
G4994,90.21018484178795,23.881866715605845
G5111,90.21509041793955,23.881955630327692
G4877,90.20527928955453,23.88177764483373
G4995,90.21008804961689,23.88637754983762
G5112,90.21499379542969,23.88646648340031
G4878,90.20518232772595,23.88628846019162
G4059,90.17084294781877,23.88566046259345
G4176,90.17574850108427,23.885750644737026
G3942,90.16593741881007,23.885570124391098
G4060,90.17074477423387,23.890171141885695
G3943,90.16583907555535,23.890080784543866
G4061,90.17064657638844,23.89468181815407
G3944,90.16574070799821,23.894591441671487
G4062,90.17054835427875,23.899192491398104
G3945,90.16564231613494,23.89910209577347
G3946,90.1655438999618,23.90361274684934
G4996,90.20999123352398,23.890888381056236
G5113,90.21489714903984,23.89097733346103
G4879,90.20508534193364,23.89079927253508
G4997,90.20989439350552,23.895399209261193
G5114,90.21480047876634,23.895488180509368
G4880,90.20498833217391,23.89531008186362
G4998,90.20979752955789,23.899910034452027
G5115,90.21470378460552,23.89999902454484
G4881,90.2048912984431,23.89982088817677
G4882,90.20479424073754,23.904331691474034
G2260,90.10166960368697,23.685828895382905
G2144,90.09667207052024,23.690247581889178
G2261,90.10156997678365,23.69033941754043
G2378,90.10646790776892,23.690431098597823
G2145,90.0965722510754,23.694758081446274
G2262,90.10147032515847,23.694849936676064
G2379,90.10636842396715,23.694941637279072
G2146,90.09647240686337,23.699268577979684
G2263,90.10137064880767,23.69936045278931
G2380,90.10626891548137,23.69945217293923
G2962,90.13105655222407,23.686376545938323
G2846,90.12605987809705,23.6907962768264
G3080,90.13585601051126,23.69097793829645
G2963,90.13095793206797,23.6908871848677
G2964,90.13085928743948,23.695397820782965
G3081,90.13575753372862,23.695488593559713
G2847,90.12596106562643,23.69530689336073
G2848,90.12586222863813,23.69981750687916
G2965,90.13076061833488,23.69990845368362
G3082,90.13565903251146,23.69999924580966
G2494,90.11146515477034,23.686012063845048
G2729,90.12116184864011,23.69070521417565
G2612,90.11626384373872,23.69061399691856
G2495,90.11136586343446,23.690522625058243
G2730,90.12106286833111,23.69521581129611
G2613,90.11616469559506,23.695124574592214
G2496,90.11126654745988,23.695033183252164
G2731,90.1209638634628,23.699726405399378
G2614,90.1160655228505,23.699635149247378
G2497,90.11116720684284,23.699543738426286
G2147,90.09637253788037,23.703779071488935
G2264,90.1012709477275,23.7038709658797
G2381,90.10616938230777,23.70396270557782
G2382,90.10606982444263,23.708473235194358
G2265,90.10117122191417,23.708381475946727
G2148,90.09627264412264,23.70828956197351
G2266,90.10107147136395,23.7128919829899
G2383,90.10597024188218,23.712983761788344
G2149,90.09617272558638,23.71280004943293
G2267,90.10097169607305,23.717402487008744
G2849,90.12576336712839,23.704328117381216
G3083,90.13556050685604,23.704509895045813
G2966,90.13066192475043,23.7044190835692
G2967,90.13056320668242,23.708929710439193
G3084,90.13546195675866,23.709020541267677
G2850,90.12566448109347,23.7088387248664
G2851,90.12556557052967,23.713349329334225
G2968,90.13046446412713,23.71344033429312
G3085,90.13536338221562,23.713531184474757
G2852,90.12546663543324,23.71785993078421
G2615,90.11596632550136,23.704145720883577
G2498,90.1110678415796,23.704054290580157
G2732,90.12086483403148,23.704236996484976
G2733,90.12076578003341,23.708747584552405
G2616,90.11586710354385,23.70865628950032
G2499,90.11096845166638,23.708564839713265
G2734,90.12066670146483,23.713258169601186
G2617,90.11576785697422,23.713166855097114
G2500,90.11086903709948,23.713075385825125
G2501,90.11052381942946,23.7165100633151
G2969,90.13036569708083,23.7179509551305
G3086,90.13526478322316,23.71804182466658
G2853,90.12536767580045,23.722370529215866
G2970,90.13026690553978,23.72246157295084
G3087,90.13516615977758,23.72255246184266
G2854,90.12526869162755,23.7268811246287
G2971,90.13016808950026,23.726972187753653
G3088,90.13506751187516,23.727063096002503
G3089,90.13496883951217,23.731573727145623
G2972,90.13006924895852,23.73148279953845
G2384,90.10570918352954,23.71716749495377
G2150,90.09607278226787,23.717310533866716
G2268,90.10087189603772,23.721912988002753
G2385,90.10429588931058,23.722019603750645
G2151,90.09597281416329,23.721821015274358
G2269,90.10077207125416,23.72642348597145
G2386,90.10483621707597,23.726990278150396
G2152,90.09587282126891,23.726331493655387
G2387,90.10404878969702,23.728949529275383
G2153,90.09634383575722,23.729072664695217
G2618,90.11622342847994,23.71705370740965
G2735,90.12056759832201,23.717768751630835
G2619,90.11766074534154,23.72248816043622
G2736,90.12046847060121,23.722279330640852
G2620,90.1174225237597,23.724847692223403
G2503,90.10809368372355,23.727957220340183
G2737,90.12120612537784,23.726079932965078
G2270,90.10045421089313,23.729329055499484
G1090,90.0526933380065,23.684903779920226
G1208,90.05748971538853,23.689507331677923
G1325,90.06238742238052,23.689600403966658
G1091,90.05259203349254,23.689414104823744
G1326,90.06228642830388,23.694110765552
G1209,90.05738855352256,23.694017673421314
G1092,90.05249070384102,23.69392442669225
G1210,90.05728736655676,23.6985280121305
G1327,90.06218540916903,23.698621124104466
G1093,90.05238934904814,23.69843474552523
G1441,90.06738595569752,23.685182937261345
G1676,90.07708069351668,23.68987869340846
G1559,90.07218291148614,23.689786084835095
G1442,90.06728515442691,23.68969332168677
G1560,90.07208225299965,23.69429648600558
G1443,90.06718432814344,23.694203703081147
G1677,90.07698020283092,23.694389114322124
G1444,90.06708347684331,23.698714081443963
G1678,90.07687968721169,23.69889953220686
G1561,90.07198156953807,23.69880688414582
G2026,90.09187415147599,23.685645108677083
G1793,90.08197850047691,23.689971147403707
G1910,90.0868763323253,23.690063446817675
G2027,90.09177418902027,23.690155591647212
G1794,90.08187817759573,23.694481588027624
G1911,90.08677617725246,23.694573907118908
G2028,90.09167420175955,23.69466607159284
G1795,90.08177782982261,23.69899202562392
G1912,90.08667599732925,23.699084364393844
G2029,90.09157418969005,23.699176548513485
G1328,90.06208436497212,23.703131479623575
G1211,90.05718615448738,23.703038347805002
G1094,90.05228796911007,23.70294506132221
G1329,90.06198329570938,23.707641832108827
G1095,90.05218656402299,23.707455374082688
G1212,90.05708491731056,23.707548680444333
G1330,90.06188220137697,23.712152181559716
G1096,90.05232666858404,23.71178608973203
G1213,90.05698365502249,23.712059010047984
G1331,90.0617810819711,23.716662527975778
G1562,90.0718808610976,23.703317279255334
G1445,90.06698260052272,23.703224456774745
G1679,90.07677914665514,23.703409947062184
G1563,90.07178012767444,23.70782767133363
G1446,90.06688169917788,23.707734829072983
G1680,90.0766785811575,23.707920358887606
G1681,90.07657799071497,23.71243076768263
G1564,90.07167936926483,23.712338060380215
G1447,90.06678077280496,23.71224519833818
G1682,90.07648222165234,23.716909076233698
G1913,90.08657579255193,23.703594818642
G1796,90.08167745715377,23.703502460192126
G2030,90.09147415280799,23.70368702240865
G1797,90.08157705958544,23.708012891731737
G1914,90.08647556291666,23.708105269862866
G2031,90.0913740911096,23.70819749327784
G1915,90.0863753084197,23.712615718055964
G1798,90.0814766371138,23.71252332024227
G2032,90.09127400459111,23.712707961120568
G1799,90.08157944380868,23.7168165772158
G1097,90.05302424860325,23.71625473659619
G1214,90.05688236761934,23.716569336615475
G1332,90.06167993748791,23.7211728713565
G1098,90.05321296314946,23.721023503941087
G1215,90.05678105509729,23.72107966014631
G1099,90.0528812127759,23.724852102137465
G1333,90.06165738652282,23.72445049640442
G1216,90.05636468827326,23.72494888393223
G1448,90.06667982140016,23.716755564569876
G1565,90.0715785858649,23.7168484463946
G1683,90.07504875168674,23.72078147258393
G1566,90.07142320448473,23.721272310342624
G1449,90.06657884495965,23.721265927767554
G1450,90.066827429947,23.724784020641575
G1567,90.06946572389087,23.725116407751923
G2033,90.09117389324875,23.717218425936352
G1916,90.08627502905726,23.717126163220808
G1917,90.08617472482557,23.7216366053569
G2034,90.09107375707872,23.721728887724694
G1800,90.08259765971525,23.721326873657627
G2035,90.09097359607725,23.7262393464851
G1801,90.08281954636982,23.725237553202437
G1918,90.08607607060843,23.72614560714384
G2036,90.09102901793008,23.728723058569432
G1919,90.08590994027877,23.72881279628927
G2738,90.12239399841451,23.729724941611796
G2855,90.12539162026432,23.731262335630838
G2856,90.12550415608082,23.734079618249456
G3090,90.13487014268487,23.736084355271537
G2973,90.13093549224948,23.73540730302839
G2974,90.13186739097931,23.738713962741617
G3091,90.13539986658306,23.74008072271634
G3092,90.13663533153442,23.7440929532477
G3117,90.13429167923248,23.859760307637934
G3118,90.13312307207714,23.86288974041939
G3002,90.12785863843055,23.867379287013968
G2770,90.11783284097507,23.875978539966734
G2771,90.1171181257633,23.880234504399493
G2654,90.11423656620804,23.88176014737155
G3119,90.13201491088464,23.86690892024555
G2886,90.12354276251664,23.871902412663072
G3003,90.12699488578376,23.871312057665595
G3120,90.13189784343838,23.871401793634067
G2887,90.1220361007382,23.875793783081335
G3121,90.13179838636324,23.875912327985294
G3004,90.1268933920703,23.875820780227958
G3005,90.12679374085482,23.88033129214529
G3122,90.13169890470394,23.88042285930376
G2888,90.1218886016355,23.880239568989065
G2424,90.10347570018637,23.899448022447487
G1607,90.0692114575979,23.90781689389805
G1724,90.07226541928503,23.90707087045069
G1608,90.06848337617613,23.91104908792828
G2075,90.08887849871954,23.908424431971397
G1841,90.07596821147187,23.90764454830445
G1959,90.0818865850842,23.91209847375327
G1842,90.07691668393697,23.911078208667295
G1725,90.07212725796994,23.91088574712023
G1609,90.06808333647948,23.915294939497397
G1726,90.07202554105916,23.91539601903952
G1610,90.06860759112553,23.91848708421832
G1727,90.0721558695206,23.919659718434495
G1728,90.07369113386234,23.922630489417028
G2076,90.08726125814151,23.911660773294912
G1960,90.08183806262048,23.91558274505537
G1843,90.07693178930035,23.915489460162622
G2077,90.08674436097763,23.91567587371457
G1961,90.08173666037482,23.92009305344134
G2078,90.08664312863071,23.92018620181081
G1844,90.0768302171598,23.919999748805296
G1962,90.08163523308826,23.92460335877653
G2079,90.08654187128482,23.924696526857584
G1845,90.07683416769869,23.924475320018804
G1729,90.07169700855995,23.92906517740396
G1612,90.06802439114442,23.929282772798516
G1613,90.06768251519759,23.933272516284198
G1730,90.07161842216928,23.9334370761822
G1731,90.07151657961583,23.93794733283181
G1614,90.06811419710941,23.937641732998763
G2655,90.11372699193878,23.8847358468807
G2772,90.11688347205788,23.884658159817047
G2656,90.1129991829157,23.889708442471665
G2773,90.11678343231068,23.889168626758202
G2774,90.11668336784243,23.893679090661227
G2657,90.11181728120444,23.89361919788486
G2540,90.10896251116779,23.894788754382734
G2775,90.11658327864934,23.898189551525622
G3006,90.12669406500959,23.884841801028056
G3123,90.13159939845669,23.884933387588966
G2889,90.12178875619603,23.88475005843637
G3007,90.12659436453077,23.889352306875796
G3124,90.13149986761775,23.88944391284045
G2890,90.12168888608113,23.88926054484734
G3008,90.12649463941464,23.893862809688002
G3125,90.13140031218335,23.89395443505771
G2891,90.12158899128706,23.893771028221465
G3009,90.12639488965739,23.89837330946421
G2425,90.10179314326432,23.90245147521477
G2191,90.09374230357106,23.90260463938935
G2308,90.09679915425698,23.903029515487948
G2426,90.1016647765033,23.906933539066955
G2192,90.09221561985413,23.90717062130134
G2309,90.09675874298112,23.906840918345814
G2427,90.10156410361076,23.911443932185257
G2193,90.09175172182103,23.911258495315934
G3126,90.13130073214968,23.898464954240264
G2892,90.12148907180999,23.89828150855828
G3010,90.12629511525527,23.902883806203917
G3127,90.13120112751302,23.90297547038763
G2893,90.12138912764617,23.90279198585729
G2894,90.12128915879181,23.90730246011802
G3128,90.13110149826957,23.90748598349932
G3011,90.12619531620447,23.907394299906645
G2895,90.12118916524312,23.911812931339966
G3012,90.12609549250124,23.911904790571903
G2658,90.11167751021732,23.898097438369376
G2541,90.10694965225413,23.898232612138155
G2776,90.11648316472763,23.9027000093509
G2659,90.11157722654148,23.90260787668789
G2542,90.10667131312967,23.902515587871402
G2777,90.11638302607349,23.90721046413659
G2660,90.11147691809137,23.907118311965498
G2543,90.10657083488735,23.907026003607896
G2544,90.10647033182507,23.911536416301672
G2661,90.11137658486314,23.9116287442017
G2310,90.09665790026212,23.91135129185562
G2428,90.10146340585253,23.915954322259058
G2194,90.09165068432996,23.915768846137038
G2311,90.09655703263556,23.915861662319596
G2429,90.10136268322482,23.92046470928785
G2312,90.09645614009762,23.920372029737244
G2195,90.09154962188562,23.920279193910503
G2430,90.10126193572381,23.924975093271144
G2313,90.09635522264449,23.924882394108074
G2196,90.0914485344842,23.924789538635824
G2778,90.11628286268314,23.911720915882185
G2662,90.11127622685302,23.916139173396026
G2545,90.10636980393899,23.916046825952254
G2779,90.11618267455277,23.91623136458722
G2663,90.11117584405721,23.920649599547982
G2546,90.10626925122531,23.920557232559148
G2780,90.11608246167862,23.92074181025119
G2664,90.1110754364719,23.925160022657078
G2547,90.10616867368026,23.92506763612187
G2781,90.11598222405685,23.92525225287361
G2431,90.10116116334568,23.929485474208466
G2197,90.09134742212183,23.929299880312538
G2314,90.09625428027233,23.92939275543161
G2432,90.10106036608661,23.93399585209933
G2315,90.09615331297734,23.933903113707366
G2198,90.0912462847947,23.93381021894013
G2316,90.09605232075565,23.93841346893484
G2199,90.091145122499,23.938320554518132
G2433,90.10095954394279,23.93850622694323
G2317,90.09595130360347,23.942923821113553
G2665,90.11097500409328,23.929670442722834
G2548,90.10606807129997,23.92957803663993
G2782,90.1158819616837,23.92976269245401
G2666,90.11087454691754,23.93418085974475
G2549,90.10596744408066,23.934088434112844
G2783,90.11578167455535,23.934273128991894
G2550,90.10586679201853,23.93859882854013
G2784,90.115681362668,23.938783562486773
G2667,90.1107740649409,23.938691273722362
G2551,90.10576611510974,23.94310921992129
G2899,90.12078894402931,23.92985478583031
G3016,90.12569595108822,23.929946722848573
G2900,90.12068882695215,23.934365241851097
G3017,90.12559600406601,23.934457198319222
G2901,90.1205886851579,23.9388756948302
G3018,90.12549603236866,23.93896767074949
G2902,90.12048851864279,23.943386144767125
G2785,90.11558102601785,23.943293992938166
G3019,90.12539603599238,23.9434781401389
G2786,90.11548066460111,23.947804420345587
G1035,90.04382995624651,23.966698206081848
G1036,90.04227669627218,23.969711130916696
G0919,90.03876331150553,23.97109868525089
G1963,90.081533780757,23.92911366106045
G2080,90.08644058893609,23.92920684885442
G1846,90.07662702636065,23.929020344360612
G1847,90.07652535022605,23.93353059641866
G1964,90.08143230337716,23.933623960292593
G2081,90.08633928158069,23.93371716780082
G1848,90.07642367773128,23.93804087284994
G1965,90.0813308009449,23.938134256472498
G2082,90.08623794921478,23.93822748369629
G1966,90.08122927345636,23.942644549599652
G2083,90.08613659183453,23.94273779654035
G1849,90.07632198013832,23.942551146227142
G1967,90.08112772090773,23.94715483967358
G1850,90.07622025744332,23.94706141654979
G2084,90.08603520943609,23.947248106332516
G1968,90.08102614329512,23.95166512669379
G1851,90.07611850964244,23.951571683817384
G2085,90.08593380201563,23.951758413072284
G1852,90.0760442303881,23.956058716556132
G1969,90.08092454061473,23.9561754106598
G1732,90.0714147119223,23.942457586426013
G1615,90.06809596206786,23.942635731690043
G1733,90.07131281908482,23.946967836964333
G1616,90.06704133545891,23.947159877635123
G1500,90.06371018253522,23.95052930021759
G1734,90.0712109010995,23.951478084446258
G1617,90.06644500676022,23.951145476813622
G1501,90.06060224155578,23.957902139089523
G1735,90.0718867788488,23.955042566917317
G1268,90.05171481471689,23.961358132713155
G1151,90.04827106364084,23.962002781424985
G1385,90.05651115234724,23.96087990067583
G1269,90.05127277087882,23.964632607729623
G1152,90.04701274541081,23.96488155883097
G1386,90.05618078932186,23.9647268928092
G1153,90.04626190744872,23.969048301872807
G1270,90.05117007089346,23.969142763486502
G1387,90.0560782596732,23.96923706848933
G1618,90.06856499165667,23.953747925537183
G1736,90.07095788512433,23.96133958610554
G1619,90.06596224166367,23.961371675274783
G1502,90.06111124298876,23.96039191704712
G1737,90.07090499621799,23.965008808548866
G1620,90.06599690203339,23.96491499322204
G1503,90.06108883305403,23.96482102130775
G1738,90.07080297760274,23.969519043800375
G1621,90.0658947130698,23.96942520864949
G1504,90.06098647374596,23.969331216878068
G1154,90.04621124021892,23.973557868034714
G1271,90.05106734557312,23.973652916179198
G1388,90.05597570473151,23.973747241106615
G1272,90.05096459491388,23.97816306580721
G1155,90.04605609067764,23.978068564276867
G1389,90.0558731244929,23.97825741066056
G1273,90.05086181891187,23.982673212370038
G1156,90.04595314421694,23.982578690879357
G1390,90.0557705189535,23.98276757715067
G1274,90.05093701337921,23.987005250358145
G1739,90.07070093382035,23.974029275993054
G1622,90.0657924988971,23.973935421016765
G1505,90.06088408918683,23.97384140938688
G1506,90.06078167937274,23.97835159883369
G1740,90.07059886486694,23.978539505126417
G1623,90.06569025951141,23.97844563032339
G1624,90.06558799490885,23.982955836568863
G1507,90.06067924429982,23.98286178521802
G1508,90.06057678396417,23.987371968539374
G1625,90.06548570508556,23.987466039752704
G1973,90.08051787913794,23.974216515972007
G1974,90.08041615106069,23.978726784659656
G1857,90.07550749539735,23.97863322323958
G1741,90.07049677073863,23.983049731199976
G1975,90.08031439789248,23.983237050290175
G1858,90.07540557174717,23.98314346910815
G1859,90.0753036229602,23.987653711917762
G1976,90.08021261962949,23.987747312863064
G1742,90.07039465143157,23.987559954213243
G1860,90.0752016490326,23.99216395166793
G1157,90.04610634096665,23.986003420346993
G1391,90.05566788810938,23.987277740576467
G1275,90.05216604077,23.9913554166969
G1392,90.05556523195669,23.991787900937457
G1159,90.04597460043648,23.997235040101614
G1276,90.04904588862166,23.99736060358227
G1160,90.0458334290696,24.000531764406155
G1277,90.05028929091134,24.000944439412713
G1278,90.05034755862373,24.005223899189453
G2200,90.09104393523087,23.942830887046046
G2434,90.10085869691041,23.943016598739693
G2318,90.09585026151697,23.94743417024302
G2201,90.09094272298648,23.947341216523387
G2435,90.10075782498562,23.947526967488237
G2319,90.09574919449231,23.95194451632275
G2436,90.1006569281646,23.952037333188354
G2202,90.09084148576201,23.951851542949665
G2320,90.09564810252564,23.95645485935225
G2203,90.09074022355358,23.9563618663244
G2668,90.11067355815953,23.943201684655165
G2669,90.11057302656963,23.94771209254268
G2552,90.10566541335048,23.94761960825584
G2553,90.10556468673693,23.9521299935433
G2670,90.11047247016737,23.952222497384422
G2554,90.10546393526529,23.95664037578318
G2671,90.11037188894896,23.956732899179897
G2437,90.10055600644354,23.95654769583958
G2555,90.10536315893172,23.961150754974998
G2438,90.1004550598186,23.961058055441413
G2903,90.120388327403,23.947896591661397
G3020,90.12529601493335,23.94798860648696
G3021,90.12519596918783,23.952499069793177
G2787,90.11538027841395,23.952314844708546
G2904,90.12028811143476,23.952407035512522
G3022,90.12509589875198,23.95700953005708
G2788,90.1152798674526,23.956825266026563
G2905,90.12018787073427,23.95691747632001
G3023,90.12499580362203,23.961519987278184
G2789,90.11517943171323,23.96133568429915
G2086,90.0858323695693,23.956268716759176
G1853,90.07606288975187,23.96068652182737
G1970,90.08082291286266,23.96068569157111
G2087,90.08573091209324,23.960779017392717
G1971,90.08072126003508,23.96519596942724
G1854,90.07581311556586,23.965102467284996
G2088,90.08562942958365,23.96528931497239
G1972,90.08061958212812,23.9697062442277
G1855,90.07571126730284,23.969612722327515
G1856,90.07560939391462,23.97412297431254
G2672,90.11027128291059,23.961243297928633
G2673,90.11017065204842,23.965753693630127
G2556,90.10526235773241,23.965661131118264
G2439,90.10035408828597,23.965568411993374
G2440,90.10025309184181,23.970078765494975
G2674,90.11006999635866,23.97026408628391
G2557,90.10516153166355,23.970171504212484
G2675,90.1099693158375,23.974774475889483
G2558,90.1050606807213,23.97468187425718
G2441,90.1001520704823,23.97458911594573
G2906,90.1200876052977,23.961427914083387
G2790,90.11507897119203,23.965846099525816
G3024,90.12489568379418,23.966030441455988
G2907,90.11998731512126,23.96593834880215
G3025,90.12479553926464,23.970540892590023
G2791,90.1149784858852,23.970356511706086
G2908,90.11988700020117,23.97044878047584
G3026,90.12469537002958,23.975051340679805
G2909,90.1197866605336,23.974959209103954
G2792,90.11487797578893,23.974866920839464
G2321,90.09554698561317,23.960965199331056
G2204,90.09063893635741,23.960872186647094
G2322,90.09544584375105,23.965475536258644
G2205,90.09053762416963,23.965382503917258
G2323,90.09534467693544,23.96998587013456
G2089,90.08552792203662,23.969799609497738
G2206,90.09043628698637,23.96989281813442
G2090,90.08542638944833,23.974309900968247
G2324,90.09524348516248,23.974496200958303
G2207,90.09033492480384,23.97440312929808
G2676,90.10986861048109,23.97928486244636
G2442,90.1000510242036,23.979099463345143
G2559,90.10495980490182,23.979192241251862
G2443,90.09994995300187,23.98360980769274
G2560,90.10485890420132,23.98370260519605
G2677,90.10976788028563,23.983795245954063
G2561,90.10475797861595,23.988212966089254
G2444,90.09984885687331,23.988120148988028
G2678,90.10966712524728,23.988305626412103
G2562,90.1046570281419,23.992723323930985
G2208,90.09023353761818,23.97891343740775
G2091,90.08532483181494,23.97882018938344
G2325,90.09514226842839,23.979006528729375
G2326,90.09504102672928,23.98351685344731
G2092,90.08522324913261,23.983330474742836
G2209,90.09013212542553,23.983423742462946
G2093,90.08512164139744,23.987840757045934
G2327,90.09493976006134,23.98802717511161
G2210,90.09003068822206,23.98793404446318
G2328,90.0948384684207,23.99253749372179
G2910,90.11968629611478,23.979469634686012
G2793,90.1147774408994,23.97937732692547
G3027,90.12459517608525,23.979561785724844
G2794,90.11467688121282,23.98388772996361
G2911,90.11958590694087,23.983980057221526
G3028,90.12449495742783,23.984072227724642
G3029,90.1243947140535,23.988582666678735
G2912,90.11948549300807,23.98849047671001
G2795,90.11457629672533,23.988398129953413
G2913,90.11938505431257,23.99300089315098
G0920,90.0384910312274,23.971821250260593
G1037,90.04167618195322,23.972851750469452
G0921,90.03856235687675,23.97961338419958
G1038,90.04135825749604,23.978126622589578
G0922,90.0385172920117,23.980939646360866
G1039,90.04128726731497,23.982274876116552
G1040,90.04261867752562,23.985243303318445
G0226,90.00830420394723,24.011106694924564
G0343,90.01148526745469,24.009698055459747
G0227,90.0078137072558,24.013797300411387
G0344,90.01083357104308,24.013505223824662
G0693,90.02640579350101,24.005803495694767
G0577,90.01976774053163,24.010281099305846
G0460,90.01645587718956,24.010138790516102
G0694,90.02576873794702,24.009208257029442
G0461,90.01596140918116,24.01390317114296
G0578,90.020058998093,24.014223034999112
G0695,90.025664397625,24.01383055625897
G0228,90.00662069257895,24.016782752673063
G0345,90.01053820435453,24.016704630018925
G0462,90.0161467742034,24.0177073407377
G0579,90.02057884097013,24.018183832629706
G0696,90.02548875332644,24.018279298676177
G0463,90.01767271427043,24.022425899286695
G0580,90.02027038111574,24.02241692103373
G0464,90.01770446499032,24.02509100987236
G0581,90.02007877780687,24.027870583915742
G0465,90.01528666341741,24.03248730755672
G0582,90.02029038372191,24.03173259754393
G0466,90.0151608631612,24.036078544661347
G0697,90.0253869674524,24.02101362595451
G0814,90.03069139678638,24.021795780046656
G0931,90.0352891792973,24.022901768600335
G0698,90.02387266592035,24.02905388826755
G0932,90.03642572671721,24.025676946390707
G0699,90.0249312530318,24.031883656113045
G0348,90.01182560928056,24.0324497350036
G1626,90.06538339003764,23.991976239874425
G1509,90.06047429836192,23.991882148797266
G1393,90.05623312888635,23.995702805812286
G1627,90.06528104976123,23.996486436933534
G1510,90.06037178748917,23.9963923259912
G1394,90.0555221524815,24.001222496127134
G1628,90.06517868425242,24.000996630929542
G1511,90.06026925134205,24.00090250012069
G1395,90.0552571116081,24.005318363626674
G1629,90.06507629350736,24.005506821861953
G1977,90.08011081626786,23.99225757237784
G1743,90.07029250694187,23.99207017416572
G1744,90.07019033726566,23.996580391056927
G1861,90.07509964996049,23.996674188358163
G1978,90.08000898780368,23.996767828834024
G1745,90.07008814239907,24.001090604886375
G1979,90.07990713423314,24.00127808223112
G1862,90.07499762573998,24.001184421987972
G1746,90.06998592233822,24.005600815653565
G1863,90.07489557636723,24.005694652556866
G0810,90.03004645604065,24.005730568499082
G0927,90.0357234899116,24.006504004883805
G1044,90.0407210597896,24.006209479085918
G0811,90.03060598980842,24.009354520808223
G0928,90.03551561177493,24.009449632795278
G0812,90.03050235331062,24.013864565823507
G0929,90.03541214601805,24.013959697879574
G0813,90.03039869127078,24.018374607764265
G0930,90.03530865476112,24.018469759890717
G1980,90.07980525555236,24.00578833256863
G1747,90.06988367707923,24.010111023358025
G1864,90.07479350183834,24.01020488006436
G1981,90.07970335175746,24.010298579846086
G1748,90.06978140661823,24.01462122799925
G1865,90.07469140214947,24.01471510450997
G1982,90.07960142284458,24.014808824062985
G1983,90.07949946880986,24.01931906521885
G1866,90.07458927729672,24.019225325893196
G1749,90.06967911095133,24.019131429576763
G1512,90.06016668991666,24.00541267118525
G1396,90.05515435418208,24.009828511723526
G1630,90.06497387752215,24.01001700973029
G1513,90.0600641032091,24.009922839184387
G1397,90.05505157142801,24.014338656753125
G1631,90.06487143629289,24.01452719453406
G1514,90.05996149121549,24.01443300411761
G1515,90.05985885393191,24.018943165984428
G1632,90.06476896981572,24.019037376272763
G1398,90.05494876334195,24.01884879871497
G1161,90.04557903931551,24.005247030527674
G1045,90.04042525923757,24.00954458788358
G1279,90.05024463048315,24.00973402735095
G1162,90.04533493215432,24.009639386069885
G1280,90.05014167697252,24.014244152443844
G1046,90.04032196422551,24.014054673003827
G1163,90.04523180789101,24.014149491192992
G1047,90.04021864375542,24.01856475505226
G1164,90.0451286582117,24.01865959324565
G1281,90.05003869808787,24.018754274467632
G1984,90.07939748964942,24.02382930331319
G1867,90.07448712727621,24.02373554421356
G1750,90.06957679007463,24.023641628090076
G1868,90.07438495208412,24.028245759470572
G1751,90.06947444398429,24.028151823538686
G1985,90.07929548535941,24.028339538345506
G1752,90.06895571150083,24.03214681788968
G1986,90.07919345593595,24.032849770315316
G1869,90.07460239387004,24.032401686296428
G1753,90.06743613937758,24.035744687739495
G1048,90.04011529782338,24.023074834028414
G1282,90.04993569382533,24.023264393421854
G1165,90.04502548311244,24.02316969222737
G1049,90.04054489660271,24.026540373354436
G1166,90.04503364183563,24.027192468139756
G1283,90.04988085920682,24.027387055472875
G1399,90.05484592992003,24.02335893760859
G1516,90.05975619135451,24.02345332478436
G1633,90.06466647808674,24.023547554945935
G1400,90.05477264470146,24.027707336103756
G1517,90.05966891364179,24.02794692779894
G1634,90.06464802202603,24.027943143176955
G1518,90.06030167364663,24.030306473060563
G1635,90.06590219447739,24.032541132147944
G2445,90.09974773581405,23.992630487230517
G2679,90.10956634536227,23.992816003819996
G2680,90.10946554062673,23.997326378177245
G2563,90.10455605277532,23.997233678720757
G2446,90.09964658982025,23.99714082241973
G2564,90.10445505251239,24.001744030458084
G2447,90.09954541888813,24.001651154555177
G2681,90.10936471103683,24.00183674948338
G2565,90.10435402734927,24.006254379142483
G2448,90.09944422301379,24.006161483636365
G3030,90.12429444595847,23.993093102586627
G2796,90.11447568743316,23.992908526894386
G3031,90.12419415313896,23.997603535447837
G2797,90.11437505333247,23.99741892078604
G2914,90.11928459085055,23.997511306543956
G2798,90.11427439441947,24.001929311627894
G3032,90.12409383559114,24.002113965261884
G2915,90.11918410261823,24.002021716888446
G2916,90.11908358961178,24.00653212418397
G2799,90.11417371069031,24.006439699419463
G2211,90.0899292260039,23.992444343407968
G2094,90.08502000860561,23.99235103629226
G2212,90.08982773876723,23.996954639296824
G2095,90.08491835075327,23.996861312481318
G2329,90.09473715180356,23.997047809277362
G2330,90.09463581020606,24.00155812177784
G2096,90.08481666783653,24.001371585612613
G2213,90.08972622650818,24.00146493212925
G2097,90.0847149598516,24.00588185568567
G2214,90.08962468922292,24.005975221904766
G3033,90.1239934933112,24.00662439202827
G2800,90.11407300214117,24.010950084160253
G3034,90.12389312629534,24.011134815746523
G2917,90.11898305182737,24.01104252843004
G3035,90.12379273453976,24.015645236416162
G2801,90.11397226876824,24.015460465849795
G2918,90.11888248926121,24.01555292962618
G3036,90.12369231804064,24.020155654036685
G2802,90.1138715105677,24.019970844487588
G2919,90.11878190190947,24.020063327771876
G2331,90.09453444362433,24.00606843122273
G2098,90.08461322679453,24.010392122699997
G2215,90.08952312690757,24.010485508622885
G2332,90.09443305205454,24.010578737611556
G2333,90.09433163549285,24.015089040943828
G2099,90.08451146866153,24.01490238665511
G2216,90.0894215395583,24.014995792283123
G2217,90.08931992717125,24.01950607288498
G2100,90.08440968544872,24.019412647550514
G2334,90.0942301939354,24.01959934121906
G2682,90.1092638565888,24.006347117737906
G2683,90.10916297727874,24.010857482940338
G2449,90.09934300219341,24.010671809662814
G2566,90.10425297728216,24.010764724773466
G2684,90.10906262675049,24.015366184396473
G2450,90.09924175642314,24.01518213263403
G2567,90.10415190230718,24.01527506735055
G2685,90.11013707145987,24.01958070359473
G2451,90.09896751464898,24.019551123797218
G2568,90.1040328041521,24.018309093584474
G2920,90.11865871636839,24.024234009366552
G3037,90.1235918767942,24.024666068607623
G2803,90.11375176968245,24.024456967218214
G2921,90.12067497306181,24.02766912346345
G3038,90.12406670505115,24.028509437654876
G2804,90.11243994326973,24.026769237172836
G3039,90.12581239688994,24.03153339094685
G2218,90.08921828974255,24.02401635042799
G2101,90.08430787715221,24.023922905385728
G2335,90.09412233840246,24.02410383134926
G2219,90.08911662726834,24.02852662491164
G2102,90.08420604376818,24.028433160160258
G2336,90.0929223996255,24.02812941142736
G2103,90.08410418529273,24.032943411873628
G2337,90.09194926165983,24.031400571074222
G2220,90.08880051701858,24.032873847707982
G2221,90.08761232396849,24.035530854279074
G2686,90.11055277982162,24.02433132267321
G2452,90.09758262722309,24.022914209404185
G2687,90.11097946341432,24.026726284663592
G5453,90.23067124267855,23.84162311830293
G5454,90.23057534279971,23.84613405475133
G5337,90.22567105101503,23.846045758086923
G5338,90.22557495807719,23.85055667279987
G5455,90.23047941919921,23.850644988195924
G5221,90.22067052072227,23.85046820157567
G5456,90.23038347187345,23.855155918636225
G5222,90.22057423464179,23.854979094517144
G5339,90.22547884137227,23.855067584507267
G5340,90.22538270089659,23.85957849320864
G5571,90.23547965830602,23.846222195617603
G5805,90.24528836031627,23.846398009943698
G5688,90.24038399749215,23.846310180682732
G5572,90.2353839040465,23.85073314776082
G5806,90.24519294474956,23.850908999385062
G5689,90.24028841257723,23.85082115149153
G5573,90.23528812610355,23.855244096900996
G5690,90.24019280402071,23.85533211929856
G5807,90.24509750558309,23.855419985825897
G5574,90.23519232447353,23.859755043037655
G5922,90.25019274673653,23.846485683397503
G6156,90.2600015901983,23.846660562871644
G6039,90.25509715671116,23.84657320104115
G6157,90.25990668269789,23.851171608012514
G6040,90.25500207985172,23.85108422764855
G5923,90.25009750052168,23.8509966914384
G5924,90.25000223074885,23.855507696480018
G6158,90.2598117517232,23.8556826501566
G6041,90.25490697947617,23.855595251257917
G5925,90.2499069374145,23.860018698521866
G5808,90.24500204281323,23.859930969265715
G5691,90.24009717181896,23.85984308410331
G5575,90.23509649915283,23.86426598617033
G5692,90.24000151596836,23.864354045905337
G5809,90.24490655643636,23.864441949704055
G5576,90.2350006501378,23.868776926298537
G5810,90.24481104644887,23.868952927140434
G5693,90.2399058364653,23.868865004704144
G5811,90.24471551284715,23.873463901574365
G5577,90.23490477742484,23.87328786342179
G5223,90.22047792474875,23.85948998445133
G5457,90.23028750081879,23.85966684607176
G5341,90.22528653664655,23.864089398903516
G5458,90.2301915060316,23.864177770502046
G5224,90.22038159103951,23.86400087137775
G5225,90.22028523351041,23.86851175529593
G5342,90.22519034861851,23.86860030159141
G5459,90.23009548750827,23.868688691926618
G5343,90.2250941368088,23.873111201271836
G5226,90.22018885215782,23.873022636205384
G6042,90.25481185558091,23.860106271868762
G6159,90.25971679727066,23.860193689303404
G5926,90.24981162051498,23.864529697563484
G6043,90.25471670816235,23.864617289480616
G6160,90.25962181933664,23.864704725452466
G5927,90.24971628004668,23.869040693604386
G6044,90.25462153721686,23.869128304093017
G6161,90.25952681791757,23.86921575860331
G5928,90.24962091600602,23.873551686644102
G6045,90.25452634274087,23.873639315705464
G6162,90.25943179300985,23.87372678875546
G5929,90.24952552838938,23.878062676682156
G6046,90.25443112473077,23.878150324317502
G6163,90.25933674460988,23.878237815908435
G5930,90.24943011719314,23.88257366371806
G6164,90.25924167271405,23.882748840061762
G6047,90.25433588318293,23.882661329928638
G5931,90.24933468241369,23.887084647751344
G6048,90.25424061809376,23.887172332538405
G6165,90.25914657731877,23.887259861214954
G5694,90.23981013330614,23.873375960499263
G5695,90.23971440648728,23.877886913290215
G5812,90.2446199556276,23.87797487300539
G5578,90.2348088810103,23.877798797539633
G5579,90.23471296089055,23.882309728651567
G5696,90.23961865600508,23.882397863076516
G5813,90.24452437478656,23.882485841433017
G5697,90.2395228818559,23.88690880985769
G5814,90.24442877032044,23.886996806856768
G5580,90.23461701706195,23.886820656757124
G5460,90.22999944524511,23.873199610344976
G5227,90.22009244697804,23.877533514105643
G5461,90.22990337923852,23.877710525756665
G5344,90.22499790121383,23.877622097944325
G5228,90.21999601796749,23.88204438899622
G5462,90.22980728948487,23.882221438161185
G5345,90.22490164182987,23.882132991608394
G5346,90.22480535865336,23.88664388226357
G5229,90.21989956512246,23.886555260876644
G5463,90.22971117598048,23.88673234755807
G5698,90.23942708403614,23.891419753633272
G5815,90.24433314222561,23.891507769276174
G5581,90.2345210495209,23.891331581855816
G5816,90.24423749049846,23.89601872869076
G5582,90.23442505826372,23.895842503947176
G5699,90.23933126254217,23.895930694402765
G5700,90.23923541737034,23.90044163216571
G5583,90.23432904328682,23.900353423030733
G5817,90.24414181513534,23.900529685100036
G5701,90.23913954851704,23.904952566921615
G3474,90.1463155461808,23.885207211055743
G3240,90.1365047564955,23.885024818115973
G3357,90.14141013908416,23.885116092605934
G3475,90.14621652428403,23.889717794320255
G3241,90.1364053953002,23.88953536273816
G3358,90.14131094753625,23.889626656565806
G3476,90.14611747791739,23.894228374554455
G3242,90.13630600955128,23.894045904327438
G3359,90.14121173147659,23.89413721749406
G3477,90.14601840707712,23.898738951757856
G3243,90.13620659924499,23.898556442883308
G3360,90.14111249090142,23.898647775390216
G3361,90.141013225807,23.903158330253785
G3478,90.14591931175947,23.903249525929965
G3244,90.13610716437756,23.903066978405292
G3362,90.14091393618956,23.90766888208428
G3245,90.13600770494523,23.90757751089291
G3479,90.14582019196068,23.9077600970703
G3480,90.14572104767699,23.912270665178383
G3363,90.14081462204534,23.912179430881217
G3594,90.1509243477302,23.898829971983112
G3828,90.16073630230099,23.899011543994025
G3712,90.1557315570659,23.903431448752947
G3595,90.15082542219305,23.90334056543072
G3596,90.15072647221668,23.90785115584786
G3713,90.15563277691567,23.907942058413845
G3597,90.15062749779727,23.912361743234037
G3714,90.15553397236431,23.91245266504507
G3598,90.15052849893115,23.916872327588777
G3715,90.15543514340813,23.91696326864615
G4063,90.17045010790108,23.90370316161731
G3829,90.16063771633611,23.90352217589352
G3947,90.16544545947508,23.908123394898613
G3830,90.16053910601578,23.90803280476513
G4064,90.17035183725172,23.908213828811206
G4065,90.17025354232692,23.9127244929793
G3948,90.16534699467104,23.912634039920803
G3831,90.1604404713362,23.91254343060836
G4066,90.170155223123,23.917235154121133
G3949,90.16524850554596,23.917144681915435
G3129,90.13100184441556,23.911996493574847
G2896,90.12108914699633,23.91632339952266
G3130,90.13090216594723,23.916507000613734
G3013,90.12599564414178,23.91641527819921
G2897,90.12098910404762,23.9208338646656
G3014,90.1258957711223,23.920925762788087
G3131,90.13080246286079,23.921017504615488
G3015,90.12579587343905,23.925436244338034
G3132,90.13070273515247,23.925528005579622
G2898,90.12088903639321,23.92534432676831
G3246,90.13590822094423,23.91208804034566
G3247,90.1358087123708,23.91659856676308
G3364,90.14071528337058,23.916689976644122
G3248,90.13570917922117,23.921109090144675
G3365,90.14061592016151,23.9212005193725
G3366,90.14051653241437,23.925711059065865
G3249,90.13560962149154,23.925619610489946
G3367,90.1404171201254,23.930221595723747
G3133,90.13060298281847,23.93003850350566
G3250,90.13551003917817,23.93013012779843
G3481,90.14562187890466,23.916781230253726
G3599,90.1504294756145,23.921382908911585
G3482,90.14552268563993,23.921291792295847
G3716,90.15533629004334,23.921473869216605
G3600,90.15033042784363,23.925893487201982
G3483,90.14542346787904,23.925802351304252
G3717,90.1552374122662,23.925984466755942
G3601,90.15023135561472,23.930404062459495
G3484,90.14532422561823,23.930312907278477
G3718,90.155138510073,23.930495061263684
G3832,90.1603418122937,23.917054053422742
G4067,90.17005687963619,23.921745812236203
G3950,90.16514999209609,23.921655320882017
G3833,90.1602431288845,23.921564673207783
G4068,90.16995851186282,23.926256467324038
G3951,90.16505145431772,23.926165956820068
G3834,90.16014442110487,23.926075289963006
G4069,90.16986011979908,23.930767119384154
G3835,90.1600456889511,23.930585903687927
G3952,90.1649528922071,23.93067658972912
G4070,90.16976170344132,23.935277768416068
G3836,90.1599469324194,23.935096514382067
G3953,90.16485430576051,23.935187219608675
G4071,90.16966326278576,23.93978841441929
G3837,90.15984815150607,23.939607122044936
G3954,90.16475569497419,23.93969784645825
G3838,90.15974934620732,23.94411772667605
G4072,90.1695647978287,23.94429905739335
G3955,90.16465705984442,23.944208470277374
G4073,90.1694663085664,23.94880969733777
G3134,90.13050320585504,23.93454899839311
G3368,90.14031768329082,23.934732129345647
G3251,90.13541043227727,23.934640642069635
G3252,90.13531080078508,23.939151153303072
G3369,90.14021822190686,23.939242659931093
G3135,90.13040340425837,23.939059490241497
G3136,90.13030357802471,23.943569979050324
G3253,90.1352111446978,23.94366166149827
G3370,90.14011873596978,23.943753187479583
G3254,90.13511146401169,23.948172166654725
G4528,90.19036781113459,23.89053101030397
G4762,90.2001794743107,23.890710007900616
G4645,90.19527363069707,23.89062058715589
G4529,90.19027029217311,23.895041762804983
G4763,90.20008229481338,23.89522079831969
G4646,90.19517628146582,23.895131358632455
G4530,90.19017274911488,23.899552512286775
G4764,90.19998509130308,23.8997315857221
G4647,90.19507890817972,23.899642127091084
G4531,90.19007518195623,23.90406325874887
G4177,90.17565049717292,23.890261343135702
G4294,90.18055624433065,23.8903513882908
G4411,90.18546201566515,23.89044127734792
G4178,90.17555246904293,23.8947720385118
G4295,90.18045838591976,23.89486210274158
G4412,90.18536432697714,23.89495201084033
G4413,90.18526661415049,23.899462741312252
G4296,90.1803605033284,23.89937281417058
G4179,90.17545441669053,23.899282730864837
G4297,90.18026259655284,23.903883522577317
G4999,90.20970064167737,23.904420856628263
G5116,90.21460706655375,23.904509865566983
G5117,90.21451032460735,23.909020703575308
G5000,90.20960372986033,23.90893167578941
G4883,90.20469715905354,23.90884249175495
G5001,90.2095067941031,23.913442491934983
G4884,90.20460005338744,23.913353289019025
G5118,90.21441355876263,23.91353153856933
G5119,90.21431676901595,23.918042370548584
G4885,90.20450292373553,23.917864083265787
G4765,90.19988786377614,23.90424237010735
G4648,90.19498151083508,23.90415289253128
G4532,90.18997759069346,23.908574002190786
G4766,90.19979061222887,23.90875315147499
G4649,90.1948840894282,23.90866365495258
G4533,90.18987997532287,23.91308474261204
G4650,90.19478664395541,23.913174414354494
G4767,90.19969333665757,23.91326392982451
G4534,90.18978233584073,23.91759548001215
G4651,90.194689174413,23.917685170736544
G4180,90.17535634011205,23.903793420194333
G4414,90.18516887718152,23.90397346876319
G4181,90.17525823930377,23.908304106499806
G4298,90.18016466558933,23.908394227961324
G4415,90.18507111606654,23.908484193192677
G4299,90.18006671043422,23.9129049303221
G4182,90.17516011426196,23.912814789780764
G4416,90.18497333080182,23.912994914600212
G4300,90.17996873108378,23.91741562965917
G4417,90.18487552138369,23.917505632985335
G4183,90.17506196498292,23.917325470036747
G4184,90.1749637914629,23.92183614726725
G4418,90.1847776878084,23.92201634834755
G4301,90.17987072753427,23.921926325972063
G4419,90.1846798300723,23.926527060686386
G4185,90.17486559369821,23.926346821471807
G4302,90.17977269978202,23.926437019260284
G4303,90.17967464782329,23.930947709523362
G4186,90.17476737168512,23.93085749264993
G4420,90.18458194817163,23.931037770001353
G5002,90.20940983440197,23.91795330506452
G5120,90.21421995536365,23.922553199512578
G4886,90.20440577009417,23.92237487449475
G5003,90.20931285075329,23.922464115177533
G5121,90.21412311780203,23.927064025460837
G4887,90.20430859245964,23.926885662705445
G5004,90.20921584315339,23.926974922273537
G5122,90.21402625632747,23.931574848392888
G4888,90.20421139082829,23.93139644789739
G5005,90.20911881159859,23.931485726352065
G4768,90.19959603705857,23.917774705155445
G4535,90.1896846722434,23.922106214390638
G4652,90.1945916807973,23.922195924098247
G4769,90.19949871342818,23.92228547746731
G4536,90.18958698452712,23.92661694574702
G4770,90.19940136576272,23.926796246759622
G4653,90.19449416310458,23.926706674439128
G4654,90.19439662133117,23.93121742175871
G4771,90.1993039940585,23.931307013031912
G4537,90.18948927268825,23.93112767408083
G5123,90.21392937093624,23.936085668308255
G4889,90.2041141651964,23.935907230070093
G5006,90.20902175608519,23.93599652741263
G4890,90.20401691556033,23.940418009223084
G5007,90.20892467660954,23.94050732545476
G5124,90.21383246162472,23.94059648520644
G5125,90.21373552838918,23.94510729908698
G5008,90.20882757316795,23.945018120477968
G4891,90.20391964191636,23.944928785355884
G5126,90.213638571226,23.9496181099494
G4538,90.18939153672302,23.93563839939157
G4655,90.19429905547338,23.9357281660565
G4772,90.19920659831182,23.935817776283695
G4539,90.18929377662778,23.94014912167876
G4656,90.1942014655275,23.940238907332024
G4773,90.199109178519,23.94032853651449
G4540,90.18919599239881,23.944659840941934
G4657,90.19410385148981,23.944749645584807
G4774,90.19901173467632,23.94483929372381
G4658,90.19400621335664,23.949260380814362
G5347,90.2247090516806,23.891154769909374
G5230,90.21980308843933,23.89106612974642
G5464,90.22961503872176,23.891243253946843
G5348,90.22461272090797,23.89566565454532
G5465,90.22951887770505,23.895754157327026
G5231,90.21970658791444,23.89557699560509
G5349,90.22451636633181,23.900176536170935
G5232,90.21961006354414,23.90008785845216
G5466,90.22942269292668,23.90026505769814
G5467,90.22932648438305,23.904775955059694
G6049,90.25414532945965,23.891683332146325
G5932,90.24923922404741,23.89159562878153
G6166,90.25905145842043,23.89177087936756
G6050,90.254050017277,23.896194328751918
G5933,90.24914374209068,23.896106606808143
G6167,90.25895631601544,23.896281894519078
G6051,90.25395468154217,23.900705322354714
G5934,90.24904823653992,23.900617581830705
G6168,90.25886115010019,23.900792906669047
G6169,90.25876596067108,23.905303915816983
G5233,90.21951351532475,23.904598718287154
G5350,90.22441998794848,23.90468741478574
G5468,90.2292302520705,23.909286849411227
G5234,90.21941694325263,23.909109575109603
G5351,90.22432358575432,23.90919829038926
G5352,90.22422715974568,23.913709162981007
G5469,90.22913399598536,23.91379774075226
G5235,90.21932034732413,23.913620428919018
G5236,90.21922372753556,23.918131279714935
G5353,90.2241307099189,23.918220032560516
G6052,90.25385932225157,23.90521631295423
G5935,90.24895270739147,23.905128553848744
G6053,90.25376393940161,23.909727300549996
G6170,90.2586707477245,23.909814921962425
G5936,90.24885715464173,23.909639522861784
G6054,90.25366853298864,23.91423828514153
G6171,90.25857551125682,23.914325925104883
G5937,90.24876157828706,23.914150488869335
G6172,90.25848025126446,23.918836925243884
G6055,90.25357310300905,23.918749266728366
G5584,90.23423300458653,23.904864339105995
G5818,90.24404611613265,23.90504063850354
G5702,90.23904365597862,23.909463498670018
G5819,90.24395039348676,23.909551588900786
G5585,90.23413694215922,23.90937525217249
G5586,90.23404085600126,23.91388616222974
G5703,90.23894773975145,23.913974427410427
G5820,90.24385464719403,23.914062536291297
G5821,90.24375887725085,23.918573480674603
G5587,90.23394474610899,23.91839706927727
G5704,90.23885179983192,23.91848535314238
G5822,90.24366308365357,23.923084422050216
G5705,90.23875583621636,23.92299627586538
G5588,90.2338486124788,23.9229079733146
G5823,90.2435672663986,23.927595360417676
G5589,90.23375245510701,23.927418874341242
G5706,90.23865984890116,23.92750719557896
G5824,90.24347142548226,23.932106295776496
G5590,90.23365627399,23.931929772356742
G5707,90.23856383788267,23.93201811228266
G5938,90.24866597832387,23.918661451870936
G6173,90.25838496774381,23.92334792237895
G5939,90.24857035474852,23.923172411866105
G6056,90.25347764945924,23.923260245310015
G5940,90.24847470755738,23.92768336885436
G6057,90.25338217233558,23.927771220886008
G6174,90.25828966069125,23.92785891650961
G6175,90.25819433010317,23.932369907635398
G5941,90.24837903674684,23.93219432283524
G6058,90.25328667163446,23.932282193455872
G5470,90.22903771612401,23.918308629082308
G5471,90.2289414124828,23.922819514400896
G5237,90.21912708388331,23.92264212749685
G5354,90.22403423627034,23.922730899127302
G5472,90.22884508505808,23.92733039670754
G5238,90.21903041636365,23.9271529722643
G5355,90.22393773879632,23.927241762680886
G5473,90.2287487338462,23.93184127600178
G5239,90.21893372497298,23.931663814016815
G5356,90.2238412174932,23.931752623220785
G6176,90.25809897597593,23.93688089575582
G5942,90.24828334231327,23.936705273808254
G6059,90.25319114735225,23.936793163019132
G6060,90.25309559948533,23.9413041295753
G5943,90.24818762425303,23.94121622177293
G6177,90.25800359830596,23.941391880870412
G5944,90.2480918825625,23.945727166728794
G6178,90.25790819708963,23.94590286297869
G6061,90.25300002803009,23.945815093123915
G5945,90.24799611723806,23.95023810867537
G5825,90.24337556090094,23.9366172281262
G5591,90.23356006912411,23.936440667360607
G5708,90.23846780315725,23.936529025975975
G5592,90.23346384050569,23.940951559352364
G5709,90.23837174472125,23.94103993665844
G5826,90.24327967265101,23.941128157466306
G5710,90.23827566257106,23.945550844329585
G5593,90.23336758813113,23.945462448331536
G5827,90.24318376072884,23.945639083796348
G5594,90.23327131199673,23.949973334297642
G3485,90.14522495885373,23.93482346021802
G3602,90.15013225892409,23.93491463468363
G3719,90.15503958345995,23.93500565273935
G3603,90.15003313776793,23.939425203873903
G3486,90.1451256675818,23.939334010122405
G3720,90.15494063242333,23.93951624118245
G3604,90.1499339921425,23.943935770029828
G3721,90.15484165695936,23.94402682659251
G3487,90.14502635179865,23.943844556991152
G3722,90.15474265706433,23.948537408969035
G3371,90.14001922547577,23.948263711990656
G3137,90.13020372715023,23.948080464819117
G3372,90.13991969042108,23.952774233463806
G3255,90.13501175872294,23.952682668771963
G3138,90.1301038516312,23.95259094754737
G3139,90.1300039514638,23.957101427234626
G3373,90.13982013080195,23.95728475189857
G3256,90.13491202882778,23.9571931678495
G3257,90.13481227432243,23.96170366388686
G3374,90.13972054661457,23.96179526729445
G3839,90.15965051651945,23.948628328274943
G3956,90.16455840036745,23.94871909106556
G3840,90.1595516624387,23.953138926841113
G4074,90.16936779499513,23.953320334252048
G3957,90.16445971653957,23.953229708822317
G4075,90.16926925711111,23.957830968135717
G3841,90.1594527839613,23.95764952237409
G3958,90.164361008357,23.957740323547178
G4076,90.16917069491066,23.962341598988303
G3842,90.15935388108353,23.962160114873388
G3605,90.14983482204404,23.948446333150937
G3488,90.14492701150054,23.94835510082377
G3606,90.1497356274688,23.952956893236724
G3489,90.1448276466837,23.952865641619773
G3723,90.15464363273445,23.953047988311546
G3724,90.15454458396597,23.957558564619568
G3490,90.14472825734434,23.957376179378684
G3607,90.149636408413,23.957467450286725
G3725,90.15444551075517,23.96206913789262
G3608,90.14953716487291,23.96197800430045
G3959,90.16426227581601,23.962250935239652
G3843,90.15925495380162,23.96667070433851
G4077,90.16907210839003,23.966852226809305
G3960,90.16416351891287,23.96676154389925
G3844,90.15915600211184,23.971181290769
G3961,90.16406473764384,23.971272149525507
G4078,90.16897349754548,23.97136285159825
G3962,90.16396593200513,23.975782752117933
G3845,90.15905702601042,23.975691874164358
G4079,90.16887486237326,23.975873473354657
G3140,90.12990402664427,23.961611903880385
G3375,90.13962093785518,23.966305779650956
G3258,90.13471249520312,23.966214156883535
G3141,90.12980407716877,23.96612237748416
G3259,90.13461269146603,23.970724646839063
G3376,90.13952130452003,23.970816288967626
G3142,90.12970410303356,23.970632848045483
G3260,90.1345128631074,23.975235133752953
G3377,90.1394216466053,23.97532679524396
G3143,90.12960410423483,23.97514331556385
G3491,90.14462884347871,23.96188671410002
G3492,90.14452940508306,23.96639724578329
G3726,90.15434641309825,23.966579708130197
G3609,90.14943789684473,23.966488555277415
G3727,90.15424729099146,23.971090275331843
G3493,90.1444299421536,23.970907774428028
G3610,90.14933860432474,23.970999103217146
G3494,90.14433045468654,23.97541830003373
G3728,90.15414814443108,23.97560083949706
G3611,90.14923928730911,23.97550964811914
G3495,90.14423094267812,23.97992882259992
G3729,90.15404897341331,23.98011140062537
G3612,90.14913994579415,23.980020189982927
G3496,90.14413140612459,23.984439342126123
G3730,90.15394977793439,23.98462195871629
G3613,90.14904057977603,23.98453072880803
G3497,90.14403184502214,23.98894985861184
G3614,90.14894118925102,23.989041264593958
G3731,90.15385055799057,23.98913251376933
G3498,90.143932259367,23.9934603720566
G4080,90.16877620286962,23.980384092078047
G3846,90.1589580254936,23.98020245452411
G3963,90.16386710199303,23.98029335167604
G3964,90.16376824760381,23.984803948199357
G4081,90.16867751903085,23.984894707767936
G3847,90.15885900055764,23.984713031847765
G3965,90.16366936883367,23.989314541687392
G4082,90.16857881085318,23.98940532042384
G3848,90.15875995119879,23.98922360613485
G3966,90.16357046567889,23.993825132139666
G3378,90.13932196410722,23.979837298479474
G3261,90.13441301012347,23.979745617624715
G3144,90.1295040807688,23.97965378003879
G3379,90.13922225702204,23.984347798673692
G3145,90.12940403263165,23.984164241469813
G3262,90.1343131325104,23.984256098453876
G3380,90.13912252534595,23.988858295826127
G3263,90.13421323026444,23.988766576239946
G3146,90.12930395981962,23.988674699856432
G3147,90.1292038623289,23.993185155198162
G4304,90.17957657165435,23.93545839676081
G4421,90.18448404210271,23.935548476291977
G4187,90.17466912541992,23.935368160801143
G4188,90.17457085489887,23.939878825924954
G4422,90.18438611186181,23.940059179557775
G4305,90.17947847127152,23.939969080972144
G4306,90.17938034667107,23.944479762156895
G4189,90.17447256011823,23.944389488020892
G4423,90.18428815744524,23.94456987979827
G4190,90.17437424107432,23.948900147088466
G5009,90.20873044575676,23.949528912481778
G4892,90.2038223442608,23.949439558468026
G5010,90.20863329437225,23.954039701465707
G5127,90.21354159013148,23.954128917793213
G4893,90.20372502258998,23.953950328558996
G5128,90.21344458510194,23.958639722617946
G5011,90.20853611901074,23.958550487429285
G4894,90.20362767690021,23.958461095628344
G5129,90.21334755613371,23.96315052442311
G5012,90.20843891966858,23.96306127037203
G4424,90.18419017884928,23.949080577012975
G4307,90.17928219784926,23.94899044031457
G4191,90.17427589776338,23.953410803127205
G4308,90.1791840248024,23.953501115444688
G4425,90.1840921760702,23.95359127120141
G4192,90.1741775301817,23.957921456136617
G4309,90.17908582752672,23.958011787546777
G4426,90.18399414910428,23.958101962363095
G4193,90.1740791383255,23.962432106116232
G4427,90.18389609794784,23.962612650497555
G4775,90.19891426678011,23.949350047911196
G4541,90.18909818403239,23.9491705571806
G4776,90.19881677482668,23.953860799076143
G4659,90.1939085511243,23.953771113020217
G4542,90.18900035152481,23.953681270394277
G4543,90.18890249487238,23.95819198058249
G4777,90.19871925881232,23.958371547218192
G4660,90.19381086478906,23.958281842201885
G4778,90.19862171873335,23.962882292336854
G4661,90.19371315434721,23.96279256835889
G4544,90.18880461407139,23.962702687744763
G4662,90.19361541979507,23.96730329149074
G4545,90.1887067091181,23.967213391880602
G4779,90.19852415458602,23.967393034431645
G4663,90.19351766112891,23.971814011596976
G4546,90.18860878000883,23.97172409298954
G4780,90.1984265663667,23.971903773502103
G4664,90.19341987834504,23.97632472867711
G4547,90.18851082673984,23.976234791071086
G4781,90.19832895407167,23.97641450954773
G4895,90.20353030718778,23.962971859675587
G5130,90.21325050322311,23.967661323208237
G5013,90.20834169634205,23.967572050293455
G4896,90.20343291344903,23.96748262070024
G5131,90.21315342636646,23.972172118972843
G4897,90.20333549568024,23.971993378701832
G5014,90.20824444902748,23.972082827193102
G4898,90.20323805387771,23.97650413367987
G5015,90.20814717772117,23.97659360107047
G5132,90.21305632556007,23.976682911716455
G4310,90.17898760601855,23.96252245662035
G4311,90.17888936027416,23.967033122664922
G4428,90.18379802259713,23.9671233356043
G4194,90.17398072219112,23.96694275306556
G4312,90.17879109028978,23.971543785680023
G4195,90.17388228177478,23.971453396984128
G4429,90.18369992304845,23.97163401768286
G4430,90.18360179929807,23.97614469673274
G4313,90.17869279606171,23.976054445665167
G4196,90.17378381707277,23.975964037871435
G5016,90.20804988241946,23.98110437192509
G4899,90.20314058803777,23.981014885633886
G5133,90.21295920080026,23.981193701438595
G5017,90.20795256311862,23.98561513975648
G5134,90.21286205208334,23.985704488138776
G4900,90.2030430981567,23.985525634563395
G5135,90.21276487940565,23.990215271816528
G5018,90.20785521981499,23.99012590456417
G4901,90.20294558423082,23.990036380467927
G5136,90.21266768276348,23.99472605247137
G4665,90.19332207143974,23.98083544273065
G4548,90.18841284930744,23.980745486124768
G4782,90.19823131769719,23.980925242568052
G4666,90.19322424040931,23.985346153757135
G4549,90.1883148477079,23.985256178150102
G4783,90.19813365723958,23.98543597256259
G4667,90.19312638525005,23.989856861756074
G4550,90.18821682193749,23.989766867146614
G4784,90.19803597269517,23.98994669953087
G4668,90.19302850595821,23.99436756672699
G4431,90.18350365134226,23.98065537275348
G4314,90.17859447758624,23.980565102619863
G4197,90.17368532808136,23.980474675727024
G4432,90.18340547917732,23.98516604574458
G4198,90.17358681479679,23.984985310550396
G4315,90.17849613485963,23.985075756543647
G4433,90.18330728279952,23.98967671570557
G4199,90.17348827721534,23.989495942341087
G4316,90.17839776787812,23.989586407436025
G4434,90.18320906220511,23.994187382635964
G5474,90.22865235884349,23.936352152283117
G5240,90.2188370097076,23.9361746527539
G5357,90.22374467235733,23.936263480746536
G5475,90.22855596004631,23.940863025551085
G5241,90.21874027056386,23.94068548847509
G5358,90.22364810338505,23.94077433525765
G5476,90.228459537451,23.945373895805208
G5359,90.22355151057266,23.945285186753658
G5242,90.21864350753809,23.945196321179896
G5477,90.22836309105392,23.94988476304501
G5828,90.24308782513077,23.95015000711585
G5711,90.238179556703,23.950061748988933
G5595,90.23317501209888,23.954484217250204
G5829,90.24299186585318,23.95466092742432
G5712,90.23808342711345,23.95457265063599
G5713,90.23798727379878,23.959083549270293
G5830,90.24289588289243,23.959171844721297
G5596,90.2330786884339,23.95899509718875
G5714,90.2378910967553,23.96359444489137
G5597,90.23298234099815,23.96350597411281
G5243,90.21854672062659,23.94970715086785
G5360,90.22345489391657,23.949796035234066
G5478,90.22826662085141,23.954395627269996
G5244,90.21844990982574,23.954217977538466
G5361,90.22335825341304,23.954306880698407
G5245,90.21835307513184,23.958728801191267
G5479,90.22817012683981,23.958906488479712
G5362,90.22326158905845,23.958817723146204
G5246,90.21825621654123,23.96323962182578
G5363,90.22316490084914,23.96332856257698
G6062,90.25290443298289,23.950326053664494
G6179,90.25781277232332,23.950413842080195
G5946,90.24790032827606,23.954749047612182
G6063,90.25280881434013,23.954837011196553
G6180,90.2577173240034,23.954924818174426
G5947,90.24780451567288,23.959259983538747
G6064,90.25271317209815,23.95934796571963
G6181,90.25762185212626,23.95943579126093
G5948,90.24770867942489,23.96377091645461
G6182,90.25752635668829,23.963946761339226
G5480,90.22807360901545,23.963417346673673
G5481,90.22797706737467,23.96792820185139
G5364,90.22306818878143,23.967839398990247
G5247,90.21815933405023,23.967750439441517
G5248,90.21806242765517,23.972261254038013
G5365,90.22297145285162,23.972350232385548
G5482,90.22788050191382,23.9724390540124
G5249,90.21796549735237,23.976772065614778
G5483,90.22778391262922,23.976949903156214
G5366,90.2228746930561,23.976861062762385
G6065,90.25261750625336,23.96385891723325
G6066,90.2525218168021,23.96836986573693
G5949,90.24761281952846,23.96828184635926
G6183,90.25743083768586,23.968457728408826
G5950,90.24751693597993,23.97279277325226
G6184,90.25733529511533,23.972968692469276
G6067,90.25242610374076,23.972880811230194
G6185,90.25691483646868,23.977226687233678
G6068,90.2523303670657,23.97739175371257
G5951,90.24742102877566,23.977303697133102
G5831,90.24279987624487,23.963682759006307
G5598,90.23288596978799,23.96801684802189
G5715,90.23779489597939,23.968105337498727
G5832,90.24270384590687,23.968193670278858
G5599,90.23278957479975,23.97252771891553
G5833,90.2426077918748,23.972704578538487
G5716,90.2376986714674,23.972616227091905
G5600,90.23269315602975,23.97703858679324
G5834,90.24251171414498,23.977215483784715
G5717,90.23760242321568,23.97712711367042
G5601,90.2325967134744,23.981549451654544
G5835,90.2424156127138,23.981726386017062
G5718,90.23750615122057,23.98163799723379
G5602,90.23250024712996,23.986060313498974
G5836,90.2423194875776,23.986237285235052
G5719,90.23740985547843,23.98614887778155
G5603,90.23240375699281,23.99057117232605
G5837,90.24222333873273,23.990748181438214
G5720,90.2373135359856,23.990659755313214
G5604,90.23230724305931,23.995082028135297
G5250,90.21786854313817,23.981282874171345
G5367,90.22277790939117,23.981371890120283
G5484,90.22768729951724,23.981460749282366
G5485,90.22759066257419,23.985971592390374
G5251,90.21777156500886,23.985793679707225
G5368,90.22268110185314,23.985882714458775
G5486,90.2274940017964,23.99048243247976
G5252,90.21767456296078,23.99030448222196
G5369,90.22258427043838,23.990393535777375
G5487,90.22739731718022,23.99499326955005
G5952,90.24732509791205,23.98181461800133
G6069,90.25217371613154,23.98183988848514
G6186,90.2555924342398,23.981683461377845
G6070,90.25102108429826,23.986091948308577
G5953,90.24722914338544,23.986325535856462
G5954,90.24713316519218,23.99083645069802
G6071,90.25029261185718,23.990941580705808
G5955,90.24703716332864,23.995347362525532
G4083,90.16848007833289,23.99391593004528
G3849,90.15866087741328,23.99373417738488
G3850,90.15856177919734,23.998244745597365
G4084,90.1683813214662,23.998426536631772
G3967,90.16347153813571,23.99833571955571
G3968,90.16337258620037,24.002846303935023
G3851,90.15846265654724,24.002755310771843
G4085,90.16805071155865,24.00280979184499
G3969,90.16327360986912,24.00735688527713
G3852,90.1583635094592,24.0072658729078
G3615,90.14884177421533,23.993551797340224
G3732,90.15375131357808,23.99364306578402
G3499,90.14383264915544,23.997970882459914
G3616,90.14874233466519,23.998062327046352
G3733,90.15365204469317,23.99815361475988
G3500,90.14373301438361,24.002481389821305
G3734,90.15355275133207,24.00266416069641
G3617,90.14864287059683,24.002572853711857
G3618,90.1485433820065,24.00708337733625
G3735,90.15345343349098,24.007174703593137
G3381,90.13902276907515,23.993368789936298
G3264,90.13411330338178,23.99327705098243
G3148,90.12910374015566,23.997695607494524
G3382,90.1389229882059,23.99787928100371
G3265,90.13401335185866,23.997787522680866
G3149,90.12900359329613,24.002206056745038
G3266,90.13391337569124,24.002297991334757
G3383,90.1388231827344,24.002389769027896
G3150,90.12890342174653,24.006716502949203
G3267,90.13381337487577,24.006808456943617
G3501,90.14363335504777,24.00699189414028
G3736,90.15335409116616,24.011685243449577
G3619,90.14844386889038,24.011593897919067
G3502,90.14353367114413,24.011502395416365
G3737,90.15325472435386,24.01619578026526
G3620,90.14834433124472,24.016104415459804
G3503,90.14343396266891,24.016012893649076
G3738,90.15315235888606,24.02070347721199
G3621,90.14824476906574,24.020614929957993
G3504,90.14333422961832,24.020523388837923
G4086,90.16692448007257,24.006886411514778
G3853,90.15826433792947,24.011776432004783
G3970,90.16289305429731,24.011555338407117
G4087,90.16641670812989,24.010710638333588
G3971,90.16121860834897,24.016033439838033
G3854,90.15816514195426,24.016286988062305
G3972,90.16106861583478,24.019159573032788
G3855,90.15764730855587,24.01995318055606
G3384,90.13872335265685,24.00690025400836
G3151,90.12880322550303,24.011226946106554
G3268,90.13371334940842,24.011318919506973
G3385,90.13862349796946,24.01141073594462
G3152,90.12870300456184,24.0157373862166
G3386,90.13852361866846,24.015921214836204
G3269,90.13361329928543,24.015829379024336
G3153,90.12860275891916,24.020247823278847
G3387,90.13842371475005,24.020431690682614
G3270,90.13351322450298,24.020339835495204
G3154,90.12850248857117,24.02475825729283
G3388,90.13832378621042,24.024942163483377
G3271,90.13341312505727,24.024850288919122
G3272,90.13331300094453,24.029360739295598
G3389,90.1382238330458,24.02945263323801
G3155,90.12840219351409,24.02926868825804
G3390,90.13820561519917,24.03286545701638
G3273,90.13315486891757,24.03243839100606
G3156,90.12870848164751,24.032318658578685
G3739,90.15207146437669,24.0235608810661
G3622,90.14771993300059,24.024594955795088
G3505,90.14323447198856,24.02503388098243
G3623,90.14640739024708,24.029586942346466
G3506,90.14313468977589,24.02954437008211
G3507,90.14293197630708,24.032902405638502
G3624,90.14653265268905,24.03274941753903
G4200,90.17338971533327,23.994006571098602
G4317,90.17829937663802,23.994097055296532
G4435,90.18311081739039,23.99869804653529
G4201,90.17327940272233,23.998504055558953
G4318,90.17824509991362,23.99855883563325
G4436,90.18354732091115,24.00349080602696
G4202,90.17166367097019,24.00083277889191
G4319,90.17870843200095,24.001095462047743
G4437,90.18388126448217,24.006741399097866
G4785,90.19793826406018,23.994457423472408
G4551,90.1881187719925,23.99427755311381
G4786,90.19784053133097,23.99896814438672
G4669,90.1929306025301,23.998878268669404
G4552,90.18802069786923,23.99878823605123
G4553,90.18792259956393,24.003298915958382
G4787,90.1977427745038,24.003478862273347
G4670,90.192832674962,24.00338896758284
G4554,90.1879385351051,24.007810024226004
G4788,90.19804433959254,24.007283634454566
G5019,90.20775785250484,23.99463666634767
G4902,90.20284804625639,23.99454712334699
G5137,90.21257046215314,23.999236830102824
G5020,90.2076604611845,23.999147425106504
G4903,90.20275048422978,23.999057863200115
G4904,90.20260087880472,24.00351094776033
G5138,90.21241119305922,24.003681410459148
G5021,90.20759744423643,24.003622634270094
G5022,90.20898856564288,24.007626247072423
G5139,90.21129731870164,24.007528906432487
G4671,90.19248685774085,24.00770955411308
G4672,90.19169879972576,24.011889045506468
G4555,90.18804351930277,24.011104397553318
G4905,90.20183023869453,24.007770712092878
G4438,90.1848512702671,24.010442326514752
G5253,90.21757753699026,23.994815281715034
G5370,90.22248741514318,23.994904354075615
G5488,90.22730060872196,23.999504103600756
G5371,90.2223905359639,23.999415169353004
G5254,90.21748048709361,23.999326078186005
G5489,90.22720387641797,24.00401493463142
G5255,90.21751513752699,24.00367126208018
G5372,90.22229363289682,24.00392598160908
G5373,90.22247419536464,24.00783081405144
G5490,90.2270364054741,24.0078633986613
G5838,90.24212716617556,23.995259074626073
G5721,90.23721719273843,23.995170629828312
G5839,90.24203096990242,23.99976996479814
G5605,90.23221070532576,23.999592880926226
G5722,90.23712082573326,23.999681501326368
G5840,90.24193474990966,24.00428085195396
G5723,90.23702443496643,24.0041923698069
G5606,90.23211414378852,24.004103730698375
G5724,90.23691241698806,24.008012184938444
G5607,90.23209566006044,24.00794689892509
G6189,90.25499141846612,23.995762409304927
G6072,90.25190809710885,23.99547631332889
G6190,90.25457806211735,23.998231363254625
G5956,90.24694113779118,23.999858271338525
G6073,90.25147604369295,23.99979422280773
G6191,90.25463238922706,24.005900370105472
G5957,90.24684508857617,24.00436917713651
G6074,90.25160650375469,24.00453820281691
G6192,90.25614766727801,24.009527655341476
G5958,90.24674901567991,24.008880079919027
G5841,90.24202892562829,24.0086499447725
G5842,90.2425737456262,24.013324681460798
G5843,90.24243814132534,24.01788062092455
G5844,90.24205289508879,24.022241132891608
G5256,90.21880537212533,24.006864292255347
G6075,90.25165954885104,24.008968266744393
G6193,90.25646702290058,24.01356112512677
G5959,90.2466529190988,24.0133909796856
G6076,90.25156362313541,24.01347918512255
G6194,90.25618451136339,24.016439993077473
G6077,90.2510744793883,24.017730075793637
G5960,90.24655679882919,24.01790187643574
G5961,90.2464606548674,24.022412770168984
G6078,90.25004129219724,24.022416909969092
G5845,90.2424053945867,24.026945702303863
G5729,90.2388435120309,24.029652112423022
G5846,90.2417227450386,24.031053146702718
G5847,90.24336782553155,24.03372157479019
G5962,90.24636448720983,24.02692366088485
G6079,90.2505410717886,24.0268303445524
G5963,90.2458379226419,24.031108433737998
G6080,90.24913435029175,24.02950569117193
G5964,90.24436434663806,24.033761682754506
G1636,90.06591360099691,24.036004364675758
G1870,90.07540351733206,24.037383052966177
G1987,90.07909140137515,24.03735999922214
G1988,90.0788234765415,24.040320918333183
G1871,90.07528831460114,24.04032581711584
G0349,90.01184342500136,24.035679342001742
G0583,90.01985886829472,24.034722583058794
G0467,90.0149513609552,24.040578490601657
G0350,90.01233854246736,24.040336984686576
G0468,90.01638860794431,24.043535970214034
G0700,90.0245350338631,24.03438012260826
G2104,90.08269721061541,24.03684686683557
G2105,90.08176491573175,24.040050481425425
G6230,90.26775926299061,23.65412277275863
G6113,90.26576813871883,23.65438574725488
G5996,90.25724238893153,23.654733848880852
G6231,90.26849150329281,23.657455055319282
G6114,90.26414335869546,23.65746313618555
G5997,90.25896472408638,23.657239248509626
G6348,90.27146857153575,23.65930330355413
G6232,90.26877017958377,23.661791586302158
G6115,90.26387263055092,23.661705137741066
G5998,90.25897510484248,23.661618534716244
G6116,90.26377868241636,23.66621630533984
G6233,90.26867639910202,23.66630277235076
G5999,90.25888098905868,23.666129683832235
G6117,90.26368471095387,23.670727469961374
G6000,90.25878684990533,23.670640829969773
G6234,90.26858259533388,23.670813955423363
G6001,90.25869268737891,23.675151973128372
G6349,90.27246436872196,23.66246910585701
G6350,90.2735521430877,23.666409354845523
G6467,90.27750500492809,23.667275674792737
G6585,90.2822625144583,23.672215386399177
G6351,90.27348050300382,23.67090028635276
G6468,90.27835493548584,23.67100656661312
G6586,90.28318208887845,23.675584587461415
G6934,90.30032071065114,23.664450093653745
G6818,90.29462570215759,23.668416965208475
G6935,90.29843028236631,23.667289611196882
G6702,90.28929234243533,23.672437369655107
G6936,90.29797038924683,23.671329622908136
G6819,90.29319596839379,23.671373270958732
G6703,90.28810441687523,23.675694761164632
G7981,90.3435327522215,23.63785865805026
G7864,90.34020482443402,23.638193887250598
G7748,90.33356302217236,23.641631554320895
G7865,90.33797723113882,23.640743254571777
G7982,90.34269217226046,23.640512438511355
G7749,90.33280659593021,23.644855638873914
G7866,90.33770379674814,23.644939852692833
G7631,90.33034955137634,23.64251905921561
G7515,90.32514747855886,23.646635050386553
G7632,90.32840045985877,23.645395861163742
G7283,90.31488446650283,23.655530986232737
G7167,90.30962767282972,23.659688109774734
G7284,90.31324813260773,23.65836397469936
G7983,90.34260102025306,23.645023912136075
G7750,90.33271508620307,23.64936707360852
G7867,90.33761245455646,23.64945130541122
G7984,90.34250984560026,23.649535382805304
G7868,90.3375210896744,23.653962755172458
G7985,90.34241864829865,23.654046850518572
G7751,90.33262355374399,23.65387850538478
G7752,90.33253199854947,23.658389934202216
G7869,90.33742970209848,23.65847420197607
G7986,90.34232742834479,23.658558315275407
G7399,90.32024407511966,23.651307986880834
G7633,90.32781774058162,23.64928268740009
G7516,90.32366456574236,23.64978625416899
G7634,90.32772604054897,23.653794101158418
G7400,90.31851158994687,23.654215988210368
G7517,90.32282855013094,23.65370954249625
G7635,90.32763431773932,23.65830551195673
G7401,90.31783902450194,23.658136204062387
G7518,90.32273665970962,23.658220935242493
G7168,90.30805947941505,23.662603189910257
G7051,90.30364597590558,23.66350296599566
G7285,90.31284916361841,23.662562671998476
G7169,90.30785896740414,23.666988946204484
G7052,90.30296106559172,23.666903715272845
G7286,90.31275689217031,23.667074022613058
G7170,90.30776650531791,23.67150027569948
G7053,90.30286843578295,23.671415026580362
G7287,90.31266459781008,23.671585370262584
G7171,90.30767402027446,23.67601160222774
G7987,90.34223618573522,23.663069777075332
G7753,90.3324404206161,23.662901360060342
G7870,90.33733829182529,23.66298564582157
G7988,90.3421449204665,23.667581235917886
G7754,90.33234881994042,23.667412782958714
G7871,90.33724685885136,23.667497086708504
G7989,90.34205363253518,23.67209269180258
G7755,90.33225719651895,23.671924202896836
G7872,90.33715540317324,23.672008524636393
G7990,90.34196232193783,23.676604144728945
G7636,90.32754257214924,23.662816919794537
G7402,90.31774694360881,23.66264757576071
G7519,90.32264474646628,23.662732325027033
G7637,90.32745080377525,23.66732832467139
G7403,90.31765483984861,23.66715894449567
G7520,90.32255281039745,23.667243711849412
G7638,90.32735901261388,23.67183972658679
G7404,90.31756271321785,23.67167031026677
G7521,90.32246085149966,23.67175509570914
G7639,90.32726719866169,23.676351125540272
G8215,90.35102423859398,23.63801991209203
G8098,90.34756718055293,23.637609147511036
G8216,90.35240217978222,23.640770944975394
G8333,90.35625442416243,23.64172998656466
G8099,90.34758925090996,23.64059632565935
G8217,90.35239553515743,23.64519156788407
G8100,90.34749826640333,23.64510781720077
G8334,90.35722129956153,23.645335453226117
G8218,90.35230469559275,23.64970307435614
G8335,90.35720215445829,23.64978668850717
G8101,90.34740725929288,23.649619305787898
G8219,90.35221383346239,23.654214577874637
G8336,90.3571114599187,23.654298209878856
G8102,90.34731622957517,23.65413079142025
G8220,90.35212294876291,23.65872607843907
G8337,90.35702074285157,23.658809728297665
G8103,90.34722517724678,23.658642274097364
G9037,90.38675343635691,23.651577389934612
G8803,90.3769334473131,23.651777995750237
G8920,90.38176872265961,23.651692833226647
G8921,90.3815999292816,23.654714053047766
G9038,90.38649769027938,23.654796758291223
G8804,90.37670219060345,23.654631193337075
G8805,90.37661214409987,23.659142782843876
G8922,90.38151005042742,23.659225660244168
G9039,90.38640797907799,23.659308383144285
G8451,90.3605823962818,23.64651343201155
G8686,90.37323313201134,23.651974215345508
G8452,90.36180245454065,23.650102103875636
G8569,90.36530427650688,23.651626470878163
G8570,90.36684889117002,23.654535216068656
G8453,90.36200910890254,23.654381687430057
G8687,90.37184282124743,23.654592673864915
G8571,90.36681639858016,23.6589765645541
G8688,90.37171426013691,23.659059750946238
G8454,90.36191855947118,23.658893223670294
G8572,90.3667259943402,23.663488115631836
G8689,90.37162402358113,23.663571319780676
G8455,90.36182798755044,23.663404756958375
G8690,90.37153376461578,23.66808288566486
G8573,90.36663556764906,23.66799966375814
G8456,90.36173739313693,23.66791628729384
G8574,90.36654511850331,23.67251120893253
G8691,90.3714434832374,23.672594448598314
G8457,90.36164677622723,23.672427814676205
G8458,90.3615561368179,23.676939339105004
G8806,90.37652207523169,23.663654369402057
G8923,90.38142014925022,23.663737264493136
G9040,90.38631824559516,23.663820005051083
G8924,90.38133022574662,23.668248865794208
G8807,90.3764319839955,23.668165953011158
G9041,90.38622848982753,23.66833162401116
G8925,90.38124027991321,23.6727604641469
G8808,90.3763418703879,23.67267753367072
G9042,90.38613871177171,23.67284324002404
G8926,90.38115031174661,23.67727205955076
G8338,90.3569300032535,23.66332124376314
G8221,90.35203204149089,23.663237576048985
G8104,90.34713410230428,23.663153753818758
G8339,90.35683924112102,23.66783275627481
G8105,90.34704300474421,23.667665230583967
G8222,90.35194111164292,23.6677490707039
G8223,90.35185015921554,23.67226056240335
G8340,90.35674845645077,23.672344265832194
G8106,90.34695188456314,23.67217670439252
G8224,90.35175918420533,23.676772051146852
G6118,90.26359071615984,23.67523863160521
G6235,90.26848876827583,23.675325135519472
G6002,90.25859850147586,23.679663113307555
G6119,90.26349669803079,23.679749790270858
G6236,90.26839491792433,23.67983631263864
G6120,90.26340265656313,23.684260945957845
G6237,90.26830104427582,23.68434748678037
G6003,90.2585042921926,23.68417425050685
G6004,90.2584100595256,23.68868538472577
G6121,90.26330859175333,23.688772098665684
G6937,90.29787756867866,23.675840913026068
G6820,90.29297937742581,23.675755336549066
G6704,90.28798803005247,23.68018085609557
G6821,90.29288636601504,23.680266605441552
G6938,90.29778472506659,23.68035220017436
G6705,90.2878948277159,23.68469210372676
G6822,90.29279333151526,23.684777871362716
G6939,90.29769185840712,23.684863484352547
G6706,90.28780160224522,23.689203348384915
G6940,90.29759896869675,23.689374765560146
G6352,90.27338684368527,23.675411484868217
G6469,90.27828494234659,23.675497679648494
G6587,90.28308971722053,23.680094952139356
G6353,90.27329316111485,23.679922680407945
G6470,90.27819142756078,23.680008893575835
G6588,90.28299634705068,23.684606181447606
G6471,90.27809788956118,23.684520104528204
G6354,90.27319945528903,23.68443387297147
G6472,90.27800432834427,23.689031312505094
G6589,90.2829029537051,23.689117407781612
G6238,90.26820714732676,23.688858657944184
G6005,90.2583158034713,23.693196515963834
G6122,90.26321450359784,23.693283248393914
G6239,90.26811322707361,23.69336982612961
G6006,90.25822152402615,23.697707644220586
G6123,90.2631203920931,23.697794395142044
G6240,90.26801928351286,23.69788099133618
G6007,90.25812722118657,23.70221876949552
G6124,90.26302625723555,23.7023055389096
G6241,90.2679253166409,23.702392153563387
G6823,90.29270027392296,23.68928913431207
G6941,90.29750605593196,23.693886043796685
G6824,90.29260719323464,23.693800394289156
G6707,90.28770835363689,23.693714590069586
G6942,90.29741312010925,23.698397319061694
G6825,90.29251408944678,23.698311651293483
G6708,90.2876150818874,23.698225828780288
G6826,90.29242096255588,23.702822905324588
G6709,90.28752178699321,23.70273706451653
G6943,90.29732016122512,23.702908591354678
G6355,90.27310572620426,23.688945062558307
G6473,90.27791074390645,23.693542517506057
G6356,90.27301197385704,23.693456249167976
G6590,90.28280953718027,23.693628631140907
G6474,90.27781713624425,23.69805371953061
G6357,90.27291819824377,23.697967432800013
G6591,90.28271609747266,23.698139851525013
G6475,90.27772350535412,23.702564918578258
G6592,90.28262263457874,23.702651068933445
G6358,90.27282439936096,23.702478613453927
G6125,90.26293209902167,23.706816679696107
G6242,90.26783132645423,23.706903312810784
G6008,90.25803289494903,23.70672989178817
G6009,90.25793854530993,23.711241011098064
G6126,90.26283791744787,23.711327817501083
G6243,90.26773731294928,23.711414469077887
G6244,90.2676432761225,23.7159256223642
G6127,90.26274371251061,23.71583895232405
G6010,90.25788469196807,23.715745833870432
G6128,90.26264948420634,23.720350084164536
G6944,90.29722717927605,23.707419860675188
G6710,90.28742846895084,23.70724829727786
G6827,90.29232781255838,23.707334156381986
G6711,90.28733512775672,23.71175952706379
G6828,90.29223463945081,23.711845404465212
G6945,90.29713417425852,23.71193112702273
G6712,90.28724176340735,23.716270753873843
G6829,90.29214144322964,23.716356649573772
G6946,90.29704114616904,23.716442390396836
G6713,90.2871483758992,23.72078197770755
G6359,90.27273057720505,23.706989791129253
G6593,90.28252914849499,23.707162283365733
G6476,90.27762985123252,23.70707611464855
G6360,90.27263673177251,23.711500965825508
G6594,90.28243563921787,23.711673494821408
G6477,90.27753617387592,23.711587307740995
G6361,90.27254286305978,23.71601213754221
G6478,90.27744247328079,23.716098497855118
G6595,90.28234210674385,23.71618470329998
G6362,90.27244897106333,23.720523306278892
G6245,90.26754921597036,23.72043677266927
G6011,90.25774981539467,23.720263278398853
G6129,90.26255523253147,23.724861213022056
G6012,90.25765535594779,23.724774351126385
G6246,90.2674551324893,23.724947919992605
G6247,90.26736102567574,23.729459064333735
G6013,90.25756091266692,23.72928545850045
G6130,90.26246095748247,23.729372338896138
G6248,90.26726689552618,23.733970205692177
G6131,90.26236665905579,23.733883461786306
G10198,90.43404981391899,23.61214613125601
G10199,90.43523135618223,23.61558938770682
G10786,90.45929371545235,23.626220719742445
G10552,90.45094563908066,23.62541691603741
G10669,90.45535493954115,23.625536798236187
G10553,90.45069532750158,23.628786698790723
G10787,90.46047581322499,23.62896085292096
G10670,90.45559239128288,23.62886713805175
G10788,90.46040241060864,23.633459326312938
G10200,90.43617004504905,23.61952960062063
G10434,90.44354721413745,23.621863212990867
G10317,90.44030699419856,23.620445815179377
G10435,90.44553628147676,23.624737735573653
G10318,90.44098897925774,23.624113519923462
G10201,90.43609214815233,23.624032635031153
G10436,90.4457982854378,23.628706105221163
G10319,90.4409012651331,23.62862535734582
G10202,90.43600426662908,23.628544455167454
G10437,90.44571071695601,23.633217956967552
G9964,90.42822022405068,23.61174841430368
G10081,90.43130386647542,23.611057202428423
G10082,90.43137137108491,23.61492798144124
G9965,90.42691895376623,23.615152704937138
G9848,90.42365587378643,23.61672132823624
G9966,90.42638674588832,23.619358614048803
G10083,90.43128336592393,23.619439790122176
G9849,90.42223414582712,23.61978186264135
G10084,90.43119533888583,23.623951595871524
G9967,90.42629855149978,23.623870402447356
G9850,90.42140178603573,23.623789054761403
G9968,90.42621033518924,23.6283821879127
G10085,90.43110728996727,23.628463398688822
G9851,90.42131340233652,23.628300822841858
G9969,90.42612209695336,23.632893970444375
G9732,90.418936987264,23.621445768640303
G9616,90.41391554375268,23.62579588336418
G9733,90.41720441681362,23.62438493782052
G9617,90.41263330166488,23.628780009700186
G9734,90.4164164914507,23.62821930347906
G9618,90.41147222546161,23.632687991778845
G11139,90.47285279906306,23.6346273656464
G11021,90.46963677479712,23.63028388300788
G10904,90.46520098264077,23.629539035973018
G11022,90.47017827910211,23.633634369045883
G10905,90.46529968515699,23.633539474071107
G10789,90.46031532283945,23.63797122669826
G10320,90.44081352920784,23.633137191837953
G10203,90.43591636326363,23.63305627237239
G10204,90.43582843805264,23.637568086645484
G10321,90.4407257714786,23.637649023399412
G10438,90.44562312671182,23.637729805784407
G10439,90.44553551470194,23.64224165167124
G10322,90.44063799194208,23.642160852029704
G10205,90.4357404909928,23.64207989798628
G10206,90.4356525220808,23.646591706394304
G10323,90.44055019059498,23.64667267772838
G10554,90.45060792646657,23.633298567758416
G10671,90.45550515769798,23.633379024207795
G10672,90.45541790243384,23.637890907436585
G10555,90.45052050371078,23.63781043379771
G10556,90.45043305923083,23.642322296908144
G10673,90.45533062548712,23.642402787737648
G10557,90.45034559302346,23.64683415708926
G10674,90.45524332685457,23.646914665110533
G10675,90.45515600653289,23.651426539554766
G10441,90.44536022537186,23.651265334653043
G11023,90.4699021491645,23.637963964789183
G10906,90.46521276488603,23.638051391580017
G10790,90.46022821342928,23.642483124157007
G10907,90.46505519093174,23.64250595857952
G11024,90.46862662732944,23.64136706667741
G10791,90.46014108237483,23.64699501868871
G10908,90.46402610080595,23.64645951185661
G10792,90.45949508761318,23.651040633097356
G10440,90.44544788092306,23.646753494627617
G10207,90.43556453131332,23.65110351186909
G10324,90.44046236743398,23.651184500494967
G10208,90.43547651868703,23.65561531441018
G10325,90.44037452245577,23.655696320329014
G10209,90.43538848419861,23.6601271140171
G10326,90.44028665565705,23.66020813723003
G10093,90.43040211052384,23.66455771561728
G10327,90.44019876703446,23.66471995119756
G10210,90.43530042784477,23.66463891068938
G10558,90.45025810508537,23.651346014340568
G10442,90.44527254804504,23.65577717174707
G10559,90.45017059541324,23.65585786866162
G10676,90.45473756126648,23.655652074570337
G10443,90.44518484893929,23.660289005909227
G10560,90.44999909941097,23.660295411385672
G10677,90.45327393084555,23.659143977046472
G10561,90.44865493605391,23.664318932289333
G10444,90.44509712805132,23.664800837139047
G10909,90.46268697999467,23.649494331842458
G10793,90.45798056391473,23.6542356283405
G10094,90.43031386453166,23.6690694920251
G10211,90.43521234962213,23.669150704426563
G10328,90.44011085658472,23.66923176223115
G10095,90.43022559662576,23.67358126549619
G10212,90.43512424952742,23.673662495228186
G10329,90.44002292430451,23.673743570330316
G10330,90.4399349701905,23.6782553754946
G10213,90.4350361275573,23.678174283093764
G10096,90.43013730680282,23.6780930360301
G10331,90.43984699423939,23.68276717772354
G10445,90.44500938537779,23.669312665436067
G10562,90.44886332112587,23.669847056808944
G10680,90.45246193224045,23.674765687793155
G10446,90.4449216209154,23.673824490799817
G10563,90.44978709801808,23.67393363172006
G10681,90.4544573081954,23.678920443879573
G10447,90.44483383466083,23.67833631322983
G10564,90.44973272092665,23.6784170962967
G10682,90.45454415670834,23.683009578623096
G10798,90.45774911549002,23.679654015776936
G10916,90.46426212747893,23.684314351453132
G9385,90.40270854268742,23.637929529862518
G9386,90.40148956043191,23.641539269447016
G9269,90.39728649577971,23.642262429548914
G9387,90.40136945676365,23.646020583113145
G9270,90.39650600364205,23.645967813411556
G9501,90.40738389217462,23.633615927689547
G9735,90.41632791835772,23.632731051205685
G9502,90.40645214137092,23.63708605254754
G9619,90.41134209948693,23.637161087438848
G9736,90.41623932325297,23.637242795995853
G9503,90.40635594564772,23.64159093144134
G9737,90.41615070613308,23.641754537849103
G9620,90.41125331486039,23.641672811837825
G9621,90.41116450817378,23.646184533298264
G9504,90.40626697141624,23.646102635413396
G10086,90.43101921916494,23.632975198573597
G9852,90.42122499667043,23.632812587987477
G10087,90.43093112647553,23.63748699552539
G9970,90.42603383678883,23.637405750041907
G9853,90.42113656903412,23.6373243501978
G10088,90.43084301189567,23.641998789543734
G9971,90.4259455546923,23.641917526704834
G9854,90.42104811942426,23.641836109472365
G10089,90.43075487542211,23.64651058062815
G9972,90.42585725066047,23.646429300432693
G9153,90.39339162449103,23.647057598586155
G9388,90.40128029284408,23.650532266622523
G9154,90.39180041948381,23.650734184409195
G9271,90.39638263275829,23.65045004235425
G9389,90.40119110677458,23.655043947190098
G9155,90.39139547355519,23.654879309064654
G9272,90.39629327906746,23.65496170536521
G9390,90.40110189855183,23.659555624815386
G9156,90.39130593000998,23.65939095154141
G9273,90.39620390318179,23.659473365432714
G9855,90.42095964783749,23.646347865810704
G10090,90.43066671705145,23.65102236877818
G9856,90.42087115427049,23.65085961921234
G9973,90.42576892468999,23.650941071225002
G9857,90.42078263871991,23.655371369676818
G10091,90.43057853678042,23.655534153993354
G9974,90.42568057677751,23.65545283908131
G10092,90.43049033460565,23.66004593627321
G9858,90.42069410118245,23.65988311720366
G9975,90.42559220691972,23.65996460400114
G9738,90.41606206699473,23.64626627676497
G9739,90.41597340583458,23.65077801274297
G9622,90.41107567942379,23.65069625181968
G9505,90.40617797507977,23.650614336445273
G9740,90.41588472264924,23.65528974578266
G9506,90.40608895663499,23.655126034536497
G9623,90.41098682860707,23.655207967401623
G9624,90.41089795572024,23.659719680043608
G9507,90.40599991607851,23.65963772968662
G9741,90.41579601743543,23.65980147588355
G9508,90.40591085340701,23.664149421895146
G9625,90.41080906075997,23.664231389745172
G9742,90.41570729018976,23.66431320304518
G9509,90.40582176861709,23.668661111161633
G9626,90.4107201437229,23.66874309650585
G9743,90.41561854090888,23.668824927267096
G9744,90.41552976958947,23.673336648548812
G9510,90.4057326617054,23.673172797485595
G9627,90.41063120460568,23.673254800325168
G9511,90.40564353266858,23.67768448086657
G9391,90.40101266817244,23.664067299497923
G9157,90.3912163642249,23.66390259107308
G9274,90.39611450509786,23.663985022556297
G9392,90.40092341563303,23.668578971237245
G9275,90.39602508481235,23.6684966767355
G9158,90.39112677619664,23.6684142276592
G9393,90.40083414093026,23.673090640032882
G9159,90.3910371659218,23.67292586129929
G9276,90.39593564232185,23.67300832796985
G9394,90.40074484406072,23.677602305884367
G9859,90.42060554165472,23.664394861792395
G9976,90.42550381511329,23.664476365984022
G9977,90.42541540135487,23.668988125029504
G9860,90.42051696013341,23.668906603442576
G9978,90.42532696564113,23.673499881137108
G9861,90.42042835661516,23.67341834215372
G9862,90.42033973109665,23.677930077925364
G9745,90.41544097622817,23.67784836688987
G9979,90.42523850796873,23.678011634306365
G9980,90.42515002833433,23.682523384536818
G11140,90.47281642098739,23.636668612053096
G11151,90.4723262286291,23.689053705877903
G11152,90.47389826424889,23.692442427612573
G11386,90.48225828588521,23.694408851693325
G11269,90.47814427113457,23.69324705914768
G11153,90.47388014612713,23.696866363558787
G11270,90.47877983423804,23.69694628670864
G9160,90.39094753339697,23.67743749199289
G9277,90.39584617762297,23.67751997625887
G9278,90.39575669071239,23.6820316216021
G9395,90.4006555250211,23.682113968791228
G9161,90.3908578786188,23.681949119739524
G9279,90.39566718158667,23.686543263999077
G9162,90.39076820158387,23.686460744538728
G9396,90.40056618380797,23.686625628753
G9163,90.39067850228884,23.690972366390028
G9280,90.39557765024247,23.691054903449313
G9628,90.41054224340495,23.67776650120267
G9629,90.41045326011732,23.682278199137876
G9512,90.40555438150328,23.68219616130408
G9630,90.41036425473948,23.68678989413033
G9513,90.40546520820611,23.686707838797687
G9631,90.41027522726806,23.69130158617955
G9514,90.40537601277371,23.691219513346883
G9397,90.40047682041799,23.691137285769205
G9632,90.41018617769966,23.69581327528508
G9515,90.40528679520274,23.69573118495123
G9863,90.42025108357448,23.682441810757037
G9746,90.41535216082161,23.68236008228979
G9981,90.4250615267346,23.687035131827994
G9864,90.42016241404536,23.686953540648283
G9747,90.41526332336645,23.68687179474813
G9982,90.42497300316619,23.69154687617942
G9865,90.42007372250593,23.691465267598613
G9748,90.41517446385933,23.691383504264394
G9749,90.41508558229691,23.695895210838124
G9866,90.41998500895282,23.695976991607584
G9983,90.42488445762575,23.69605861759064
G9750,90.41499667867582,23.70040691446887
G9867,90.4198962733827,23.70048871267472
G9984,90.42479589010995,23.700570356061192
G9751,90.41490775299272,23.704918615156142
G9868,90.41980751579221,23.705000430799544
G9985,90.42470730061542,23.705082091590594
G9752,90.41481880524422,23.70943031289949
G9869,90.41971873617801,23.70951214598161
G9986,90.42461868913887,23.709593824178388
G9398,90.40038743484777,23.695648939839383
G9399,90.40029802709394,23.70016059096307
G9516,90.40519755548979,23.700242853610245
G9633,90.41009710603096,23.700324961446448
G9400,90.40020859715314,23.70467223913979
G9517,90.40510829363151,23.704754519323465
G9634,90.4100080122586,23.70483664466318
G9401,90.40011914502197,23.70918388436908
G9635,90.40991889637918,23.709348324934826
G9518,90.40501900962454,23.70926618209042
G9164,90.39058878073028,23.695483985292956
G9281,90.3954880966764,23.695566539952356
G9165,90.39049903690484,23.699995601247053
G9282,90.39539852088507,23.700078173507734
G9166,90.39040927080912,23.70450721425183
G9049,90.38550964102679,23.704424469553185
G9283,90.39530892286513,23.704589804114974
G9050,90.38541968454336,23.708936061971585
G9167,90.39031948243972,23.70901882430684
G9284,90.39521930261314,23.709101431773615
G9753,90.414729835427,23.71394200769843
G9870,90.41962993453674,23.71402385822043
G9987,90.42453005567691,23.714105553824105
G9754,90.41464084353767,23.718453699552505
G9871,90.41954111086504,23.718535567515552
G9988,90.42444140022619,23.71861728052728
G9989,90.42435272278337,23.723129004287447
G9755,90.41455182957289,23.722965388461255
G9872,90.41945226515956,23.723047273866506
G9756,90.41446279352927,23.727477074424197
G9402,90.40002967069707,23.71369552665047
G9636,90.40982975838935,23.713860002260905
G9519,90.40492970346548,23.71377784191064
G9520,90.404840375151,23.718289498783673
G9637,90.40974059828577,23.718371676640945
G9403,90.39994017417506,23.718207165983483
G9638,90.40965141606503,23.722883348074497
G9521,90.40475102467768,23.72280115270903
G9404,90.39985065545252,23.722718802367666
G9522,90.40466165204218,23.727312803686257
G9168,90.39022967179325,23.7135304314116
G9285,90.39512966012576,23.713613056483176
G9051,90.38532970574119,23.713447651438553
G9286,90.3950399953996,23.718124678243203
G9169,90.39013983886633,23.718042035565638
G9052,90.3852397046169,23.717959237953632
G9053,90.38514968116709,23.722470821516357
G9287,90.39495030843126,23.722636297053217
G9170,90.39004998365554,23.72255363676851
G9171,90.38996010615753,23.72706523501972
G9873,90.41936339741694,23.72755897727282
G9990,90.42426402334512,23.727640725104138
G9757,90.41437373540347,23.73198875744088
G9991,90.42417530190805,23.73215244297689
G9874,90.41927450763384,23.73207067773403
G9758,90.41428465519212,23.736500437510824
G9992,90.42408655846884,23.736664157905235
G9875,90.41918559580688,23.73658237524967
G9759,90.41419555289185,23.741012114633563
G9993,90.42399779302414,23.741175869888707
G10799,90.45909008713332,23.683391351249586
G11033,90.46803243240758,23.68514634366238
G10917,90.46425521562308,23.687682290996605
G10800,90.45935592835038,23.687601937680288
G11034,90.46907149022957,23.687833503306262
G11035,90.46906751285177,23.692274389044808
G10918,90.46416803594265,23.692194173369554
G10801,90.45926858067236,23.692113802915973
G11036,90.46898047957502,23.696786285592157
G10802,90.45918121131385,23.696625665219507
G10214,90.43494798370841,23.682686068022846
G10097,90.43004899505952,23.682604803626347
G10332,90.43975899644782,23.687278977016668
G10215,90.43485981797745,23.687197850014964
G10098,90.42996066139251,23.687116568284484
G10099,90.42987230579847,23.691628330004033
G10216,90.43477163036111,23.69170962906965
G10333,90.4396709768125,23.691790773373512
G10334,90.43958293533011,23.696302566793612
G10100,90.42978392827403,23.696140088784524
G10448,90.44474602661077,23.68284813272566
G10565,90.44964508078098,23.682928933026428
G10683,90.45445666275486,23.687521429621384
G10449,90.44465819676194,23.68735994928681
G10566,90.44955741887814,23.68744076682264
G10684,90.45436914708255,23.692033277686832
G10450,90.44457034511096,23.69187176291284
G10567,90.44946973521485,23.691952597684864
G10685,90.4542816096881,23.696545122818982
G10451,90.44448247165457,23.696383573603274
G10217,90.43468342085603,23.69622140518644
G10335,90.4394948719973,23.70081435727651
G10101,90.4296955288159,23.7006518446255
G10218,90.4345951894589,23.700733178364867
G10336,90.43940678681075,23.70532614482172
G10219,90.43450693616636,23.70524494860446
G10102,90.4296071074207,23.705163597526493
G10220,90.43441866097511,23.709756715904764
G10103,90.42951866408512,23.709675347487035
G10337,90.43931867976715,23.709837929428794
G10568,90.44938202978778,23.69646442561265
G10569,90.44929430259361,23.700976250605525
G10686,90.45419405056822,23.70105696501737
G10452,90.44439457638941,23.700895381357647
G10570,90.44920655362903,23.705488072663012
G10687,90.45410646971958,23.705568804281523
G10453,90.44430665931219,23.705407186175496
G10688,90.4540188671389,23.710080640610986
G10454,90.44421872041958,23.70991898805636
G10571,90.44911878289074,23.709999891784673
G10919,90.46408083462337,23.696706052811482
G11037,90.46889342469782,23.701298179209168
G10803,90.45909382027156,23.701137524590425
G10920,90.46399361166198,23.701217929321942
G10804,90.45900640754219,23.705649381028252
G11038,90.46880634821687,23.705810069895374
G10921,90.46390636705517,23.70572980290045
G10805,90.45891897312244,23.71016123453254
G11039,90.46871925012888,23.71032195765032
G10922,90.46381910079967,23.710241673546562
G10221,90.4343303638818,23.714268480265304
G10104,90.4294301988058,23.71418709450665
G10338,90.43923055086317,23.714349711097263
G10339,90.43914240009548,23.71886148982665
G10105,90.42934171157943,23.71869883858489
G10222,90.43424204488309,23.718780241685614
G10340,90.43905422746074,23.723373265616512
G10106,90.42925320240263,23.72321057972129
G10223,90.43415370397567,23.723292000165237
G10341,90.43896603295563,23.727885038466372
G10455,90.44413075970826,23.71443078699976
G10689,90.45393124282286,23.7145924740053
G10572,90.44903099037539,23.714511707970022
G10573,90.4489431760797,23.719023521218606
G10690,90.45384359676817,23.719104304463972
G10456,90.44404277717491,23.71894258300524
G10574,90.44885534000034,23.723535331529956
G10691,90.45375592897147,23.723616131986574
G10457,90.4439547728162,23.723454376072343
G10458,90.4438667466288,23.72796616620059
G10806,90.45883151700902,23.714673085102806
G10923,90.46373181289215,23.714753541259796
G11040,90.46863213043058,23.714833842473535
G10807,90.45874403919859,23.71918493273859
G10924,90.46364450332933,23.719265406039703
G11041,90.46854498911866,23.71934572436456
G10808,90.4586565396879,23.723696777439443
G11042,90.46845782618983,23.723857603322926
G10925,90.46355717210791,23.723777267885815
G10809,90.4585690184736,23.728208619204896
G11043,90.46837064164079,23.728369479348174
G10926,90.46346981922458,23.728289126797662
G10927,90.46338244467607,23.732800982774783
G10810,90.45848147555239,23.73272045803447
G11044,90.46828343546827,23.732881352439843
G10928,90.46329504845906,23.737312835816716
G11045,90.46819620766895,23.737393222597458
G10811,90.45839391092095,23.73723229392771
G11046,90.46810895823953,23.741905089820577
G10929,90.46320763057022,23.741824685923007
G11504,90.48767515635372,23.697508675567256
G11387,90.48357400332245,23.69712815487452
G11154,90.47379325933741,23.701378274249365
G11388,90.48359299326114,23.70153799977773
G11271,90.47869311553907,23.7014582144398
G11389,90.48350642117748,23.706049941589082
G11155,90.47370635098561,23.705890182010283
G11272,90.4786063753197,23.705970139242424
G11156,90.47361942106845,23.71040208684107
G11390,90.4834198276118,23.71056188047258
G11273,90.47851961357664,23.710482061116064
G11505,90.48839423939206,23.701714749645788
G11622,90.49331826296307,23.702551074542253
G11739,90.49710624045167,23.70272329100901
G11506,90.48840648851727,23.706129589047517
G11623,90.49330657729739,23.70620908161502
G11740,90.49798318603673,23.706499880222832
G11507,90.48832006313224,23.710641544907883
G11741,90.49812059846222,23.71080040900397
G11624,90.49322032009627,23.710721054419253
G11857,90.50307259559445,23.70727921806112
G11974,90.50756343334385,23.70775369317884
G12091,90.5108724854545,23.708508400530388
G11858,90.5030208981884,23.710879608659326
G11975,90.50790132405618,23.710940118549065
G12092,90.51127196001131,23.710118940313215
G11976,90.50692943754422,23.714298583394573
G11859,90.50278827572434,23.71520372957242
G11157,90.47353246958264,23.714913988741266
G11391,90.48333321256084,23.715073816427754
G11274,90.47843283030662,23.714993980060246
G11158,90.47344549652489,23.719425887710404
G11392,90.48324657602132,23.719585749454144
G11275,90.47834602550635,23.719505896074512
G11159,90.47335850189194,23.723937783748035
G11393,90.48315991798998,23.7240976795513
G11276,90.47825919917256,23.724017809158404
G11160,90.47327148568048,23.728449676853685
G11742,90.49803448808805,23.715312395794136
G11508,90.4882336163036,23.71515349784105
G11625,90.49313404149325,23.71523302429742
G11509,90.48814714802812,23.71966544784657
G11743,90.49782350712458,23.71973487376044
G11626,90.49304774148504,23.719744991249062
G11510,90.4880606583025,23.724177394923984
G11744,90.49747759830211,23.724407165756976
G11627,90.49296142006843,23.724256955273738
G11511,90.4879741471235,23.728689339072822
G11860,90.50103171044383,23.718376387422325
G11861,90.50034471265553,23.726026860551297
G11394,90.48307323846355,23.72860960671874
G11277,90.47817235130198,23.728529719311457
G11161,90.47318444788723,23.732961567026894
G11278,90.4780854818913,23.733041626533197
G11395,90.48298653743872,23.733121530956012
G11162,90.47309738850893,23.737473454267192
G11396,90.48289981491226,23.737633452262664
G11279,90.47799859093728,23.737553530823178
G11163,90.47301030754224,23.74198533857413
G11397,90.48281307088088,23.74214537063822
G11745,90.49685539865682,23.728555709220895
G11628,90.49287507724009,23.72876891637096
G11512,90.4878876144878,23.733201280292626
G11629,90.49227746919078,23.732627796867053
G11746,90.49592332438246,23.731528175409863
G11513,90.48771676182345,23.737742391623275
G11630,90.4905086290692,23.739414660717912
G11514,90.48771448483336,23.74222515394328
G11631,90.49105722935164,23.742382036061286
G9639,90.40956221172378,23.727395016561076
G9405,90.39976111452613,23.727230435802547
G9523,90.4045722572411,23.731824451714875
G9640,90.40947298525866,23.731906682100224
G9406,90.39967155139249,23.73174206628765
G9524,90.40448284027106,23.736336096794425
G9641,90.40938373666629,23.736418344691472
G9407,90.39958196604817,23.736253693822512
G9525,90.40439340112871,23.740847738924447
G9642,90.40929446594329,23.740930004334356
G9288,90.39486059921737,23.727147912912756
G9054,90.38505963538834,23.726982402126247
G9172,90.38987020636887,23.731576830318808
G9055,90.38496956727728,23.731493979782844
G9289,90.3947708677545,23.73165952582135
G9173,90.38978028428618,23.736088422665304
G9290,90.39468111403932,23.736171135778534
G9056,90.38487947683048,23.73600555448567
G9291,90.39459133806838,23.74068274278383
G9057,90.38478936404455,23.74051712623426
G9408,90.39949235848984,23.74076531840667
G9409,90.39940272871408,23.745276940039645
G9643,90.40920517308629,23.745441661028394
G9526,90.40430393981065,23.745359378104457
G9644,90.40911585809194,23.749953314773137
G9410,90.39931307671755,23.749788558720983
G9527,90.4042144563135,23.749871014333998
G9411,90.3992234024968,23.754300174450208
G9528,90.40412495063389,23.7543826476126
G9645,90.40902652095681,23.75446496556811
G9174,90.38969033990605,23.74060001205875
G9292,90.39450153983833,23.745194346836776
G9058,90.38469922891609,23.745028695028147
G9175,90.3896003732251,23.745111598498664
G9293,90.39441171934577,23.749705947936906
G9059,90.38460907144167,23.749540260866862
G9176,90.38951038423991,23.749623181984585
G9060,90.38451889161793,23.754051823749936
G9294,90.3943218765873,23.754217546083748
G9177,90.3894203729471,23.75413476251605
G9876,90.41909666193271,23.741094069819283
G9760,90.4141064284993,23.745523788808637
G9994,90.42390900557058,23.745687578926834
G9877,90.41900770600797,23.745605761442384
G9761,90.4140172820111,23.75003546003558
G9878,90.4189187280293,23.750117450118516
G9995,90.42382019610478,23.750199285019157
G9762,90.41392811342388,23.754547128313924
G9996,90.42373136462344,23.754710988165215
G9879,90.41882972799333,23.75462913584722
G9178,90.38933033934323,23.75864634009257
G9061,90.3844286894414,23.758563383676893
G9295,90.3942320115595,23.758729141276834
G9062,90.38433846490872,23.763074940647282
G9179,90.38924028342495,23.763157914713705
G9296,90.394142124259,23.763240733515705
G9063,90.38424821801645,23.767586494660613
G9297,90.39405221468242,23.76775232279988
G9180,90.38915020518881,23.76766948637897
G9064,90.3841579487612,23.77209804571644
G9763,90.41383892273427,23.75905879364319
G9880,90.4187407058967,23.75914081862802
G9997,90.42364251112316,23.75922268836453
G9764,90.41374970993888,23.76357045602293
G9881,90.41865166173605,23.763652498460452
G9998,90.4235536356006,23.763734385616644
G9765,90.41366047503438,23.768082115452668
G9882,90.418562595508,23.768164175344047
G9999,90.42346473805239,23.768246079921084
G9766,90.41357121801735,23.772593771931938
G9412,90.39913370604847,23.75881178722685
G9646,90.40893716167758,23.758976613412845
G9529,90.40403542276842,23.758894277939795
G9413,90.39904398736918,23.763323397050453
G9647,90.40884778025085,23.763488258306882
G9530,90.4039458727137,23.763405905315118
G9414,90.39895424645552,23.76783500392054
G9531,90.40385630046639,23.767917529738096
G9648,90.40875837667325,23.767999900249745
G9415,90.39886448330411,23.772346607836642
G9532,90.40376670602305,23.77242915120827
G9649,90.40866895094138,23.772511539240973
G9416,90.39877469791156,23.77685820879829
G9533,90.40367708938032,23.77694076972516
G9650,90.40857950305188,23.777023175280092
G9417,90.39868489027445,23.781369806805028
G9534,90.40358745053481,23.78145238528832
G9651,90.40849003300134,23.781534808366647
G9418,90.39859506038941,23.785881401856372
G9535,90.40349778948314,23.78596399789726
G9181,90.38906010463144,23.772181055087888
G9298,90.39396228282632,23.772263909128903
G9065,90.38406765713954,23.77660959381427
G9182,90.38896998174941,23.776692620840016
G9299,90.39387232868734,23.776775492502296
G9066,90.38397734314808,23.781121138953655
G9300,90.39378235226204,23.7812870729196
G9183,90.38887983653932,23.781204183634863
G9067,90.38388700678337,23.785632681134118
G9184,90.38878966899776,23.78571574347197
G10107,90.42916467127208,23.72772231791536
G10224,90.43406534115614,23.727803755703697
G10108,90.42907611818443,23.732234053166653
G10225,90.43397695642125,23.732315508300534
G10342,90.4388778165768,23.732396808375757
G10343,90.43878957832094,23.736908575344202
G10226,90.43388854976759,23.736827257955284
G10109,90.42898754313633,23.7367457854747
G10344,90.4387013181847,23.74142033937126
G10110,90.42889894612443,23.741257514839038
G10575,90.44876748213399,23.728047138903598
G10692,90.45366823942948,23.728127956572617
G10459,90.44377869860939,23.732477953389523
G10576,90.44867960247734,23.73255894333908
G10693,90.4535805281389,23.732639778221646
G10577,90.44859170102704,23.737070744835933
G10460,90.44369062875467,23.73698973763868
G10694,90.45349279509638,23.737151596933202
G10461,90.44360253706127,23.74150151894759
G10695,90.45340504029865,23.741663412706806
G10227,90.43380012119185,23.74133900466748
G10345,90.43861303616477,23.745932100456443
G10228,90.43371167069068,23.74585074843665
G10111,90.42881032714538,23.745769241259186
G10112,90.42872168619584,23.750280964734692
G10229,90.43362319826075,23.750362489262344
G10346,90.43852473225778,23.7504438585993
G10113,90.42863302327247,23.754792685265098
G10230,90.43353470389872,23.75487422714408
G10347,90.4384364064604,23.754955613799375
G10812,90.45830632457601,23.741744126884164
G10813,90.45821871651425,23.74625595690335
G11047,90.46802168717674,23.746416954108714
G10930,90.4631201910063,23.74633653309317
G10814,90.45813108673234,23.750767783984816
G11048,90.46793439447728,23.750928815461425
G10931,90.46303272976395,23.75084837732676
G11049,90.46784708013782,23.755440673878233
G10932,90.46294524683988,23.75536021862331
G10815,90.45804343522698,23.755279608128088
G10578,90.44850377777982,23.741582543393694
G10462,90.44351442352588,23.746013297315788
G10696,90.45331726374235,23.746175225541997
G10579,90.44841583273232,23.74609433901189
G10463,90.44342628814518,23.75052507274281
G10697,90.45322946542419,23.750687035438332
G10580,90.44832786588121,23.75060613169007
G10581,90.4482398772232,23.755117921427768
G10698,90.45314164534084,23.755198842395323
G10464,90.4433381309158,23.755036845228197
G10231,90.4334461876012,23.759385962081396
G10114,90.42854433837192,23.759304402849914
G10348,90.43834805876931,23.759467366056175
G10232,90.4333576493649,23.76389769407384
G10115,90.42845563149079,23.763816117488705
G10349,90.43825968918115,23.76397911536926
G10233,90.43326908918644,23.76840942312093
G10116,90.42836690262578,23.768327829180983
G10350,90.43817129769258,23.768490861738158
G10117,90.42827815177353,23.77283953792628
G10465,90.44324995183446,23.759548614771475
G10699,90.45305380348898,23.759710646412508
G10582,90.44815186675493,23.75962970822451
G10700,90.45296593986528,23.76422244748944
G10583,90.44806383447309,23.76414149207984
G10466,90.4431617508978,23.76406038137219
G10584,90.44797578037435,23.768653272993287
G10701,90.45287805446645,23.768734245625634
G10467,90.44307352810246,23.768572145029868
G10468,90.44298528344517,23.773083905744052
G10816,90.45795576199485,23.75979142933271
G10933,90.4628577422308,23.759872056982356
G11050,90.46775974415509,23.759952529358678
G10817,90.45786806703265,23.764303247598225
G11051,90.46767238652578,23.7644643819023
G10934,90.46277021593339,23.764383892403433
G10818,90.45778035033705,23.768815062924155
G10935,90.46268266794432,23.768895724886075
G11052,90.46758500724658,23.76897623150864
G10819,90.45769261190472,23.77332687531004
G10936,90.46259509826031,23.77340755442982
G11053,90.46749760631417,23.773488078177223
G10820,90.45760485173238,23.777838684755423
G10937,90.46250750687804,23.777919381034213
G11054,90.46741018372528,23.777999921907597
G10821,90.45751706981667,23.782350491259837
G10938,90.46241989379419,23.78243120469878
G11055,90.4673227394766,23.782511762699297
G10822,90.45742926615432,23.786862294822814
G10939,90.46233225900546,23.786943025423064
G10234,90.43318050706247,23.772921149222213
G10351,90.43808288430027,23.773002605162393
G10235,90.43309190298967,23.777432872377215
G10118,90.42818937893065,23.777351243724148
G10352,90.4379944490009,23.77751434564152
G10119,90.42810058409381,23.78186294657411
G10236,90.43300327696467,23.781944592585475
G10353,90.43790599179107,23.782026083175058
G10120,90.42801176725965,23.786374646475704
G10237,90.43291462898411,23.78645630984653
G11280,90.4779116784366,23.742065432180922
G11164,90.47292320498389,23.74649721994723
G11398,90.48272630534127,23.746657286082208
G11281,90.47782474438598,23.746577330605977
G11165,90.47283608083059,23.751009098386042
G11282,90.47773778878215,23.751089226097882
G11399,90.4826395182902,23.75116919859419
G11166,90.47274893507904,23.7555209738901
G11400,90.48255270972435,23.75568110817369
G11283,90.4776508116218,23.755601118656163
G11515,90.48699835882393,23.746122277263503
G11632,90.49044007665289,23.74486175276601
G11516,90.48553895994432,23.751567222545255
G11517,90.48607645233247,23.755474612423615
G11518,90.4850253467684,23.758009927375202
G11167,90.47266176772597,23.760032846458927
G11401,90.48154185804131,23.75998159458271
G11284,90.47756381290166,23.760113008280367
G11168,90.47257457876805,23.764544716092082
G11285,90.47747679261845,23.76462489497003
G11402,90.48100920500045,23.76461501910713
G11169,90.47248736820201,23.769056582789094
G11286,90.47738975076886,23.76913677872469
G11403,90.481020057561,23.769450997562128
G11170,90.47240013602453,23.773568446549493
G11287,90.4773026873496,23.773648659543884
G11404,90.48098443846787,23.77330345562201
G11171,90.47223856647958,23.777999448144666
G11405,90.47995282011709,23.776203583864877
G11288,90.47678034135069,23.777385710341154
G11172,90.47080029899219,23.782229684746508
G11173,90.47185066067618,23.787405886797455
G11290,90.47561178861787,23.788572573951072
G9883,90.4184735072092,23.772675849278347
G10000,90.42337581847518,23.772757771277398
G9767,90.41348193888444,23.77710542546027
G9884,90.41838439683627,23.777187520262878
G10001,90.42328687686559,23.777269459685094
G9768,90.41339263763227,23.781617076037207
G9885,90.41829526438585,23.781699188297175
G10002,90.42319791322028,23.78178114514374
G10003,90.42310892753588,23.786292827652844
G9769,90.41330331425748,23.786128723662276
G9652,90.40840054078642,23.786046438500165
G9419,90.39850520825304,23.790392993951873
G9653,90.4083110264037,23.790558065680184
G9536,90.40340810622189,23.79047560755153
G9420,90.39841533386193,23.79490458309106
G9537,90.4033184007477,23.794987214250657
G9654,90.4082214898498,23.79506968990622
G9421,90.39832543721269,23.79941616927345
G9655,90.40813193112135,23.79958131117783
G9538,90.40322867305714,23.799498817994163
G9301,90.39369235354704,23.78579865038034
G9068,90.38379664804202,23.79014422035518
G9185,90.38869947912134,23.790227300350868
G9302,90.39360233253893,23.790310224884045
G9069,90.3837062669206,23.794655756616397
G9186,90.38860926690661,23.794738854271095
G9303,90.39351228923431,23.794821796430266
G9070,90.3836158634157,23.799167289917282
G9187,90.38851903235019,23.799250405232176
G9304,90.39342222362978,23.799333365018512
G9886,90.41820610985455,23.786210853380773
G9770,90.41321396875666,23.790640368335012
G9887,90.41811693323903,23.790722515513202
G10004,90.423019919809,23.790804507211952
G9771,90.41312460112646,23.79515201005495
G9888,90.4180277345359,23.795234174694013
G10005,90.42293089003631,23.795316183820603
G9772,90.41303521136348,23.799663648821614
G10006,90.42284183821442,23.799827857478313
G9889,90.41793851374177,23.799745830922717
G9422,90.39823551830193,23.8039277524986
G9656,90.40804235021493,23.804092929494534
G9539,90.40313892314686,23.804010418781605
G9423,90.3981455771262,23.808439332766017
G9540,90.40304915101343,23.8085220166125
G9657,90.40795274712718,23.808604544855864
G9424,90.39805561368216,23.812950910075248
G9541,90.40295935665348,23.813033611486382
G9658,90.40786312185472,23.813116157261362
G9425,90.39796562796639,23.817462484425835
G9071,90.3835254375239,23.803678820257378
G9188,90.38842877544865,23.803761953233643
G9305,90.39333213572192,23.803844930648335
G9072,90.38343498924178,23.808190347636202
G9189,90.38833849619859,23.808273498275035
G9306,90.39324202550733,23.808356493319252
G9073,90.3833445185659,23.812701872053303
G9190,90.38824819459657,23.812785040355873
G9307,90.39315189298259,23.812868053030805
G9074,90.38325402549287,23.817213393508204
G9773,90.41294579946434,23.804175284634557
G9890,90.41784927085328,23.804257484198864
G10007,90.42275276433996,23.804339528184634
G9774,90.41285636542567,23.808686917493297
G10008,90.42266366840958,23.80885119593909
G9891,90.41776000586708,23.80876913452198
G10009,90.4225745504199,23.813362860741226
G9775,90.41276690924408,23.813198547397377
G9892,90.41767071877975,23.813280781891603
G9776,90.41267743091618,23.817710174346324
G9191,90.3881578706392,23.81729657947571
G9308,90.39306173814431,23.817379609782527
G9309,90.39297156098907,23.82189116357394
G9075,90.38316351001924,23.821724912000434
G9192,90.38806752432306,23.821808115634045
G9076,90.38307297214162,23.82623642752954
G9310,90.39288136151345,23.8264027144046
G9193,90.38797715564472,23.82631964883045
G9077,90.38298241185653,23.83074794009503
G9311,90.39279113971403,23.830914262274014
G9893,90.41758140958792,23.81779242630727
G10010,90.42248541036753,23.81787452259057
G10011,90.42239624824911,23.822386181486657
G9777,90.4125879304386,23.822221798339672
G9894,90.41749207828823,23.822304067768506
G10012,90.4223070640613,23.826897837429023
G9895,90.41740272487729,23.826815706274857
G9778,90.41249840780795,23.826733419376968
G10013,90.42221785780066,23.8314094904172
G9779,90.41240886302081,23.83124503745773
G9542,90.40286954006359,23.81754520340279
G9659,90.40777347439413,23.81762776671056
G9426,90.39787561997544,23.82197405581729
G9543,90.40277970124038,23.82205679236124
G9660,90.40768380474204,23.822139373202983
G9427,90.39778558970596,23.826485624249162
G9544,90.40268984018043,23.8265683783613
G9661,90.40759411289504,23.826650976738176
G9428,90.39769553715452,23.830997189720982
G9545,90.40259995688037,23.83107996140247
G10702,90.45279014728916,23.77324604082064
G10585,90.44788770445538,23.77316505096439
G10469,90.44289701692254,23.777595663514266
G10586,90.44779960671285,23.777676825992682
G10703,90.45270221833005,23.777757833073995
G10470,90.44280872853125,23.78210741834006
G10587,90.44771148714342,23.782188598077706
G10704,90.45261426758583,23.782269622385222
G10471,90.44272041826795,23.786619170220963
G10588,90.44762334574378,23.786700367218995
G10354,90.43781751266746,23.786537817762547
G10121,90.4279229284248,23.790886343428454
G10355,90.43772901162676,23.791049549403525
G10238,90.43282595904465,23.790968024159906
G10122,90.42783406758592,23.795398037431916
G10239,90.43273726714294,23.795479735525156
G10356,90.43764048866556,23.795561278097527
G10123,90.42774518473963,23.799909728485606
G10240,90.43264855327561,23.799991443941792
G10357,90.43755194378056,23.80007300384408
G11056,90.46723527356481,23.78702360055186
G10823,90.45734144074196,23.791374095443903
G11057,90.4671477859866,23.791535435464816
G10940,90.46224460250852,23.791454843206605
G10824,90.4572535935763,23.79588589312263
G10941,90.46215692430006,23.795966658048933
G11058,90.46706027673865,23.796047267437714
G10825,90.457165724654,23.800397687858528
G11059,90.46697274581769,23.800559096470078
G10942,90.46206922437676,23.80047846994958
G10705,90.45252629505316,23.786781408753875
G10472,90.44263208612934,23.791130919156508
G10589,90.44753518251058,23.791212133416085
G10706,90.45243830072872,23.79129319217947
G10473,90.44254373211201,23.79564266514624
G10707,90.45235028460918,23.795804972661564
G10590,90.44744699744048,23.79572389666851
G10474,90.44245535621268,23.80015440818968
G10708,90.45226224669119,23.800316750199677
G10591,90.44735879053016,23.800235656975808
G10709,90.45217418697146,23.80482852479336
G10475,90.44236695842797,23.80466614828638
G10592,90.44727056177626,23.804747414337513
G10476,90.44227853875456,23.809177885435854
G10710,90.45208610544664,23.809340296442137
G10593,90.44718231117547,23.809259168753158
G10711,90.45199800211337,23.813852065145543
G10477,90.4421900971891,23.813689619637664
G10594,90.44709403872444,23.813770920222293
G10712,90.45190987696836,23.818363830903138
G10826,90.45707783397175,23.804909479651148
G10943,90.46198150273533,23.8049902789081
G11060,90.46688519322036,23.80507092256146
G10827,90.45698992152622,23.809421268500014
G10944,90.4618937593724,23.80950208492402
G11061,90.46679761894339,23.80958274571139
G10828,90.45690198731407,23.813933054404664
G10945,90.4618059942847,23.814013887996875
G11062,90.46671002298343,23.814094565919405
G10829,90.45681403133199,23.81844483736465
G10124,90.42765627988258,23.80442141658907
G10241,90.43255981743933,23.80450314940937
G10358,90.4374633769684,23.804584726642737
G10242,90.4324710596307,23.80901485192741
G10359,90.43737478822571,23.809096446493015
G10125,90.4275673530114,23.80893310174184
G10243,90.43238227984641,23.81352655149546
G10360,90.43728617754914,23.813608163394456
G10126,90.42747840412272,23.813444783943446
G10244,90.43229347808307,23.818038248113044
G11063,90.4666224053372,23.818606383185053
G10946,90.46171820746888,23.818525688126208
G10830,90.45672605357663,23.82295661737949
G10947,90.46163039892163,23.823037485311552
G11064,90.46653476600136,23.82311819750785
G10831,90.45663805404469,23.82746839444873
G11065,90.46644710497262,23.827630008887354
G10948,90.4615425686396,23.82754927955245
G10832,90.45655003273284,23.83198016857191
G10949,90.46145471661951,23.83206107084843
G10595,90.44700574441983,23.818282668744438
G10478,90.44210163372821,23.818201350891336
G10596,90.44691742825829,23.822794414319137
G10713,90.45182173000825,23.822875593714425
G10479,90.44201314836859,23.822713079196397
G10714,90.4517335612297,23.827387353578967
G10597,90.44682909023649,23.827306156945934
G10480,90.44192464110687,23.827224804552397
G10481,90.44183611193971,23.831736526958856
G10598,90.44674073035108,23.831817896624347
G10361,90.43719754493536,23.81811987734661
G10127,90.4273894332132,23.817956463193433
G10245,90.43220465433733,23.822549941779695
G10128,90.42730044027944,23.822468139491324
G10362,90.437108890381,23.822631588348987
G10246,90.43211580860584,23.827061632494974
G10129,90.42721142531809,23.82697981283666
G10363,90.4370202138827,23.827143296401147
G10247,90.43202694088521,23.831573320258386
G10364,90.43693151543714,23.831655001502607
G11174,90.4720509911344,23.791615872215786
G11408,90.48007773664467,23.792965177207904
G11291,90.47680360161146,23.791829521986077
G11175,90.47196365085028,23.79612772128621
G11292,90.47686704659316,23.796208019591692
G11409,90.48039169343515,23.796350188435607
G11176,90.47187628893494,23.800639567417264
G11410,90.48047823042118,23.8008383318431
G11293,90.47677985368675,23.800719882788382
G11177,90.47178890538507,23.805151410608474
G11294,90.47669263918762,23.80523174304638
G11411,90.48100889816463,23.80553163099319
G11178,90.47170150019734,23.809663250859373
G11412,90.48140436993448,23.809801629620917
G11295,90.47660540309245,23.809743600365206
G11179,90.47161407336847,23.814175088169502
G11413,90.48142223903008,23.814335665641387
G11296,90.47651814539796,23.814255454744412
G11414,90.48133512891245,23.818847534117676
G11528,90.48401928368824,23.807584995773592
G11529,90.48406492141956,23.8085481730573
G11530,90.48435273024846,23.815069441866775
G11531,90.48520615308294,23.81892501080092
G11180,90.47152662489513,23.81868692253841
G11297,90.47643086610083,23.81876730618354
G11181,90.47143915477402,23.82319875396562
G11415,90.48124799723075,23.823359399654557
G11298,90.47634356519777,23.82327915468211
G11182,90.47135166300184,23.82771058245068
G11416,90.48116084398163,23.82787126225158
G11299,90.47625624268545,23.82779100023967
G11183,90.47126414957526,23.832222407993118
G11417,90.48090018763995,23.831375351144597
G11532,90.48489759651703,23.8235341335313
G11533,90.48473145959893,23.827034548636444
G11534,90.48376308511315,23.83100376938075
G11300,90.47612515898203,23.83226056165269
G11184,90.47117661449097,23.836734230592484
G11301,90.47506963994172,23.83653166183953
G11185,90.47068555626093,23.840991985068456
G11302,90.47411788894516,23.83941890732605
G11186,90.47023069619112,23.845273504682716
G9896,90.41731334935173,23.831327341825844
G10014,90.42212862946386,23.83592114045073
G9897,90.41722395170814,23.83583897442102
G9780,90.41231929607382,23.8357566525815
G9898,90.41713453194315,23.840350604059896
G9781,90.41222970696359,23.84026826474781
G10015,90.4220393790475,23.840432787529135
G10016,90.42195010654822,23.844944431651964
G9782,90.41214009568674,23.844779873956192
G9899,90.41704509005339,23.844862230742027
G9662,90.40750439884974,23.831162577315663
G9429,90.39760546231771,23.83550875223227
G9546,90.40251005133676,23.835591541484302
G9663,90.40741466260275,23.835674174934987
G9547,90.40242012354624,23.84010311860632
G9664,90.40732490415067,23.840185769595678
G9430,90.39751536519212,23.840020311782578
G9431,90.39742524577436,23.844531868371423
G9548,90.40233017350535,23.844614692768058
G9665,90.40723512349011,23.84469736129726
G9194,90.38788676460076,23.830831179064415
G9078,90.38289182916057,23.83525944969646
G9195,90.38779635118777,23.835342706335506
G9312,90.39270089558744,23.83542580718173
G9079,90.38280122405031,23.839770956333343
G9196,90.38770591540232,23.839854230643247
G9313,90.3926106291302,23.839937349127272
G9080,90.38271059652234,23.844282460005225
G9314,90.39252034033895,23.844448888110175
G9197,90.387615457241,23.844365751987162
G9432,90.39733510406097,23.849043421998353
G9666,90.40714532061766,23.84920895003928
G9549,90.40224020121074,23.849126263969065
G9667,90.40705549552992,23.853720535821274
G9433,90.39724494004861,23.85355497266288
G9550,90.40215020665899,23.853637832208854
G9434,90.3971547537338,23.85806652036457
G9668,90.40696564822349,23.85823211864277
G9551,90.40206018984667,23.85814939748697
G9435,90.39706454511317,23.86257806510292
G9081,90.38261994657321,23.848793960711628
G9315,90.39243002921023,23.848960424129977
G9198,90.38752497670036,23.848877270366792
G9082,90.38252927419948,23.853305458452095
G9199,90.38743447377699,23.853388785781668
G9316,90.39233969574065,23.85347195718621
G9200,90.38734394846746,23.85790029823132
G9083,90.38243857939774,23.857816953226155
G9317,90.39224933992678,23.857983487278403
G9084,90.38234786216452,23.86232844503333
G10017,90.42186081196262,23.84945607281874
G9783,90.41205046223985,23.849291480206187
G9900,90.41695562603546,23.84937385446694
G10018,90.42177149528735,23.853967711029004
G9901,90.41686613988597,23.853885475234172
G9784,90.41196080661953,23.85380308349732
G9902,90.41677663160154,23.85839709304325
G9785,90.41187112882241,23.858314683829136
G10019,90.421682156519,23.858479346282294
G9786,90.41178142884507,23.862826281201162
G9669,90.40687577869498,23.862743698503294
G9552,90.40197015077038,23.862660959802938
G9436,90.39697431418327,23.867089606877496
G9670,90.40678588694098,23.8672552754024
G9553,90.40188008942673,23.8671725191563
G9437,90.39688406094069,23.871601145687816
G9554,90.40179000581229,23.871684075546597
G9671,90.40669597295808,23.8717668493396
G9555,90.40169989992364,23.87619562897334
G9438,90.39679378538203,23.876112681533396
G9201,90.38725340076836,23.862411807715276
G9318,90.39215896176519,23.86249501440609
G9085,90.38225712249644,23.866839933873166
G9202,90.38716283067623,23.866923314233073
G9319,90.39206856125247,23.86700653856881
G9086,90.38216636039002,23.871351419745192
G9203,90.38707223818767,23.871434817784262
G9320,90.3919781383852,23.871518059766085
G9087,90.38207557584182,23.875862902648933
G9204,90.38698162329922,23.87594631836835
G10020,90.42159279565418,23.862990978578136
G9903,90.41668710117877,23.86290870789372
G9787,90.41169170668412,23.867337875612932
G10021,90.42150341268955,23.867502607916077
G9904,90.41659754861428,23.867420319785108
G10022,90.42141400762166,23.872014234295644
G9788,90.41160196233616,23.871849467063992
G9905,90.41650797390466,23.871931928716947
G9789,90.41151219579781,23.87636105555386
G10023,90.42132458044719,23.87652585771637
G9672,90.40660603674287,23.876278420314442
G9673,90.40655184674044,23.880285256262525
G9556,90.40167195948939,23.880192574864125
G9439,90.39679962138305,23.879689479467913
G11066,90.4663594222476,23.832141817323087
G10833,90.4564619896377,23.83649193974856
G11067,90.46627171782306,23.8366536228146
G10950,90.46136684285801,23.83657285919904
G10834,90.456373924756,23.84100370797821
G10951,90.46127894735179,23.84108464460381
G11068,90.46618399169563,23.841165425361428
G10835,90.45628583808436,23.845515473260427
G10952,90.46119103009748,23.84559642706228
G11069,90.46597014647327,23.844612570632428
G10715,90.45164537062941,23.831899110496288
G10482,90.44174756086375,23.836248246415323
G10716,90.451557158204,23.83641086446593
G10599,90.44665234859872,23.836329633353923
G10483,90.44165898787561,23.840759962921332
G10717,90.45146892395013,23.84092261548743
G10600,90.44656394497606,23.8408413671342
G10718,90.4513806678645,23.845434363560315
G10601,90.44647551947975,23.84535309796472
G10484,90.44157039297201,23.84527167647642
G10130,90.42712238832577,23.831491483228987
G10248,90.4319380511721,23.83608500506947
G10131,90.42703332929912,23.836003150667818
G10365,90.43684279504092,23.836166703652914
G10366,90.4367540526907,23.840678402851594
G10249,90.43184913946313,23.840596686927782
G10132,90.42694424823478,23.840514815152698
G10250,90.43176020575494,23.84510836583285
G10133,90.42685514512935,23.845026476683167
G10367,90.43666528838311,23.845190099098193
G10719,90.45129238994373,23.84994610868413
G10602,90.44638707210646,23.849864825845
G10485,90.44148177614953,23.84978338708011
G10603,90.4462986028528,23.854376550774592
G10720,90.45120409018449,23.854457850858413
G10486,90.44139313740483,23.854295094731956
G10721,90.45111576858343,23.858969590082708
G10487,90.44130447673456,23.858806799431488
G10604,90.44621011171547,23.85888827275304
G10722,90.45102742513724,23.86348132635653
G10134,90.4267660199795,23.849538135258754
G10251,90.43167125004418,23.849620041784192
G10368,90.4365765021148,23.849701792392246
G10135,90.4266768727818,23.854049790879007
G10252,90.43158227232745,23.854131714781364
G10369,90.4364876938824,23.854213482733275
G10253,90.4314932726014,23.858643384823893
G10136,90.4265877035329,23.85856144354344
G10370,90.43639886368258,23.85872517012084
G10254,90.43140425086266,23.863155051911313
G10836,90.45619772961948,23.85002723559472
G11070,90.46421043434634,23.850502352389654
G10953,90.4611030910918,23.850108206573985
G10837,90.45610959935797,23.854538994980636
G11071,90.465234437068,23.855146471167515
G10954,90.4610151303314,23.854619983138477
G10838,90.45602144729656,23.85905075141771
G11072,90.46583287009071,23.859212606092616
G10955,90.46092714781294,23.859131756755268
G10839,90.45593327343187,23.86356250490548
G10488,90.44121579413537,23.863318501178234
G10605,90.44612159869111,23.863399991779854
G10489,90.4411270896039,23.86783019997175
G10606,90.44603306377634,23.867911707854596
G10723,90.45093905984253,23.86799305967944
G10490,90.44103836313678,23.87234189581156
G10607,90.44594450696782,23.872423420976798
G10724,90.45085067269598,23.872504790050964
G10491,90.44094961473066,23.876853588697188
G10608,90.4458559282622,23.876935131145988
G10137,90.42649851222944,23.863073093251604
G10371,90.43631001151194,23.863236854554454
G10255,90.43131520710784,23.867666716043164
G10138,90.42640929886804,23.86758474000303
G10372,90.4362211373671,23.867748536033673
G10373,90.43613224124474,23.87226021455802
G10139,90.42632006344527,23.87209638379726
G10256,90.43122614133361,23.872178377218987
G10257,90.43113705353655,23.8766900354383
G10374,90.43604332314146,23.876771890127028
G11073,90.46574503539905,23.863724393909074
G10956,90.46083914353311,23.863643527423914
G10840,90.45584507776057,23.868074255443478
G10957,90.46075111748856,23.868155295143946
G11074,90.46565310872819,23.868232264036855
G10841,90.45575686027931,23.872586003031262
G10958,90.46066306967595,23.872667059914917
G11075,90.46462208041049,23.872111936859834
G10842,90.45566862098478,23.877097747668344
G10959,90.4600116240328,23.876717138783263
G10140,90.42623080595783,23.876608024633814
G10141,90.42614152640228,23.881119662512244
G10258,90.43104794371331,23.881201690700664
G10375,90.43595438305391,23.881283562740247
G10142,90.42605222477526,23.885631297432074
G10259,90.43095881186052,23.885713343005595
G10376,90.43586542097873,23.8857952323972
G10260,90.43086965797478,23.89022499235263
G10377,90.4357764369125,23.890306899097435
G10143,90.42634006995753,23.88963089273024
G7054,90.30277578297542,23.675926334919932
G7288,90.31257228053423,23.676096714946585
G7055,90.30268310716555,23.680437640291082
G7172,90.3075815122703,23.680522925788793
G7289,90.31247994033926,23.680608056664582
G7056,90.3025904083499,23.68494894269333
G7173,90.30748898130196,23.685034246382163
G7290,90.31238757722171,23.685119395416102
G7057,90.30249768652493,23.689460242126216
G7174,90.30739642736593,23.68954556400736
G7756,90.33216555034825,23.676435619874244
G7873,90.3370639247875,23.67651995960476
G7991,90.34187098867102,23.68111559469652
G7874,90.33697242369067,23.681031391613136
G7757,90.33207388142486,23.680947033890458
G7875,90.33688089987929,23.68554282066104
G7992,90.34177963273126,23.685627041704826
G7758,90.33198218974532,23.68545844494501
G7759,90.33189047530615,23.68996985303742
G7993,90.34168825411513,23.690138485753387
G7405,90.31747056371307,23.676181673073554
G7522,90.32236886976943,23.67626647660575
G7640,90.32717536191521,23.68086252153137
G7406,90.31737839133079,23.680693032915542
G7523,90.3222768652033,23.68077785453877
G7641,90.32708350237095,23.68537391455961
G7407,90.31728619606754,23.685204389792258
G7524,90.32218483779782,23.685289229507728
G7408,90.31719397791981,23.689715743703232
G7642,90.32699162002547,23.689885304624504
G7291,90.3122951911781,23.68963073120067
G7292,90.31220278220492,23.694142064017814
G7175,90.30730385045871,23.694056878663933
G7058,90.30240494168719,23.69397153858925
G7176,90.30721125057683,23.698568190351395
G7059,90.30231217383314,23.698482832081968
G7293,90.31211035029868,23.698653393867055
G7060,90.3022193829593,23.70299412260388
G7177,90.30711862771678,23.703079499069272
G7294,90.31201789545591,23.703164720747925
G7525,90.3220927875495,23.68980060151214
G7409,90.31710173688415,23.694227094647985
G7643,90.3268997148753,23.69439669172559
G7526,90.32200071445483,23.694311970551546
G7644,90.32680778691694,23.69890807586239
G7410,90.31700947295708,23.69873844262605
G7527,90.32190861851038,23.698823336625463
G7645,90.32671583614696,23.70341945703444
G7528,90.32181649971265,23.703334699733414
G7411,90.31691718613509,23.70324978763694
G7876,90.33678935334993,23.69005424674801
G7877,90.3366977840991,23.69456566987357
G7994,90.34159685281918,23.694649926841734
G7760,90.33179873810393,23.69448125816723
G7878,90.33660619212337,23.699077090037246
G7761,90.33170697813516,23.698992660333953
G7995,90.34150542883994,23.6991613649694
G7996,90.34141398217399,23.703672800135895
G7762,90.3316151953964,23.703504059537117
G7879,90.33651457741928,23.703588507238564
G7529,90.32172435805818,23.707846059874935
G7412,90.31682487641471,23.7077611296802
G7646,90.32662386256187,23.707930835241257
G7530,90.32163219354348,23.71235741704955
G7413,90.31673254379245,23.712272468755344
G7647,90.32653186615819,23.712442210482365
G7531,90.32154000616507,23.716868771256777
G7414,90.31664018826484,23.716783804861894
G7648,90.32643984693247,23.716953582757302
G7415,90.31654780982836,23.721295137999387
G7763,90.33152338988414,23.708015455776263
G7880,90.33642293998336,23.708099921477057
G7997,90.34132251281785,23.70818423234077
G7764,90.33143156159498,23.7125268490509
G7881,90.33633127981216,23.712611332752246
G7998,90.34123102076808,23.71269566158354
G7765,90.3313397105254,23.717038239360562
G7882,90.3362395969022,23.717122741063662
G7999,90.34113950602122,23.717207087863727
G7883,90.33614789125005,23.721634146410842
G7061,90.30212656906214,23.70750541015453
G7295,90.31192541767312,23.707676044659948
G7178,90.30702598187506,23.707590804817087
G7062,90.30203373213818,23.71201669473343
G7179,90.30693331304816,23.712102107594376
G7296,90.3118329169468,23.71218736560265
G7063,90.3019408721839,23.7165279763401
G7180,90.30684062123261,23.716613407400647
G7297,90.31174039327348,23.716698683575547
G7064,90.30184798919583,23.721039254974087
G7532,90.32144779591945,23.72138012249616
G7649,90.32634780488121,23.721464952065592
G7416,90.31645540847957,23.72580646816735
G7533,90.32135556280318,23.725891470767213
G7650,90.32625574000093,23.725976318406754
G7534,90.32126330681274,23.730402816069464
G7417,90.31636298421495,23.730317795365295
G7651,90.32616365228817,23.73048768178033
G7535,90.32117102794466,23.734914158402436
G7418,90.31627053703099,23.73482911959276
G8692,90.37135317944264,23.67710600858057
G8575,90.36645464689954,23.67702275115454
G8459,90.36146547490551,23.68145086057977
G8576,90.36636415283434,23.68153429042369
G8693,90.37126285322802,23.681617565611145
G8460,90.36137479048668,23.685962379100026
G8577,90.36627363630431,23.686045826739523
G8694,90.37117250459019,23.68612911968959
G8461,90.36128408355795,23.6904738946653
G8578,90.366183097306,23.690557360101554
G8341,90.3566576492393,23.676855772434827
G8107,90.34686074175764,23.67668817524393
G8225,90.35166818660886,23.681283536933943
G8342,90.35656681948316,23.681367276082238
G8108,90.34676957632428,23.681199643137745
G8109,90.34667838825959,23.685711108073487
G8343,90.35647596717892,23.68587877677395
G8226,90.3515771664227,23.68579501976415
G8344,90.35638509232321,23.690390274509493
G8110,90.34658717756015,23.690222570050672
G9043,90.38604891142431,23.67735485308924
G8809,90.37625173440551,23.67718911138025
G8927,90.38106032124344,23.681783652005294
G9044,90.38595908878193,23.681866463206312
G8810,90.37616157604492,23.68170068613929
G8928,90.38097030840028,23.686295241510056
G8811,90.37607139530273,23.686212257947375
G9045,90.3858692438412,23.68637807037478
G8929,90.38088027321372,23.69080682806456
G8812,90.37598119217553,23.690723826804028
G8695,90.37108213352573,23.690640670815416
G8462,90.3611933541159,23.69498540727512
G8579,90.36609253583602,23.695068890509322
G8696,90.37099174003123,23.695152218988156
G8463,90.36110260215712,23.699496916929025
G8580,90.36600195189092,23.699580417962363
G8697,90.37090132410326,23.699663764207358
G8581,90.36591134546732,23.704091942460188
G8464,90.36101182767818,23.70400842362653
G8698,90.37081088573841,23.704175306472525
G8227,90.3514861236434,23.690306499636993
G8111,90.34649594422253,23.694734029068844
G8228,90.35139505826751,23.69481797655202
G8345,90.35629419491252,23.6949017692884
G8112,90.34640468824325,23.699245485127523
G8346,90.35620327494347,23.6994132611102
G8229,90.35130397029164,23.699329450508746
G8113,90.34631340961889,23.70375693822623
G8347,90.35611233241262,23.703924749974416
G8230,90.35121285971232,23.703840921506696
G9046,90.3857793765987,23.690889674594168
G8930,90.38079021568039,23.695318411668346
G8813,90.3758909666599,23.695235392708774
G9047,90.38568948705108,23.69540127586401
G8814,90.37580071875246,23.699746955661162
G9048,90.38559957519489,23.69991287418384
G8931,90.38070013579689,23.69982999232094
G8932,90.38061003355979,23.704341570021864
G8815,90.37571044844978,23.704258515660698
G8816,90.37562015574846,23.708770072706933
G8699,90.37072042493327,23.70868684578321
G8582,90.36582071656177,23.708603464002344
G8465,90.36092103067564,23.708519927367178
G8583,90.36573006517087,23.71311498258834
G8466,90.36083021114608,23.713031428150497
G8700,90.37062994168443,23.71319838213892
G8467,90.36073936908608,23.717542925975998
G8584,90.36563939129115,23.717626498217733
G8468,90.3606485044922,23.72205442084323
G8585,90.36554869491926,23.722138010890028
G8114,90.34622210834598,23.70826838836451
G8348,90.35602136731653,23.708436235880583
G8231,90.35112172652609,23.708352389545404
G8115,90.34613078442109,23.71277983554188
G8349,90.35593037965177,23.71294771882822
G8232,90.35103057072953,23.7128638546244
G8116,90.34603943784079,23.717291279757863
G8350,90.35583936941488,23.71745919881687
G8233,90.35093939231922,23.717375316743205
G8117,90.3459480686016,23.721802721012008
G8933,90.38051990896571,23.708853144770668
G8817,90.37552984064511,23.713281626799375
G8934,90.38042976201125,23.71336471656687
G8818,90.37543950313629,23.717793177937573
G8701,90.37053943598846,23.7177099155392
G8935,90.380339592693,23.71787628541
G8936,90.38024940100755,23.722387851299597
G8819,90.3753491432186,23.72230472612106
G8702,90.37044890784195,23.72222144598359
G8937,90.38015918695149,23.726899414235177
G8351,90.35574833660245,23.72197067584606
G8234,90.3508481912917,23.721886775901353
G8352,90.35565728121104,23.7264821499153
G8118,90.34585667670007,23.726314159303826
G8235,90.3507569676435,23.726398232098376
G8119,90.34576526213277,23.730825594632844
G8236,90.3506657213712,23.730909685333803
G8237,90.35057445247135,23.735421135607154
G8120,90.34567382489622,23.735337026998597
G8238,90.35048316094051,23.739932582917966
G6947,90.29694809500408,23.720953650797036
G6830,90.29204822389131,23.72086789170721
G6714,90.28705496522876,23.725293198564426
G6831,90.29195498143237,23.725379130865043
G6948,90.29685502076015,23.72546490822284
G6715,90.28696153139248,23.729804416444004
G6832,90.29186171584925,23.729890367046792
G6949,90.29676192343369,23.72997616267379
G6716,90.28686807438686,23.734315631345797
G6833,90.29176842713844,23.734401600251985
G6596,90.2822485510694,23.720695908800984
G6479,90.27734874944356,23.72060968499045
G6363,90.2723550557796,23.725034472035073
G6597,90.282154972191,23.725207111323936
G6480,90.27725500236072,23.725120869146494
G6364,90.27226111720505,23.729545634810275
G6598,90.2820613701051,23.729718310868353
G6481,90.27716123202872,23.729632050322795
G6482,90.27706743844404,23.734143228518874
G6599,90.28196774480816,23.734229507433785
G6950,90.29666880302123,23.7344874141494
G6951,90.29657565951923,23.738998662649195
G6834,90.2916751152964,23.738912830480153
G6717,90.28677459420832,23.738826843269347
G6835,90.29158178031963,23.7434240577308
G6718,90.28668109085338,23.743338052214163
G6952,90.29648249292418,23.743509908172697
G6836,90.29148842220461,23.747935282003475
G6953,90.29638930323256,23.74802115071945
G6719,90.28658756431847,23.74784925817977
G6014,90.25746644596667,23.733796562889356
G6249,90.267172742037,23.73848134406746
G6132,90.26227233724784,23.738394581692077
G6015,90.2573719558435,23.73830766429264
G6250,90.26707856520468,23.7429924794591
G6133,90.26217799205506,23.74290569861297
G6016,90.25727744229381,23.742818762709813
G6134,90.26208362347391,23.74741681254852
G6017,90.25718290531408,23.747329858140407
G6251,90.26698436502568,23.74750361186663
G6365,90.27216715533615,23.734056794604015
G6483,90.27697362160309,23.738654403734248
G6600,90.28187409629665,23.738740701019736
G6366,90.27207317016932,23.73856795141584
G6484,90.27687978150237,23.74316557596843
G6601,90.28178042456705,23.743251891625725
G6367,90.27197916170103,23.743079105245243
G6485,90.27678591813832,23.74767674522097
G6602,90.28168672961579,23.747763079251285
G6368,90.27188512992771,23.747590256091765
G6837,90.29139504094779,23.752446503297683
G6720,90.28649401460005,23.752360461165704
G6954,90.29629609044083,23.75253239028896
G6838,90.29130163654564,23.756957721612967
G6721,90.28640044169464,23.756871661171477
G6955,90.2962028545455,23.757043626880755
G6839,90.29120820899465,23.76146893694884
G6722,90.28630684559866,23.761382858196622
G6956,90.29610959554302,23.761554860494364
G6840,90.29111475829127,23.765980149304834
G6135,90.26198923150079,23.75192792349825
G6018,90.25708834490071,23.75184095058394
G6252,90.2668901414964,23.752014741289564
G6136,90.26189481613217,23.756439031461657
G6019,90.25699376105011,23.75635204003993
G6253,90.26679589461331,23.756525867727422
G6254,90.26670162437283,23.761036991179747
G6137,90.26180037736445,23.7609501364383
G6020,90.25689915375874,23.7608631265079
G6138,90.26170591519409,23.76546123842768
G6486,90.27669203150738,23.752187911491376
G6603,90.28159301143936,23.752274263895952
G6369,90.27179107484584,23.752101403954928
G6487,90.27659812160603,23.756699074779167
G6604,90.2814992700342,23.756785445559228
G6370,90.27169699645182,23.756612548834248
G6371,90.27160289474214,23.761123690729256
G6488,90.2765041884307,23.761210235083883
G6605,90.28140550539678,23.761296624240654
G6372,90.27150876971324,23.765634829639477
G6957,90.29601631342986,23.76606609112932
G6723,90.28621322630859,23.765894052240665
G6841,90.29102128443198,23.770491358680466
G6724,90.28611958382088,23.770405243303117
G6958,90.29592300820252,23.770577318785136
G6725,90.286025918132,23.774916431383517
G6842,90.29092778741324,23.775002565075265
G6959,90.29582967985748,23.77508854346134
G6960,90.29573632839117,23.779599765157457
G6843,90.29083426723153,23.77951376848876
G6606,90.28131171752355,23.765807799939747
G6489,90.27641023197785,23.76572139240503
G6373,90.27141462136153,23.770145965564428
G6607,90.28121790641094,23.770318972656025
G6490,90.27631625224392,23.770232546742143
G6491,90.27622224922537,23.774743698094746
G6374,90.27132044968346,23.77465709850363
G6608,90.28112407205546,23.77483014238902
G6375,90.2712262546755,23.77916822845662
G6492,90.27612822291864,23.779254846462354
G7766,90.33124783667195,23.721549626704782
G8000,90.34104796857383,23.721718511180875
G7767,90.33115594003117,23.726061011083083
G7884,90.33605616285223,23.726145548793294
G8001,90.34095640842243,23.726229931534498
G7885,90.33596441170528,23.73065694821055
G7768,90.33106402059958,23.730572392494988
G8002,90.34086482556356,23.73074134892413
G7886,90.3358726378057,23.735168344662153
G7769,90.3309720783737,23.735083770940033
G7181,90.3067479064249,23.721124704235447
G7298,90.31164784664963,23.721209998578182
G7065,90.3017550831704,23.725550530634898
G7182,90.30665516862152,23.725635998098277
G7299,90.3115552770718,23.725721310610062
G7066,90.30166215410416,23.730061803322062
G7183,90.30656240781897,23.730147288988682
G7300,90.31146268453645,23.730232619670733
G7067,90.30156920199357,23.7345730730351
G7184,90.30646962401376,23.73465857690618
G7652,90.32607154173947,23.734999042185827
G7419,90.31617806692422,23.739340440849272
G7536,90.32107872619545,23.73942549776567
G7653,90.32597940835132,23.739510399622795
G7537,90.32098640156164,23.74393683415867
G7420,90.31608557389117,23.743851759134355
G7654,90.32588725212022,23.74402175409073
G7421,90.3159930579283,23.74836307444753
G7655,90.32579507304273,23.748533105589193
G7538,90.32089405403971,23.748448167580985
G7301,90.31137006904012,23.73474392575971
G7185,90.30637681720238,23.739169861850304
G7068,90.30147622683512,23.73908433977356
G7302,90.3112774305793,23.739255228876516
G7069,90.3013832286253,23.74359560353693
G7186,90.30628398738129,23.743681143820567
G7303,90.31118476915047,23.743766529020682
G7187,90.30619113454702,23.748192422816505
G7070,90.3012902073606,23.748106864324768
G7304,90.31109208475017,23.748277826191732
G8003,90.34077321999376,23.735252763349298
G7887,90.33578084115007,23.739679738147622
G8004,90.3406815917096,23.73976417480954
G7770,90.33088011335006,23.73959514641774
G7888,90.3356890217349,23.744191128666476
G7771,90.33078812552522,23.744106518927634
G7889,90.33559717955673,23.748702516218255
G7772,90.33069611489564,23.748617888469248
G7890,90.33550531461208,23.753213900802482
G7773,90.33060408145789,23.75312925504211
G7071,90.30119716303749,23.75261812213659
G7305,90.31099937737484,23.7527891203892
G7188,90.30609825869607,23.752703698837642
G7072,90.30110409565248,23.75712937697191
G7306,90.31090664702104,23.757300411612594
G7189,90.30600535982491,23.7572149718835
G7073,90.30101100520204,23.761640628830268
G7307,90.31081389368522,23.76181169986146
G7190,90.30591243793002,23.76172624195361
G7191,90.3058194930079,23.76623750904749
G7422,90.31590051903213,23.75287438678833
G7656,90.32570287111535,23.753044454117692
G7539,90.3208016836262,23.75295949803213
G7540,90.32070929031761,23.757470825511636
G7423,90.31580795719918,23.75738569615628
G7424,90.31571537242594,23.761897002550906
G7541,90.32061687411044,23.76198215001903
G7425,90.3156227647089,23.766408305971737
G7542,90.3205244350012,23.766493471553837
G7309,90.31062831805355,23.77083426743369
G7657,90.32561064633461,23.757555799675757
G7891,90.33541342689747,23.75772528241868
G7774,90.33051202520848,23.757640618645738
G7658,90.32551839869701,23.76206714226292
G7892,90.33532151640945,23.76223666106639
G7775,90.33041994614392,23.762151979279675
G7659,90.32542612819906,23.76657848187871
G7776,90.33032784426075,23.766663336943434
G7893,90.33522958314454,23.76674803674513
G7660,90.32533383483728,23.77108981852264
G7074,90.30091789168264,23.766151877711184
G7308,90.31072111736388,23.766322985135314
G7192,90.30572652505504,23.770748773164676
G7075,90.30082475509079,23.770663123614185
G7193,90.30563353406794,23.775260034304683
G7076,90.30073159542295,23.775174366538785
G7077,90.3006384126756,23.77968560648453
G7194,90.30554052004305,23.77977129246705
G6961,90.2956429538001,23.784110983873017
G7195,90.30544748297686,23.7842825476513
G7894,90.33513762709926,23.771259409454427
G7777,90.33023571955547,23.77117469163655
G7661,90.32524151860818,23.77560115219425
G7895,90.33504564827012,23.77577077919382
G7778,90.33014357202461,23.775686043358554
G7662,90.32514917950826,23.780112482893063
G7779,90.33005140166469,23.78019739210897
G7896,90.33495364665367,23.780282145962822
G7663,90.32505681753406,23.784623810618612
G7897,90.33486162224644,23.784793509760966
G8703,90.37035835724149,23.726732973471595
G8820,90.37525876088863,23.726816271349342
G8704,90.37026778418364,23.731244498002763
G8938,90.38006895052142,23.731410974216285
G8821,90.37516835614296,23.731327813621977
G8939,90.37997869171392,23.735922531242448
G8705,90.37017718866498,23.735756019576613
G8822,90.37507792897819,23.73583935293848
G8940,90.3798884105256,23.740434085313197
G8706,90.3700865706821,23.740267538192686
G8586,90.36545797605172,23.726649520604767
G8469,90.360557617361,23.72656591275172
G8587,90.36536723468511,23.731161027361477
G8353,90.3555662032372,23.73099362102414
G8470,90.36046670768907,23.731077401700986
G8471,90.36037577547295,23.735588887690565
G8354,90.35547510267749,23.735505089172097
G8588,90.365276470816,23.735672531159693
G8472,90.36028482070921,23.740100370719993
G8589,90.36518568444097,23.740184031998936
G8121,90.34558236498698,23.739848456400615
G8005,90.3405899407076,23.74427558330436
G8239,90.35039184677521,23.744444027265757
G8122,90.3454908824016,23.744359882838424
G8006,90.3404982669843,23.748786988833313
G8240,90.35030050997202,23.748955468650067
G8123,90.34539937713663,23.74887130631155
G8007,90.34040657053622,23.753298391395916
G8241,90.35020915052748,23.75346690707043
G8124,90.34530784918859,23.753382726819524
G8355,90.35538397952848,23.74001655435871
G8590,90.36509487555661,23.744695529878737
G8473,90.36019384339441,23.744611850788786
G8356,90.35529283378672,23.744528016583505
G8474,90.36010284352514,23.749123327896477
G8591,90.36500404415945,23.749207024798633
G8357,90.35520166544876,23.749039475846
G8475,90.36001182109793,23.75363480204261
G8592,90.36491319024609,23.75371851675815
G8358,90.35511047451115,23.753550932145746
G8823,90.37498747939087,23.74035088929839
G8941,90.37979810695303,23.744945636428056
G8824,90.37489700737761,23.744862422701225
G8707,90.36999593023158,23.744779053850504
G8942,90.37970778099282,23.749457184586557
G8825,90.374806512935,23.74937395314652
G8708,90.36990526730997,23.7492905665496
G8943,90.37961743264151,23.753968729788248
G8826,90.37471599605959,23.753885480633823
G8709,90.36981458191387,23.753802076289507
G8008,90.34031485135989,23.757809790991683
G8125,90.34521629855402,23.757894144361874
G8242,90.35011776843812,23.757978342526354
G8009,90.34022310945188,23.76232118762017
G8126,90.34512472522948,23.76240555893813
G8243,90.35002636370052,23.762489775017382
G8010,90.34013134480871,23.766832581280887
G8127,90.34503312921149,23.76691697054782
G8244,90.3499349363112,23.767001204543053
G8011,90.34003955742688,23.771343971973362
G8944,90.37952706189574,23.758480272032635
G8827,90.37462545674798,23.758397005162635
G8710,90.36972387403985,23.758313583069746
G8945,90.37943666875208,23.76299181131927
G8828,90.37453489499674,23.762908526732517
G8711,90.36963314368445,23.762825086889862
G8946,90.37934625320709,23.767503347647672
G8829,90.37444431080246,23.767420045342977
G8712,90.36954239084429,23.76733658774937
G8830,90.37435370416169,23.77193156099355
G8476,90.35992077610936,23.75814627322669
G8593,90.36482231381306,23.758230005756815
G8359,90.35501926097048,23.75806238548225
G8594,90.36473141485696,23.76274149179416
G8477,90.35982970855598,23.762657741448272
G8360,90.35492802482327,23.762573835855058
G8595,90.36464049337435,23.76725297486972
G8478,90.35973861843435,23.767169206706868
G8361,90.35483676606606,23.767085283263693
G8596,90.36454954936178,23.771764454983014
G8128,90.34494151049661,23.771428379190475
G8245,90.34984348626672,23.771512631102873
G8012,90.33994774730296,23.775855359697136
G8129,90.34484986908137,23.77593978486562
G8246,90.3497520135636,23.776024054696386
G8013,90.33985591443346,23.780366744451722
G8247,90.3496605181984,23.78053547532312
G8130,90.34475820496229,23.780451187572787
G8014,90.33976405881491,23.784878126236663
G8131,90.34466651813591,23.784962587311504
G8713,90.36945161551591,23.771848085647818
G8947,90.37925581525737,23.772014881017377
G8948,90.3791653548995,23.776526411427913
G8831,90.37426307507103,23.77644307368378
G8714,90.36936081769588,23.776359580584714
G8715,90.36926999738077,23.780871072559606
G8832,90.37417242352703,23.78095458341318
G8949,90.37907487213006,23.78103793887881
G8716,90.36917915456715,23.785382561572025
G8833,90.3740817495263,23.78546609018129
G8479,90.35964750574104,23.771680669002016
G8362,90.35474548469543,23.77159672770768
G8480,90.35955637047257,23.77619212833324
G8597,90.36445858281581,23.776275932133586
G8363,90.35465418070791,23.77610816918655
G8598,90.36436759373302,23.780787406320957
G8481,90.35946521262552,23.780703584700074
G8364,90.35456285410008,23.78061960769984
G8482,90.35937403219646,23.78521503810205
G8599,90.36427658210994,23.785298877544655
G8950,90.37898436694563,23.78554946336961
G8717,90.36908828925156,23.789894047621488
G8834,90.37399105306537,23.789977593987643
G8951,90.37889383934277,23.790060984899824
G8718,90.3689974014306,23.794405530707543
G8952,90.37880328931807,23.794572503469006
G8835,90.37390033414083,23.794489094831768
G8719,90.36890649110083,23.798917010829705
G8953,90.37871271686814,23.799084019076673
G8836,90.37380959274924,23.799000592713195
G8365,90.35447150486844,23.785131043247077
G8366,90.35438013300957,23.789642475827787
G8483,90.35928282918191,23.789726488538697
G8600,90.36418554794317,23.78981034580422
G8484,90.35919160357842,23.794237936009537
G8601,90.36409449122921,23.794321811099177
G8367,90.35428873852,23.7941539054415
G8602,90.36400341196467,23.798833273429054
G8368,90.35419732139628,23.79866533208774
G8485,90.35910035538257,23.798749380514106
G8248,90.34956900016768,23.7850468929826
G8015,90.33967218044384,23.789389505051474
G8132,90.34457480859878,23.789473984081294
G8249,90.34947745946793,23.789558307674355
G8016,90.33958027931676,23.793900880895702
G8133,90.3444830763474,23.793985377881697
G8250,90.34938589609574,23.79406971939792
G8017,90.33948835543022,23.798412253768852
G8134,90.34439132137834,23.79849676871223
G8251,90.34929431004761,23.798581128152822
G8720,90.36881555825877,23.80342848798751
G8954,90.37862212198948,23.803595531722365
G8837,90.37371882888718,23.80351208763146
G8721,90.36872460290103,23.807939962180495
G8955,90.37853150467872,23.808107041405602
G8838,90.37362804255122,23.808023579586077
G8722,90.36863362502415,23.812451433408178
G8839,90.37353723373789,23.812535068576604
G8956,90.37844086493241,23.812618548125922
G8723,90.36854262462468,23.81696290167011
G8018,90.33939640878073,23.80292362367047
G8252,90.3492027013201,23.80309253393859
G8135,90.3442995436881,23.80300815657243
G8019,90.33930443936482,23.80743499060008
G8136,90.34420774327322,23.80751954146183
G8253,90.34911106990972,23.80760393675475
G8020,90.339212447179,23.811946354557207
G8137,90.34411592013022,23.812030923379943
G8254,90.34901941581303,23.812115336600833
G8138,90.34402407425564,23.816542302326326
G8369,90.35410588163495,23.803176755766053
G8603,90.36391231014609,23.803344732793384
G8486,90.35900908459088,23.803260822051943
G8487,90.35891779119991,23.80777226062256
G8604,90.36382118577,23.807856189191696
G8370,90.35401441923256,23.80768817647595
G8605,90.36373003883298,23.81236764262353
G8371,90.35392293418563,23.81219959421698
G8488,90.35882647520621,23.812283696225506
G8606,90.36363886933158,23.816879093088406
G8957,90.37835020274713,23.81713005188287
G8840,90.3734464024438,23.817046554602555
G8724,90.36845160169919,23.821474366965802
G8958,90.37825951811946,23.821641552675953
G8841,90.37335554866549,23.821558037663458
G8959,90.37816881104592,23.826153050504725
G8725,90.36836055624423,23.8259858292948
G8842,90.37326467239953,23.82606951775886
G8726,90.36826948825635,23.830497288656627
G8960,90.37807808152314,23.830664545368702
G8255,90.34892773902655,23.81662673347638
G8021,90.3391204322198,23.816457715541393
G8139,90.34393220564601,23.821053678300476
G8022,90.33902839448373,23.820969073552142
G8256,90.34883603954681,23.821138127380898
G8140,90.34384031429782,23.825565051301947
G8023,90.33893633396731,23.82548042858901
G8257,90.34874431737035,23.825649518313938
G8141,90.34374840020762,23.830076421330254
G8258,90.34865257249368,23.830160906275022
G8372,90.35383142649071,23.816711008988662
G8489,90.35873513660633,23.816795128860296
G8490,90.3586437753968,23.821306558526462
G8607,90.36354767726235,23.821390540585853
G8373,90.35373989614435,23.821222420790523
G8491,90.35855239157416,23.825817985223555
G8608,90.36345646262183,23.825901985115404
G8374,90.35364834314308,23.8257338296221
G8492,90.35846098513498,23.830329408951073
G8609,90.36336522540657,23.830413426676596
G6609,90.28103021445351,23.77934130913826
G6376,90.27113203633407,23.78367935542291
G6493,90.27603417332018,23.7837659918445
G6610,90.28093633360157,23.783852472903263
G6377,90.2710377946556,23.788190479402022
G6494,90.27594010042642,23.788277134240708
G6611,90.2808424294961,23.788363633683556
G6612,90.28074850213353,23.792874791478667
G6495,90.27584600423383,23.7927882736505
G6378,90.27094352963653,23.792701600393496
G6258,90.26632430976582,23.77908145512401
G6142,90.26132783241466,23.783505616503074
G6025,90.25642576556486,23.783418514010773
G6259,90.26622992268497,23.78359256364144
G6026,90.25633101755363,23.787929582540613
G6143,90.26123325317744,23.788016703549008
G6260,90.26613551222535,23.788103669170468
G6027,90.25623624607658,23.792440648079094
G6144,90.26113865051614,23.792527787604822
G6261,90.26604107838337,23.79261477171061
G6726,90.2859322292384,23.779427616481374
G6727,90.28583851713654,23.78393879859624
G6844,90.29074072388329,23.78402496892047
G6845,90.29064715736502,23.788536166369916
G6728,90.28574478182288,23.78844997772761
G6846,90.29055356767313,23.793047360836642
G6729,90.28565102329388,23.79296115387503
G6847,90.29045995480413,23.797558552320154
G6730,90.285557241546,23.797472327038005
G6613,90.28065455151032,23.797385946288102
G7078,90.30054520684521,23.784196843450935
G6962,90.29554955608072,23.78862219960754
G7196,90.30535442286589,23.788793799856947
G7079,90.30045197792826,23.78870807743753
G6963,90.2954561352295,23.79313341236056
G7197,90.30526133970659,23.793305049083536
G7080,90.30035872592124,23.793219308443835
G6964,90.29536269124291,23.79764462213159
G7198,90.30516823349545,23.797816295330573
G7081,90.3002654508206,23.797730536469373
G6145,90.26104402442718,23.79703886867003
G6028,90.2561414511301,23.796951710625734
G6262,90.26594662115549,23.79712587126139
G6146,90.26094937490696,23.80154994674417
G6029,90.25604663271064,23.801462770180063
G6263,90.26585214053813,23.80163696782234
G6264,90.26575763652771,23.806148061392964
G6147,90.26085470195193,23.806061021826757
G6030,90.25595179081456,23.805973826741596
G6148,90.26076000555848,23.81057209391733
G6379,90.2708492412733,23.797212718396832
G6496,90.27575188473882,23.797299410073393
G6380,90.27075492956234,23.801723833411586
G6497,90.27565774193786,23.801810543508928
G6381,90.2706605945001,23.80623494543724
G6498,90.27556357582738,23.80632167395661
G6265,90.26566310912064,23.81065915197281
G6382,90.27056623608301,23.810746054473345
G6499,90.2754693864038,23.810832801415973
G6266,90.26556855831338,23.815170239561386
G6614,90.2805605776229,23.80189709811141
G6731,90.28546343657568,23.801983497216085
G6848,90.29036631875445,23.802069740819988
G6615,90.28046658046772,23.806408246948102
G6849,90.29027265952057,23.806580926335656
G6732,90.28536960837938,23.806494664408774
G6616,90.28037256004124,23.81091939279771
G6733,90.28527575695355,23.81100582861561
G6850,90.29017897709895,23.8110921088667
G6617,90.2802785163399,23.81543053565976
G6965,90.29526922411743,23.80215582892017
G7199,90.30507510422892,23.802327538597602
G7082,90.30017215262285,23.802241761513688
G6966,90.2951757338495,23.80666703272581
G7200,90.30498195190354,23.80683877888413
G7083,90.30007883132443,23.80675298357628
G7201,90.30488877651572,23.811350016189714
G6967,90.29508222043562,23.81117823354805
G7084,90.29998548692181,23.811264202656695
G6968,90.29498868387222,23.81568943138641
G6734,90.28518188229464,23.81551698983611
G6851,90.290085271486,23.815603288412643
G6618,90.28018444936014,23.819941675533762
G6852,90.28999154267824,23.820114464972995
G6735,90.28508798439908,23.820028148069795
G6619,90.28009035909838,23.824452812419256
G6736,90.28499406326337,23.82453930331621
G6853,90.28989779067207,23.824625638547303
G6854,90.28980401546399,23.82913680913508
G6620,90.2799962455511,23.82896394631576
G6500,90.27537517366358,23.81534392588655
G6383,90.27047185430749,23.815257160519437
G6267,90.26547398410231,23.81968132415822
G6501,90.27528093760316,23.819855047367845
G6384,90.27037744916996,23.819768263575007
G6268,90.2653793864839,23.82419240576284
G6502,90.27518667821896,23.8243661658594
G6385,90.27028302066685,23.824279363639608
G6269,90.26528476545455,23.82870348437477
G6503,90.27509239550741,23.828877281360736
G7543,90.3204319729864,23.771004790115583
G7426,90.31553013404458,23.770919606418296
G7310,90.31053549575067,23.775345546756107
G7427,90.31543748042947,23.77543090389011
G7544,90.32033948806254,23.775516105703797
G7311,90.31044265045178,23.779856823102083
G7428,90.31534480386006,23.77994219838671
G7545,90.32024698022613,23.78002741831801
G7312,90.31034978215334,23.784368096471166
G7429,90.31525210433287,23.78445348990762
G7780,90.32995920847223,23.78470873788732
G7664,90.32496443268205,23.78913513537041
G7898,90.33476957504489,23.78930487058779
G7781,90.32986699244371,23.78922008069314
G7665,90.32487202494876,23.793646457148014
G7782,90.32977475357566,23.793731420525962
G7899,90.33467750504559,23.79381622844282
G7666,90.32477959433068,23.798157775950916
G7783,90.32968249186462,23.798242757385296
G7900,90.33458541224506,23.798327583325577
G7546,90.32015444947369,23.784538727957738
G7313,90.31025689085185,23.788879366862872
G7430,90.31515938184435,23.788964778452367
G7547,90.32006189580167,23.789050034622523
G7314,90.31016397654378,23.793390634276722
G7431,90.31506663639104,23.79347606402048
G7548,90.31996931920663,23.793561338311882
G7315,90.31007103922563,23.79790189871225
G7432,90.31497386796941,23.797987346611478
G7549,90.31987671968504,23.798072639025342
G7316,90.30997807889389,23.802413160168985
G7433,90.31488107657597,23.802498626224903
G7550,90.31978409723338,23.802583936762435
G7317,90.30988509554504,23.80692441864644
G7551,90.31969145184817,23.807095231522688
G7434,90.31478826220719,23.807009902860262
G7318,90.30979208917557,23.811435674144157
G7552,90.3195987835259,23.811606523305628
G7435,90.31469542485956,23.8115211765171
G7319,90.30969905978195,23.815946926661653
G7667,90.32468714082434,23.802669091778668
G7784,90.32959020730708,23.80275409127069
G7901,90.33449329663979,23.802838935235588
G7668,90.32459466442621,23.807180404630788
G7785,90.32949789989952,23.807265422181658
G7902,90.33440115822633,23.807350284172394
G7669,90.32450216513283,23.811691714506807
G7786,90.32940556963851,23.811776750117737
G7903,90.33430899700116,23.811861630135507
G7787,90.3293132165205,23.816288075078457
G7670,90.32440964294067,23.81620302140626
G7904,90.33421681296082,23.81637297312447
G7788,90.32922084054204,23.820799397063332
G7671,90.32431709784623,23.820714325328655
G7905,90.33412460610181,23.820884313138798
G7672,90.32422452984602,23.825225626273536
G7906,90.33403237642062,23.825395650178034
G7789,90.3291284416996,23.825310716071908
G7673,90.32413193893655,23.82973692424043
G7907,90.3339401239138,23.8299069842417
G7553,90.3195060922631,23.816117812110782
G7436,90.31460256452958,23.81603244719494
G7554,90.3194133780562,23.820629097937672
G7320,90.30960600736067,23.82045817619846
G7437,90.31450968121375,23.8205437148933
G7321,90.30951293190819,23.824969422754112
G7555,90.31932064090174,23.82514038078584
G7438,90.31441677490851,23.82505497961172
G7322,90.30941983342102,23.82948066632812
G7556,90.31922788079618,23.829651660654797
G7790,90.3290360199897,23.829822032103703
G7674,90.32403932511428,23.834248219228858
G7908,90.33384784857785,23.834418315329316
G7791,90.32894357540884,23.834333345158242
G7792,90.32885110795353,23.838844655235064
G7909,90.33375555040926,23.838929643440427
G7675,90.32394668837576,23.83875951123835
G7793,90.32875861762027,23.843355962333693
G7910,90.33366322940456,23.84344096857455
G7676,90.32385402871742,23.843270800268446
G7088,90.29961187819879,23.829309049147053
G7206,90.30442255351713,23.833906157986576
G6972,90.29461430605271,23.83373419289155
G7089,90.29951841822222,23.833820253309444
G7207,90.30432923968081,23.83841737739644
G6973,90.29452065368866,23.838245375803396
G7090,90.29942493512027,23.838331454486813
G7208,90.30423590275738,23.842928593822016
G7091,90.29933142888939,23.842842652678673
G6974,90.29442697815385,23.842756555728517
G7439,90.31432384561039,23.829566241349713
G7323,90.30932671189562,23.833991906920016
G7557,90.31913509773602,23.834162937544082
G7440,90.31423089331585,23.834077500106822
G7558,90.31904229171776,23.838674211453213
G7324,90.30923356732845,23.83850314452933
G7441,90.31413791802139,23.83858875588257
G7559,90.31894946273788,23.843185482381735
G7442,90.31404491972347,23.843100008676476
G7325,90.30914039971601,23.84301437915559
G7085,90.29989211941147,23.815775418754455
G7202,90.30479557806198,23.815861250513855
G6969,90.29489512415576,23.820200626240407
G7086,90.29979872878988,23.820286631869077
G7203,90.30470235653878,23.820372481856076
G7204,90.30460911194258,23.82488371021593
G7087,90.29970531505349,23.824797842000105
G6970,90.29480154128272,23.824711818109584
G7205,90.30451584426987,23.829394935592916
G6971,90.29470793524955,23.82922300699346
G6737,90.2849001188839,23.82905045557486
G6738,90.28480615125713,23.833561604845283
G6855,90.28971021705041,23.833647976735847
G6621,90.27990210871472,23.833475077222797
G6739,90.28471216037953,23.83807275112699
G6622,90.27980794858566,23.837986205139906
G6856,90.28961639542781,23.838159141349138
G6740,90.28461814624752,23.842583894419523
G6623,90.27971376516038,23.842497330066593
G6857,90.28952255059261,23.842670302974486
G6386,90.27018856879462,23.828790460712746
G6387,90.27009409354966,23.83330155479396
G6270,90.26519012101068,23.833214559993518
G6504,90.27499808946496,23.833388393871374
G6271,90.26509545314869,23.83772563261863
G6505,90.27490376008802,23.837899503390833
G6388,90.26999959492842,23.83781264588275
G6272,90.26500076186502,23.84223670224961
G6389,90.26990507292732,23.842323733978663
G6506,90.27480940737304,23.842410609918648
G6624,90.27961955843531,23.847008452002388
G6741,90.28452410885754,23.847095034722393
G6858,90.28942868254131,23.8471814616114
G6625,90.2795253284069,23.851519570946824
G6742,90.28443004820606,23.851606172035133
G6859,90.28933479127029,23.85169261725941
G6626,90.27943107507156,23.85603068689943
G6743,90.28433596428948,23.856117306357273
G6860,90.28924087677606,23.85620376991805
G6627,90.27933679842573,23.860541799859703
G6273,90.2649060471561,23.846747768885997
G6507,90.27471503131646,23.846921713454343
G6390,90.26981052754276,23.84683481908122
G6508,90.27462063191466,23.851432813997434
G6274,90.26481130901831,23.851258832527304
G6391,90.26971595877119,23.851345901189937
G6275,90.26471654744809,23.85576989317307
G6509,90.27452620916412,23.855943911547456
G6392,90.26962136660902,23.855856980304353
G6276,90.26462176244185,23.8602809508228
G6744,90.28424185710426,23.86062843768833
G6861,90.28914693905502,23.86071491958684
G6745,90.28414772664685,23.865139566027835
G6628,90.27924249846583,23.8650529098272
G6862,90.28905297810363,23.865226066265304
G6746,90.28405357291365,23.86965069137531
G6629,90.27914817518831,23.869564016801437
G6863,90.28895899391833,23.869737209952977
G6630,90.27905382858958,23.87407512078193
G6747,90.28395939590112,23.874161813730275
G6510,90.27443176306123,23.86045500610393
G6393,90.26952675105267,23.860368056423965
G6394,90.26943211209856,23.864879129548328
G6511,90.27433729360244,23.86496609766638
G6277,90.264526953996,23.86479200547603
G6395,90.26933744974309,23.869390199676953
G6512,90.27424280078415,23.869477186234324
G6278,90.26443212210692,23.869303057132285
G6396,90.26924276398269,23.873901266809355
G6279,90.26433726677108,23.873814105791087
G6864,90.28886498649557,23.874248350649378
G6631,90.27895945866608,23.878586221768217
G6865,90.28877095583177,23.87875948835403
G6748,90.28386519560569,23.878672933092272
G6632,90.27886506541424,23.883097319759806
G6866,90.2886769019234,23.88327062306647
G6749,90.2837709720238,23.883184049460812
G6633,90.27877064883047,23.887608414756244
G6867,90.28858282476688,23.887781754786214
G6750,90.28367672515186,23.887695162835424
G6513,90.27414828460282,23.873988271807303
G6397,90.26914805481378,23.878412330945082
G6514,90.27405374505481,23.878499354384825
G6280,90.26424238798484,23.878325151451957
G6398,90.26905332223276,23.882923392083637
G6515,90.27395918213661,23.88301043396643
G6281,90.26414748574463,23.882836194114418
G6399,90.26895856623607,23.88743445022456
G6282,90.26405256004684,23.88734723377801
G6516,90.27386459584457,23.88752151055163
G6868,90.28848872435863,23.892292883512788
G6751,90.28358245498632,23.89220627321564
G6634,90.27867620891121,23.892119506757044
G6869,90.28839460069511,23.896804009245717
G6752,90.28348816152361,23.896717380600982
G6635,90.27858174565286,23.89663059576173
G6870,90.28830045377273,23.901315131984543
G6753,90.28339384476014,23.901228484990977
G6636,90.27848725905187,23.90114168176984
G6754,90.28329950469237,23.905739586385145
G7911,90.33357088556023,23.84795229073122
G7794,90.32866610440553,23.847867266453648
G7677,90.3237613461358,23.847782086318652
G7912,90.3334785188728,23.852463609909965
G7795,90.32857356830586,23.852378567594474
G7678,90.32366864062737,23.85229336938852
G7913,90.33338612933875,23.856974926110315
G7679,90.32357591218863,23.856804649477557
G7796,90.3284810093177,23.856889865755694
G7797,90.3283884274376,23.861401160936826
G8262,90.3482853659156,23.848206428390366
G8145,90.34338051635712,23.84812187170248
G8028,90.33847568955804,23.84803715914847
G8146,90.34328848850465,23.85263322685794
G8029,90.33838349228635,23.852548496332087
G8263,90.34819350748586,23.85271780148461
G8030,90.3382912722099,23.857059830538528
G8264,90.34810162633507,23.857229171604086
G8147,90.34319643788929,23.857144579037413
G8031,90.3381990293252,23.861571161767294
G6975,90.29433327944473,23.847267732666438
G7092,90.29923789952602,23.84735384788457
G7209,90.30414254274332,23.847439807262845
G6976,90.29423955755777,23.851778906616687
G7093,90.29914434702665,23.85186504010402
G7210,90.30404915963508,23.851951017718452
G6977,90.29414581248942,23.85629007757879
G7094,90.29905077138773,23.856376229336544
G7211,90.30395575342912,23.856462225188373
G6978,90.29405204423612,23.860801245552274
G7560,90.31885661079286,23.84769675032916
G7443,90.31395189841858,23.84761125848807
G7326,90.30904720905478,23.84752561079832
G7444,90.3138588541032,23.852122505316885
G7327,90.3089539953412,23.852036839457053
G7561,90.31876373587922,23.852208015295016
G7562,90.3186708379934,23.856719277278838
G7445,90.31376578677381,23.85663374916245
G7328,90.30886075857178,23.856548065131317
G7563,90.31857791713189,23.861230536280154
G7329,90.30876749874297,23.861059287820623
G7446,90.31367269642689,23.861144990024282
G7330,90.30867421585123,23.865570507524517
G7447,90.31357958305891,23.86565622790192
G7564,90.31848497329119,23.865741792298483
G7565,90.31839200646777,23.87025304533337
G7448,90.31348644666633,23.870167462794882
G7331,90.30858090989302,23.87008172424252
G7332,90.30848758086485,23.874592937974153
G7566,90.31829901665812,23.87476429538432
G7914,90.33329371695459,23.861486239331793
G7680,90.32348316081607,23.86131592658531
G7915,90.33320128171684,23.865997549573933
G7681,90.32339038650618,23.86582720071129
G7798,90.32829582266201,23.865912453137415
G7799,90.32820319498745,23.870423742356977
G7916,90.33310882362197,23.870508856836263
G7682,90.32329758925543,23.87033847185504
G7917,90.3330163426665,23.87502016111831
G7800,90.32811054441042,23.874935028595043
G8265,90.34800972245975,23.861740538748293
G8148,90.34310436450754,23.86165592824043
G8032,90.33810676362876,23.866082490017938
G8149,90.3430122683559,23.866167274466527
G8266,90.34791779585643,23.866251902916794
G8033,90.33801447511709,23.87059381528999
G8150,90.34292014943092,23.87067861771524
G8267,90.34782584652163,23.870763264109115
G8034,90.33792216378669,23.875105137582953
G8151,90.3428280077291,23.87518995798608
G7095,90.29895717260571,23.860887415581683
G7212,90.30386232412194,23.860973429672114
G6979,90.29395825279433,23.86531241053666
G7096,90.29886355067705,23.865398598838947
G7213,90.30376887170999,23.865484631169217
G7097,90.29876990559822,23.869909779107882
G6980,90.29386443816047,23.86982357253149
G7214,90.30367539618969,23.869995829679205
G7098,90.29867623736565,23.87442095638799
G6981,90.29377060033103,23.87433473153627
G7449,90.31339328724566,23.874678694702705
G7567,90.31820600385869,23.87927554245089
G7450,90.31330010479334,23.879189923624914
G7333,90.30839422876315,23.879104148718955
G7568,90.318112968066,23.883786786532582
G7334,90.3083008535844,23.883615356476444
G7451,90.31320689930585,23.88370114956103
G7335,90.30820745532506,23.888126561246153
G7569,90.31801990927652,23.888298027628927
G7452,90.31311367077967,23.88821237251059
G7683,90.32320476906033,23.874849740016078
G7918,90.33292383884691,23.879531462419607
G7801,90.32801787092737,23.879446311851158
G7684,90.32311192591735,23.879361005193942
G7802,90.32792517453484,23.883957592124826
G7919,90.33283131215971,23.88404276073968
G7685,90.32301905982295,23.883872267388153
G7920,90.33273876260141,23.888554056078064
G7803,90.32783245522927,23.88846886941559
G7686,90.32292617077367,23.88838352659824
G8375,90.35355676748341,23.83024523548292
G8493,90.35836955607577,23.834840829708572
G8610,90.36327396561312,23.834924865268956
G8376,90.35346516916191,23.834756638372514
G8611,90.36318268323802,23.83943630089202
G8377,90.3533735481751,23.839268038290406
G8494,90.35827810439308,23.839352247495565
G8378,90.35328190451949,23.84377943523614
G8495,90.35818663008347,23.84386366231159
G8612,90.36309137827783,23.8439477335453
G8843,90.37317377364249,23.83058099488828
G8961,90.37798732954766,23.83517603726742
G8727,90.36817839773211,23.835008745050807
G8844,90.3730828523909,23.835092469051254
G8728,90.36808728466805,23.839520198476887
G8962,90.37789655511604,23.83968752620041
G8845,90.37299190864134,23.83960394024731
G8729,90.36799614906074,23.84403164893439
G8963,90.37780575822485,23.844199012167216
G8846,90.37290094239037,23.844115408475975
G8024,90.33884425066707,23.829991780651515
G8142,90.34365646337194,23.83458778838493
G8025,90.3387521445795,23.834503129739183
G8259,90.34856080491335,23.834672291263672
G8143,90.34356450378728,23.839099152465508
G8026,90.33866001570112,23.83901447585155
G8260,90.34846901462588,23.839183673279425
G8261,90.34837720162778,23.843695052321817
G8027,90.33856786402848,23.843525818988134
G8144,90.34347252145017,23.843610513571516
G8964,90.37771493887065,23.84871049516735
G8847,90.37280995363454,23.8486268737368
G8730,90.36790499090674,23.848543096422844
G8965,90.37762409705,23.853221975200352
G8731,90.36781381020256,23.853054540941788
G8848,90.3727189423704,23.853138336029296
G8732,90.36772260694477,23.857565982490748
G8849,90.37262790859452,23.85764979535301
G8966,90.37753323275948,23.857733452265762
G8850,90.37253685230344,23.86216125170746
G8496,90.35809513314344,23.848375074156184
G8379,90.35319023819166,23.848290829209237
G8613,90.36300005072908,23.84845916322835
G8497,90.35800361356955,23.852886483028872
G8380,90.3530985491881,23.85280222020922
G8614,90.3629087005883,23.852970589940686
G8615,90.36281732785208,23.857482013681853
G8381,90.35300683750538,23.857313608235632
G8498,90.35791207135833,23.857397888929185
G8499,90.3578205065063,23.861909291856648
G8382,90.35291510313996,23.861824993287996
G8616,90.36272593251692,23.861993434451364
G8383,90.35282334608843,23.86633637536585
G8617,90.36263451457937,23.86650485224876
G8500,90.35772891901003,23.866420691810802
G8501,90.35763730886603,23.87093208879117
G8384,90.35273156634727,23.870847754468723
G8618,90.36254307403597,23.87101626707357
G8502,90.35754567607081,23.875443482797287
G8385,90.35263976391306,23.875359130596134
G8967,90.37744234599562,23.862244926363104
G8733,90.36763138112993,23.86207742106925
G8851,90.37244577349372,23.866672705092185
G8968,90.37735143675498,23.86675639749192
G8734,90.36754013275457,23.866588856676845
G8735,90.36744886181522,23.87110028931305
G8852,90.3723546721619,23.871184155506725
G8969,90.37726050503414,23.871267865651728
G8853,90.37226354830456,23.87569560295059
G8736,90.36735756830845,23.875611718977392
G8619,90.36245161088324,23.875527678925327
G8386,90.35250087754838,23.879761014673896
G8503,90.3574540256012,23.87995486941827
G8620,90.36236012511775,23.880039087803574
G8504,90.35749871712669,23.884517717387894
G8387,90.3527320249003,23.885218050663013
G8621,90.362268616736,23.884550493707813
G8388,90.35095456686923,23.88786717534041
G8505,90.3578195536428,23.88810626793469
G8622,90.36220772951474,23.889033204373405
G8970,90.37716955082965,23.87577933084206
G8737,90.3672662522308,23.880123145669412
G8854,90.3721724019182,23.880207047423337
G8971,90.37707857413805,23.880290793062464
G8855,90.3720812329994,23.884718488924477
G8972,90.37698757495592,23.884802252312465
G8738,90.36717491357881,23.88463456938864
G8973,90.37689655327978,23.889313708591583
G8856,90.37199004154472,23.889229927453556
G8739,90.367083552349,23.889145990134608
G9325,90.3897995117883,23.89272515178311
G9208,90.3862994288828,23.893104746477995
G9091,90.38171196005777,23.893908775022783
G9209,90.38474785035365,23.896679385632858
G9092,90.38151791782458,23.89688908566034
G8268,90.34773387445185,23.875274622324763
G8035,90.33782982963406,23.87961645689639
G8152,90.34273584324693,23.879701295278586
G8269,90.34764187964363,23.879785977563298
G8036,90.33773747265572,23.88412777322981
G8153,90.34264365598094,23.88421262959229
G8270,90.34752259080466,23.88430634652429
G8037,90.33764509284816,23.888639086582746
G8154,90.34255144592763,23.888723960926722
G8271,90.34741929299703,23.888775914311694
G7215,90.30358189755755,23.8745070252016
G7099,90.29858254597582,23.87893213067882
G6982,90.29367673930244,23.87884588755054
G7216,90.30348837581,23.879018217735943
G7100,90.29848883142516,23.88344330197989
G6983,90.29358285507115,23.88335704057381
G7217,90.30339483094353,23.88352940728175
G7218,90.30330126295456,23.88804059383855
G7101,90.29839509371011,23.887954470290726
G6984,90.29348894763358,23.887868190605626
G8038,90.33755269020787,23.893150396954727
G8272,90.34691175018901,23.893280907979022
G8155,90.3424592130835,23.893235289281417
G8039,90.33746026473136,23.897661704345296
G8273,90.34628732482156,23.89739987762482
G8156,90.34236695744505,23.897746614655894
G8274,90.34505651940302,23.90098114100835
G8157,90.34222800464126,23.902245789243814
G8040,90.33736781641515,23.902173008753962
G8275,90.345316728284,23.90693264924588
G7921,90.33264619016846,23.89306534843428
G7804,90.32773971300719,23.892980143722976
G7687,90.32283325876595,23.89289478282373
G7922,90.33255359485742,23.897576637807862
G7805,90.32764694786508,23.89749141504652
G7688,90.3227403237963,23.89740603606416
G7923,90.33246097666469,23.90208792419834
G7806,90.32755415979939,23.90200268338573
G7689,90.32264736586116,23.901917286319055
G7924,90.33236833558684,23.906599207605243
G7336,90.30811403398158,23.892637763027604
G7453,90.31302041921124,23.892723592473114
G7570,90.31792682748667,23.892809265739473
G7454,90.31292714459707,23.89723480944814
G7571,90.31783372269298,23.897320500863724
G7337,90.30802058955044,23.89714896182033
G7455,90.31283384693359,23.901746023435187
G7572,90.31774059489192,23.90183173300123
G7338,90.30792712202809,23.90166015762386
G7456,90.31274052621728,23.906257234433784
G7573,90.31764744407994,23.906342962151506
G7339,90.30783363141099,23.90617135043771
G7457,90.3126471824446,23.910768442443466
G7574,90.31755427025351,23.910854188314087
G7340,90.3077401176956,23.91068254026143
G7341,90.30764658087837,23.915193727094522
G7575,90.31746107340912,23.91536541148849
G7458,90.31255381561202,23.915279647463752
G7342,90.30755302095577,23.919704910936527
G7459,90.312460425716,23.91979084949418
G8158,90.3421823777713,23.906769256462326
G8041,90.3372753452557,23.906684310180268
G8159,90.34209005372895,23.911280572893347
G8276,90.34603837267103,23.91150332732217
G8042,90.33718285124954,23.911195608623746
G8277,90.34600289756177,23.91585698419785
G8160,90.34199770687833,23.915791886342266
G8043,90.33709033439312,23.915706904083912
G8161,90.3419053372159,23.92030319680863
G8278,90.34613572690014,23.920437773399332
G7807,90.32746134880665,23.906513948740155
G7690,90.32255438495704,23.90642853358794
G7925,90.33227567162034,23.911110488028104
G7808,90.3273685148833,23.911025211109337
G7691,90.32246138108039,23.91093977787035
G7809,90.32727565802588,23.915536470492764
G7692,90.32236835422772,23.915451019165804
G7926,90.33218298476166,23.915621765466437
G7927,90.33209027500729,23.920133039919797
G7810,90.3271827782308,23.92004772689
G7576,90.31736785354322,23.919876631674267
G7343,90.30745943792424,23.924216091786978
G7460,90.312367012753,23.92430204853427
G7577,90.31727461065228,23.924387848870914
G7344,90.30736583178023,23.928727269645396
G7461,90.31227357671948,23.928813244583544
G7578,90.31718134473277,23.928899063077985
G7579,90.31708805578116,23.933410274295003
G7345,90.30727220252021,23.933238444511307
G7462,90.31218011761187,23.933324437641556
G7693,90.32227530439548,23.91996225747385
G7928,90.33199754235375,23.924644311387688
G7811,90.32708987549461,23.924558980300556
G7694,90.32218223158014,23.924473492793993
G7695,90.32208913577819,23.92898472512577
G7812,90.32699694981373,23.92907023072397
G7929,90.33190478679748,23.92915557986965
G7696,90.32199601698608,23.93349595446872
G7813,90.32690400118467,23.933581478159773
G7930,90.33181200833498,23.93366684536522
G6400,90.26886378682009,23.891945505367364
G6517,90.27376998617517,23.892032584139958
G6283,90.26395761088787,23.89185827044223
G6401,90.26876898398123,23.896456557511573
G6518,90.27367535312477,23.89654365473094
G6284,90.26386263826416,23.896369304106624
G6402,90.26867415771592,23.900967606656728
G6285,90.26376764217208,23.900880334770715
G6519,90.27358069668983,23.901054722324098
G6403,90.26857930802056,23.905478652802344
G7219,90.30320767183959,23.892551777405874
G7102,90.29830133282715,23.892465635610858
G6985,90.2933950169862,23.892379337645515
G7103,90.29820754877272,23.896976797939807
G7220,90.30311405759501,23.897062957983234
G6986,90.29330106312544,23.896890481692985
G7104,90.29811374154326,23.901487957277105
G7221,90.30302042021734,23.90157413557018
G6987,90.29320708604774,23.90140162274757
G7105,90.2980199111352,23.905999113622276
G7222,90.30292675970298,23.90608531016623
G6988,90.29311308574957,23.905912760808807
G7106,90.29792605754503,23.910510266974857
G7223,90.30283307604843,23.910596481770913
G6989,90.2930190622273,23.910423895876217
G7107,90.29783218076915,23.91502141733436
G7224,90.3027393692501,23.915107650383735
G6990,90.29292501547744,23.914935027949312
G7108,90.29773828080401,23.919532564700315
G7225,90.30264563930446,23.919618816004263
G6871,90.28820628358797,23.905826251728783
G6637,90.27839274910464,23.905652764780882
G6755,90.28320514131667,23.910250684783026
G6872,90.28811209013722,23.910337368477954
G6638,90.2782982158076,23.910163844794397
G6873,90.28801787341692,23.914848482231587
G6756,90.28311075462952,23.914761780184126
G6639,90.27820365915716,23.9146749218099
G6874,90.2879236334235,23.91935959298922
G6640,90.27810907914974,23.91918599582692
G6286,90.26367262260804,23.90539136243402
G6520,90.27348601686674,23.905565786918956
G6404,90.26848443489156,23.90998969594794
G6287,90.26357757956843,23.90990238709607
G6521,90.27339131365193,23.91007684851504
G6405,90.26838953832532,23.914500736093043
G6288,90.2634825130497,23.91441340875638
G6522,90.27329658704178,23.914587907111883
G6289,90.26338742304817,23.918924427414492
G6523,90.27320183703274,23.919098962708997
G6757,90.28301634462731,23.91927287258799
G6875,90.2878293701534,23.923870700750367
G6641,90.27801447578177,23.923697066844987
G6758,90.28292191130649,23.923783961994133
G6642,90.27791984904964,23.92820813486362
G6759,90.28282745466345,23.928295048402074
G6876,90.28773508360304,23.928381805514558
G6760,90.28273297469462,23.932806131811365
G6877,90.28764077376884,23.93289290728132
G6643,90.27782519894978,23.93271919988235
G6406,90.26829461831825,23.91901177323719
G6290,90.26329230956028,23.92343544306991
G6524,90.2731070636212,23.92361001530591
G6407,90.26819967486674,23.923522807379896
G6525,90.27301226680358,23.92812106490216
G6408,90.26810470796718,23.928033838520683
G6291,90.26319717258242,23.927946455722168
G6526,90.27291744657626,23.932632111497266
G6292,90.26310201211099,23.932457465370803
G6409,90.26800971761601,23.932544866659082
G6991,90.29283094549639,23.919446157027654
G7109,90.29764435764609,23.92404370907226
G6992,90.2927368522806,23.92395728311073
G7226,90.30255188620795,23.924129978631992
G7110,90.29755041129178,23.928554850449714
G6993,90.29264273582646,23.928468406198085
G7227,90.30245810995702,23.928641138266464
G7111,90.29745644173754,23.933065988832205
G7228,90.30236431054811,23.93315229490721
G6994,90.29254859613047,23.93297952628926
G6644,90.27773052547859,23.93723026190071
G6761,90.28263847139644,23.937317212221508
G6878,90.28754644064723,23.937404006050183
G6879,90.28745208423463,23.941915101820666
G6645,90.2776358286325,23.941741320918204
G6762,90.2825439447653,23.94182828963204
G6763,90.28244939479764,23.946339364042483
G6880,90.28735770452748,23.946426194592306
G6646,90.2775411084079,23.946252376934382
G6764,90.28235482148983,23.950850435452374
G7112,90.29736244897981,23.937577124219267
G6995,90.29245443318901,23.93749064338376
G7229,90.30227048797767,23.937663448553742
G7230,90.30217664224215,23.942174599205604
G6996,90.29236024699853,23.942001757481115
G7113,90.29726843301503,23.94208825661041
G6997,90.29226603755546,23.946512868580857
G7231,90.30208380803694,23.946684480537
G7114,90.29717439383963,23.946599386005182
G7232,90.30103004002126,23.950631004008724
G8857,90.37181896006746,23.89340182413356
G8974,90.37681347600888,23.893818088976566
G8740,90.36747544392513,23.89272973018847
G8975,90.37740499500994,23.896937157126867
G8623,90.36286618402207,23.892543495092884
G8044,90.33699779468299,23.920218196560306
G8162,90.3418129447382,23.924814504291962
G8279,90.34619722120831,23.924935789027554
G8045,90.33690523211558,23.924729486052463
G8280,90.34622010945453,23.929382732654314
G8046,90.33681264668745,23.929240772559897
G8163,90.34172052944169,23.929325808791788
G8281,90.345654804166,23.93369646817649
G8164,90.34162809132286,23.93383711030765
G8047,90.33672003839503,23.933752056082156
G7346,90.3071785501406,23.937749616384245
G7463,90.31208663542668,23.937835627707805
G7580,90.3169947437939,23.937921482521492
G7464,90.31199313016033,23.942346814781843
G7347,90.3070848746379,23.94226078526373
G7581,90.31690140876746,23.942432687756984
G7348,90.30699117600851,23.946771951149298
G7465,90.31189960180929,23.946857998863177
G7582,90.3168080506983,23.946943890001013
G7349,90.30652482509869,23.94941238695953
G7697,90.3219028752003,23.938007180822364
G7814,90.3268110296039,23.938092722607482
G7931,90.33171920696275,23.93817810787392
G7698,90.3218097104173,23.94251840418623
G7932,90.33162638267724,23.94268936739528
G7815,90.3267180350679,23.94260396406664
G7699,90.32171652263358,23.947029624559853
G7933,90.33144747812804,23.947112031538722
G7816,90.32662501757312,23.947115202536775
G7934,90.33010429933647,23.951694346681162
G8048,90.33662740723484,23.938263336618753
G8282,90.3451052959668,23.93843191265461
G8165,90.34153563037825,23.938348408839072
G8049,90.33653475320338,23.942774614169235
G8283,90.34495393981545,23.942846552342424
G8166,90.3414431466043,23.94285970438558
G8167,90.34139034941884,23.947339048632173
G8050,90.33659079634872,23.946807581870626
G8284,90.34461043411261,23.947160316604222
G8168,90.34114481180139,23.95165657284911
G7583,90.31709933557188,23.95025349841039
G7466,90.3121694753352,23.949492914498574
G7584,90.31845579520832,23.955941713179662
G7700,90.32162331184557,23.95154084194276
G7817,90.32653197711606,23.951626438017406
G7701,90.32144052937646,23.955311665856293
G7818,90.32611165771532,23.95473469596027
G7935,90.32993143333309,23.954462822560284
G8051,90.33727526994986,23.953647141152125
G8285,90.34402241648019,23.95011402052832
G8169,90.33987819886937,23.954984620056845
G8052,90.33761249678838,23.954773535836843
G6293,90.26300682814237,23.936968472015316
G6410,90.2679147038096,23.937055891794625
G6527,90.27282260293566,23.937143155090748
G6528,90.27272773587819,23.94165419568214
G6411,90.26781966654437,23.941566913926824
G6294,90.26291162067297,23.941479475655253
G6412,90.26772460581668,23.94607793305521
G6295,90.26281638969915,23.945990476290124
G6529,90.27263284540025,23.946165233270953
G6413,90.26762952162298,23.95058894917931
G6881,90.28726330152217,23.950937284364624
G6647,90.2774463648012,23.950763429948754
G6882,90.28716887521516,23.95544837113713
G6648,90.27735159780882,23.95527447996085
G6765,90.28226022483835,23.955361503861223
G6649,90.27725680742716,23.9597855269702
G6883,90.28707442560282,23.959959454909388
G6766,90.28216560483955,23.95987256926857
G6650,90.2773096375482,23.964012189264647
G6884,90.28672340037842,23.963096415746097
G6530,90.27253793149825,23.950676267856736
G6296,90.26272113521733,23.950501473919463
G6414,90.2675344139596,23.95509996229864
G6297,90.26262585722388,23.955012468542787
G6531,90.27244299416859,23.95518729943899
G6298,90.2625305557152,23.95952346015963
G6532,90.27234803340765,23.95969832801726
G6415,90.26743928282299,23.959610972412744
G6299,90.26243523068767,23.96403444876952
G6533,90.2728296768088,23.96296306612446
G6998,90.29217180485624,23.95102397668252
G7115,90.29708033145003,23.9511105124031
G7233,90.29980770472783,23.954727897787603
G6999,90.29207754889727,23.955535081785612
G7116,90.29696976037742,23.95560747589595
G7000,90.29198326967499,23.960046183889688
G7117,90.29642840411069,23.95977864517012
G7118,90.29445211803315,23.962381168377775
G6767,90.2817376015734,23.963972226900502
G6651,90.27941971485475,23.96665552522443
G6768,90.28093022298204,23.966923200422887
G6416,90.26719308414053,23.96402830862695
G6300,90.26215755538591,23.968296366752764
G6534,90.26975178736913,23.967929345127274
G6417,90.26693029730616,23.967891490031587
G6301,90.2604883160802,23.97381208208056
G6302,90.26048165756887,23.97553995310038
G7001,90.29114692368776,23.962683370803216
G6309,90.25957199120336,24.01046361965841
G6310,90.2593017378062,24.013079496298253
G11188,90.46883570885025,23.856768562994308
G11189,90.46963990644105,23.85946865494039
G11190,90.46978416871775,23.8638651347182
G11191,90.46939889984691,23.867582173173773
G10725,90.45076226369423,23.877016517470633
G10726,90.45067383283393,23.881528241938003
G10492,90.44086084438216,23.881365278628195
G10609,90.44576732765614,23.881446838361708
G10727,90.45058538011172,23.88603996345259
G10493,90.44077205208794,23.885876965604105
G10610,90.44567870514625,23.885958542623495
G10728,90.45049690552429,23.890551682013943
G10494,90.44068323784461,23.890388649624448
G10611,90.44559006072919,23.890470243930885
G11076,90.46331192901252,23.875345745223783
G10960,90.45941992243733,23.881941604659207
G10843,90.45558035987361,23.881609489354275
G10961,90.4591304831907,23.886185561562684
G10844,90.45549207694246,23.886121228088598
G10845,90.45540377218799,23.89063296387084
G10962,90.45923048055462,23.89054610253547
G10495,90.44059440164885,23.89490033068878
G10729,90.45047023542682,23.894347943871825
G10612,90.44544062900874,23.89492612896
G10613,90.44472166989985,23.89794519154343
G10496,90.44003959724722,23.89857620309031
G10963,90.45891538229215,23.89421128209784
G10846,90.45532071477606,23.89462909065125
G10261,90.4315967588746,23.894104331410418
G10378,90.43568743085191,23.89481856284048
G10144,90.42819145866153,23.892572948590416
G10262,90.4330343145932,23.897148708854296
G10379,90.43632420540042,23.89823077584305
G9906,90.41641837704655,23.87644353468878
G9790,90.41152827667227,23.880678913337054
G10024,90.42123513116272,23.881037478177802
G9907,90.41632875803653,23.88095513770014
G9791,90.41345420949744,23.883416876962656
G10025,90.42136301930302,23.885361000041147
G9908,90.41649051590777,23.8844050342209
G10026,90.42246978933711,23.888590747744068
G9321,90.39188769315993,23.876029577997457
G9088,90.38198476884844,23.88037438258393
G9205,90.38689098600747,23.880457815984883
G9322,90.39174832773789,23.88049489428639
G9206,90.386800326309,23.88496931063339
G9323,90.39120300380162,23.88519365221276
G9089,90.38189393940641,23.884885859549723
G9324,90.3907819274156,23.888887434175718
G9090,90.3818030875123,23.889397333545823
G9207,90.38670964420034,23.889480802313397
