grid_id,lon,lat,NDVI,NDBI,LST_Night,Population,LST_2030_pred
G0026,90.01009799872217,23.635469970409456,0.04577240425586059,0.011564141729612986,17.104228504817815,25001000.0,28.686708345295166
G0027,90.00986066830569,23.638956884768653,0.055327958034484495,0.04579004353116019,17.104228504817815,25001000.0,29.501804537999003
G0028,90.00967650275719,23.643466376410824,0.06452180448471338,0.04387545232883699,17.104228504817815,25001000.0,29.71073937256199
G0029,90.01052385177599,23.646425332387288,0.07160314344517889,0.0731940573811663,17.104228504817815,25001000.0,30.85807411356233
G0143,90.01478469285517,23.63486170456753,0.05340953125467099,0.005550117662744786,17.104228504817815,25001000.0,28.6275995720898
G0144,90.01453919637247,23.63905074658428,0.07445375903887379,0.011306739293003985,15.948910333776467,25001000.0,28.728632514063957
G0145,90.01443680453205,23.643560941743782,0.0856481049618678,0.027651992843352787,17.104228504817815,25001000.0,29.442789228920276
G0146,90.01470555112995,23.64749169167555,0.09673752343804079,0.012132775845597986,15.224130922011767,25001000.0,28.552456882525526
G0147,90.01661683813592,23.650465113136104,0.1823147199223528,-0.03760278438155321,17.104228504817815,25001000.0,27.521290754214856
G0226,90.00830420394723,24.011106694924564,0.23818228758077709,-0.08304884125415951,17.104228504817815,25001000.0,26.427791232374847
G0227,90.0078137072558,24.013797300411387,0.2071397450170513,-0.08330021578054261,17.104228504817815,25001000.0,26.263092170466933
G0228,90.00662069257895,24.016782752673063,0.20154439871694388,-0.056600914069982314,16.593352641468783,25001000.0,26.73154194801998
G0259,90.02042146440843,23.632067756135093,0.051498746717401594,0.023650344011489185,17.104228504817815,25001000.0,28.800189539994026
G0260,90.01953723766556,23.63463496990252,0.05945707766857939,0.039338464297967786,17.104228504817815,25001000.0,29.578414353858754
G0261,90.01943483344303,23.63914498841469,0.0830862465957032,0.011633420783920486,17.104228504817815,25001000.0,28.861881647965575
G0262,90.01933260890067,23.643655203697712,0.0784686845602836,0.04300558375750329,17.104228504817815,25001000.0,29.895067894908134
G0263,90.01923035896846,23.64816541594136,0.07438428690454389,-0.004300717031656314,17.104228504817815,25001000.0,28.423312737036007
G0264,90.01980046080234,23.65234878332128,0.0016679303876964906,-0.012178875820373015,17.104228504817815,25001000.0,25.27908208471493
G0265,90.02075624947308,23.656850887759024,-0.045781845173036906,-0.0740354728467588,17.104228504817815,25001000.0,21.750308968712368
G0266,90.02101355585687,23.66159098398919,-0.04743873957096631,-0.0776680841011253,17.104228504817815,25001000.0,21.73728612241467
G0267,90.02075505241706,23.666556534460067,-0.05049555581224271,-0.0777724841668352,17.104228504817815,25001000.0,21.687764523942704
G0268,90.0199734988724,23.67069674405525,-0.05147128938255951,-0.0810471558533556,17.104228504817815,25001000.0,21.63149469298633
G0269,90.02069036078683,23.673310128013096,-0.038107829457843606,-0.0851337562629693,17.104228504817815,25001000.0,21.717310674525883
G0343,90.01148526745469,24.009698055459747,0.2068032050761632,-0.07973531207547531,17.104228504817815,25001000.0,26.230647918741546
G0344,90.01083357104308,24.013505223824662,0.1985143132224325,-0.0747135025638628,17.104228504817815,25001000.0,26.325577664249426
G0345,90.01053820435453,24.016704630018925,0.20402914291634028,-0.0628417254852282,17.104228504817815,25001000.0,26.798690250173816
G0348,90.01182560928056,24.0324497350036,0.26189290342395255,-0.111533546147197,17.104228504817815,25001000.0,25.802159803144107
G0349,90.01184342500136,24.035679342001742,0.25250282924850437,-0.10749963109450751,17.104228504817815,25001000.0,25.729713604082058
G0350,90.01233854246736,24.040336984686576,0.2440296936369693,-0.100483292734866,17.104228504817815,25001000.0,25.84387474767543
G0376,90.02477969907119,23.63175940654868,0.06205458020631249,0.012643699543216586,17.104228504817815,25001000.0,28.598280323569334
G0377,90.02443252779555,23.634728837656,0.059074647654560594,0.05589067837833669,17.104228504817815,25001000.0,29.61654638184404
G0378,90.0243304958996,23.63923907606721,0.05904096896517509,0.0795208997990811,16.245013274952925,25001000.0,29.935537844208575
G0379,90.02422843865912,23.64374931144086,0.050281909804100994,0.052137068926384686,17.104228504817815,25001000.0,29.640029863462974
G0380,90.0241263560703,23.648259543776472,-0.00840160709351771,-0.010789713403923014,16.143542686717666,25001000.0,24.440874356099524
G0381,90.02402424812927,23.65276977307354,-0.052059920300102806,-0.0789111682328195,17.104228504817815,25001000.0,21.730692147141422
G0382,90.02392211483217,23.65727999933156,-0.04688471023348151,-0.07662834604609521,17.69971915730585,25001000.0,21.73728612241467
G0383,90.02381995617519,23.661790222550053,-0.04818049570864601,-0.0799932086040864,17.104228504817815,25001000.0,21.681016291458295
G0384,90.02371777215444,23.66630044272852,-0.04362484926907711,-0.08511444071872991,17.78137461949072,25001000.0,21.635575308811813
G0385,90.02352482298416,23.6706805328027,-0.00950636421370181,-0.07409375572006201,17.104228504817815,25001000.0,22.5603165997781
G0386,90.02206128719024,23.67356280673717,-0.03179461343386871,-0.0888924940389839,17.104228504817815,25001000.0,22.319484758396083
G0460,90.01645587718956,24.010138790516105,0.21415290633151518,-0.086056285280837,17.104228504817815,25001000.0,26.126707445655153
G0461,90.01596140918116,24.01390317114296,0.2304109150873151,-0.0910761198046415,17.104228504817815,25001000.0,26.043637198552336
G0462,90.0161467742034,24.0177073407377,0.2307424438833118,-0.08251940193257341,16.537357303473442,25001000.0,26.230061501301027
G0463,90.01767271427043,24.02242589928669,0.25682682772812504,-0.10832209319406311,17.104228504817815,25001000.0,25.795913023630934
G0464,90.01770446499032,24.02509100987236,0.2412477792968441,-0.07980799515669021,17.104228504817815,25001000.0,26.427791232374847
G0465,90.01528666341741,24.03248730755672,0.26842435554495775,-0.1127087561597698,17.104228504817815,25001000.0,25.837025904084527
G0466,90.0151608631612,24.036078544661347,0.25975617020680464,-0.1102944852019652,15.897044949161087,25001000.0,25.66886011995353
G0467,90.0149513609552,24.040578490601657,0.2483486843327224,-0.0991590135924793,17.104228504817815,25001000.0,25.915238942743724
G0468,90.01638860794431,24.04353597021404,0.2730697219874911,-0.1430935103205742,15.940785333776462,25001000.0,25.717068482700434
G0493,90.02957155063373,23.631357408070105,0.06689250713915149,0.008284722702789887,17.104228504817815,25001000.0,28.65921581956456
G0494,90.02932804833239,23.634822751071027,0.09190389885487599,0.024361256499764887,17.104228504817815,25001000.0,29.370179721948855
G0495,90.02922618370067,23.63933300953864,0.0037946683492090906,-0.014536815167954114,17.104228504817815,25001000.0,25.424223386393873
G0496,90.02912429376593,23.643843264970023,-0.028831873966247805,-0.04204565922046172,17.104228504817815,25001000.0,23.356279045431997
G0497,90.02902237852433,23.648353517364697,-0.049416792639923705,-0.07896219403457241,17.104228504817815,25001000.0,21.730692147141422
G0498,90.02892043797203,23.65286376672216,-0.04406322500835331,-0.08292916666854591,17.104228504817815,25001000.0,21.7714296615432
G0499,90.0288184721052,23.65737401304191,-0.044168294784289505,-0.0853433643067904,17.104228504817815,25001000.0,21.635575308811813
G0500,90.02871648091995,23.661884256323464,0.027523298652635492,-0.07483501062716881,17.104228504817815,25001000.0,23.587305840394492
G0501,90.02861446441248,23.666394496566323,0.160594309000718,-0.0902650783574872,17.104228504817815,25001000.0,25.667010930483524
G0502,90.02859933976582,23.67083611385309,0.257918290584741,-0.1306722476655932,17.104228504817815,25001000.0,25.66348546902966
G0503,90.02958014885589,23.674478592022187,0.24525399329844358,-0.1257653278893209,17.104228504817815,25001000.0,25.58038705858053
G0504,90.03044186547343,23.67891041057232,0.1783789656231889,-0.099420458777683,17.104228504817815,25001000.0,25.650714929591615
G0577,90.01976774053163,24.01028109930585,0.2116773971820009,-0.0813671778411624,17.104228504817815,25001000.0,26.263092170466933
G0578,90.020058998093,24.014223034999112,0.1900793414980262,-0.058293394099464116,17.104228504817815,25001000.0,26.92937247426043
G0579,90.02057884097013,24.018183832629703,0.24365555271371359,-0.10761639904440641,17.104228504817815,25001000.0,25.643104796371258
G0580,90.02027038111574,24.02241692103373,0.2376617597664033,-0.12302323203725271,17.104228504817815,25001000.0,25.615126482337256
G0581,90.02007877780687,24.027870583915742,0.24427517016289668,-0.1128434352610385,17.104228504817815,25001000.0,25.643104796371258
G0582,90.02029038372191,24.03173259754393,0.25798375852773314,-0.10217093875024791,17.104228504817815,25001000.0,25.946684713524427
G0583,90.01985886829472,24.034722583058794,0.28742202735643474,-0.12603970209384432,17.104228504817815,25001000.0,25.892989641372047
G0610,90.03436856433123,23.63111784137585,0.04664436759302449,-0.0005729089934194136,18.34648386318824,25001000.0,28.50248935064736
G0611,90.03422359416838,23.634916510334648,-0.01173857136854731,-0.06463645726167641,17.104228504817815,25001000.0,22.541847533354446
G0612,90.03412189680476,23.63942678882577,-0.05397630800379921,-0.08002920513465671,17.672153087399664,25001000.0,21.63149469298633
G0613,90.03402017417962,23.643937064281985,-0.049486429413526906,-0.08101148102674291,17.104228504817815,25001000.0,21.63149469298633
G0614,90.0339184262891,23.648447336702823,-0.030786804589620208,-0.0839026093445665,17.46113859464603,25001000.0,22.477642542233728
G0615,90.03381665312936,23.652957606087785,0.024350478178467593,-0.0782862835919085,17.104228504817815,25001000.0,23.41077807221329
G0616,90.03371485469661,23.657467872436364,0.135970071041789,-0.06793645035822181,17.160307392600004,25001000.0,26.101921458207404
G0617,90.03361303098697,23.66197813574808,0.21772633998451388,-0.1032396246835391,17.104228504817815,25001000.0,25.67641737314364
G0618,90.0335111819966,23.666488396022427,0.25473857775935277,-0.1381497682500472,16.879399464211275,25001000.0,25.60359013841161
G0619,90.03340930772168,23.67099865325891,0.2379644844447324,-0.1291037583313829,17.104228504817815,25001000.0,25.612081331554002
G0620,90.03330740815836,23.67550890745704,0.2319377577873121,-0.1199805482970437,16.112153087399662,25001000.0,25.527905893118913
G0621,90.03332960254433,23.67956693161532,0.2048315329112565,-0.1091784399951622,17.104228504817815,25001000.0,25.65429052627412
G0622,90.0352723796131,23.684045681725625,0.1878921798537264,-0.05856727276866112,17.104228504817815,25001000.0,26.92937247426043
G0623,90.03518569454592,23.6872192336768,0.23983079239996588,-0.11378124622698521,17.104228504817815,25001000.0,25.643104796371258
G0693,90.02640579350101,24.005803495694767,0.1993729669832709,-0.0702518662491306,17.104228504817815,25001000.0,26.393980904621397
G0694,90.02576873794702,24.00920825702944,0.22096603915604038,-0.0894292439521261,16.463814179930324,25001000.0,25.82775468616419
G0695,90.025664397625,24.01383055625897,0.2041552721507488,-0.0816806259404591,17.104228504817815,25001000.0,26.230647918741546
G0696,90.02548875332644,24.018279298676177,0.2257053403004606,-0.0902461175476118,16.4900845762007,25001000.0,25.86778155748398
G0697,90.0253869674524,24.02101362595451,0.2621358320782671,-0.1158380850118843,17.104228504817815,25001000.0,25.702505040051953
G0698,90.02387266592035,24.02905388826755,0.1893607714861079,-0.0809584590146485,17.104228504817815,25001000.0,26.19903289716122
G0699,90.0249312530318,24.031883656113045,0.2524039387476721,-0.1035506235152666,17.104228504817815,25001000.0,25.804227252090193
G0700,90.0245350338631,24.03438012260826,0.2500615379879961,-0.1017728059453216,15.94281184892796,25001000.0,25.837625172583625
G0719,90.04213916715906,23.59632683979343,0.2008877457847286,-0.03909576276565061,17.104228504817815,25001000.0,27.401313298906626
G0720,90.04147019365037,23.59922339393384,0.13203036038358848,-0.0007176427741140137,17.104228504817815,25001000.0,28.52068036363843
G0721,90.04100854308821,23.603603459868346,0.09741468771152899,0.016685872297459586,17.104228504817815,25001000.0,29.09717167846641
G0722,90.04067249494653,23.607909100623168,0.0944292692048956,0.017301946973180087,17.104228504817815,25001000.0,29.090600721644535
G0723,90.04148723450314,23.61048339131648,0.151073014902084,-0.029433539406701615,17.104228504817815,25001000.0,27.603914459413264
G0727,90.03924270743295,23.631066659229408,-0.051445180011780105,-0.0751924321070391,17.104228504817815,25001000.0,21.700787370240402
G0728,90.03911916526208,23.635010115443663,-0.054869386995476006,-0.0784822503225433,17.104228504817815,25001000.0,21.707286407517092
G0729,90.03901763517038,23.63952041392539,-0.052407078958217806,-0.0794662298275498,17.104228504817815,25001000.0,21.660038436201866
G0730,90.03891607985867,23.644030709373546,-0.018905473338653007,-0.0781012517209087,17.104228504817815,25001000.0,22.47688043129889
G0731,90.03881449932305,23.64854100178766,0.09977874635975259,-0.07287254094196641,17.104228504817815,25001000.0,25.35852180929781
G0732,90.03871289355975,23.653051291167216,0.2185563617616981,-0.09516810973112251,17.104228504817815,25001000.0,25.8620862676911
G0733,90.0386112625649,23.65756157751172,0.199951262929573,-0.08043643682990431,17.104228504817815,25001000.0,26.19903289716122
G0734,90.03850960633469,23.66207186082069,0.1920392472341349,-0.0765443576855673,17.104228504817815,25001000.0,26.31876257273083
G0735,90.03840792486528,23.666582141093617,0.2254750871681204,-0.12139351964402981,17.104228504817815,25001000.0,25.662520030754674
G0736,90.03830621815285,23.671092418330016,0.2068339525706707,-0.108430321264966,17.104228504817815,25001000.0,25.65429052627412
G0737,90.03820448619354,23.675602692529388,0.2383727833732399,-0.1298159764393835,17.104228504817815,25001000.0,25.612081331554002
G0738,90.03811931355166,23.680094055921533,0.2203124770560374,-0.1101766024518771,17.104228504817815,25001000.0,25.67641737314364
G0739,90.03860816184753,23.684799595322808,0.19359989076705358,-0.10858819450588891,17.104228504817815,25001000.0,25.65429052627412
G0740,90.0384723334856,23.688730406838623,0.2384845699071388,-0.10891597836252281,17.104228504817815,25001000.0,25.643104796371258
G0741,90.03857961108045,23.693515648599547,0.2980411125936391,-0.1506860362344993,17.104228504817815,25001000.0,25.80903478192251
G0742,90.03894857913046,23.69942987826294,0.2594793792969914,-0.1046555141361475,17.104228504817815,25001000.0,25.879495659597996
G0743,90.0385170799218,23.70066780170271,0.2580523208991233,-0.1105289930971004,17.104228504817815,25001000.0,25.761828864222696
G0810,90.03004645604065,24.00573056849908,0.2166001129484928,-0.09013451973224151,17.104228504817815,25001000.0,25.874131397695763
G0811,90.03060598980842,24.009354520808223,0.21986770658160848,-0.0867929937443795,17.104228504817815,25001000.0,26.05988230525299
G0812,90.03050235331062,24.013864565823507,0.2060466236093227,-0.0853996733375123,17.104228504817815,25001000.0,26.132682147718103
G0813,90.03039869127078,24.018374607764265,0.20149113760925288,-0.0782262111975672,17.104228504817815,25001000.0,26.28680625999616
G0814,90.03069139678638,24.021795780046656,0.2237616701339737,-0.09437845177992121,17.104228504817815,25001000.0,25.91653579336225
G0831,90.04721640645667,23.574090820619165,-0.04515326403875251,-0.0810446325900601,17.104228504817815,25001000.0,21.7714296615432
G0832,90.04735387385537,23.57478977217242,-0.023707236112716207,-0.0753051452372348,17.104228504817815,25001000.0,22.451484206413497
G0835,90.04698883243668,23.59184593168472,0.06135782218675699,-0.10562303502981331,17.104228504817815,25001000.0,23.94126575052524
G0836,90.04537384868306,23.59493204708954,0.1764754181282916,-0.053982476871761415,17.104228504817815,25001000.0,26.927892658031116
G0837,90.0448247581296,23.599020909778204,0.1376950634561616,-0.0044278572238442135,17.104228504817815,25001000.0,28.41222005115046
G0838,90.04472359660468,23.60353125245772,0.1036730338321142,0.016711932533293287,15.333597833776452,25001000.0,28.80255429557299
G0839,90.04462240993175,23.608041592108968,0.1267102977501764,-0.0029496327307616138,17.104228504817815,25001000.0,28.458768608250146
G0840,90.04498359863217,23.611077039427787,0.10455746155785799,0.004020437606186186,17.104228504817815,25001000.0,28.753099669178596
G0841,90.04645071454651,23.61836177962531,-0.02925724767942331,-0.05086783607427742,17.104228504817815,25001000.0,22.977088831376882
G0842,90.04536083320441,23.62193707311351,-0.05284713391963561,-0.07114913864413791,17.104228504817815,25001000.0,21.700787370240402
G0843,90.04510781288336,23.625926776137337,-0.04872542007067901,-0.07447320063535841,17.104228504817815,25001000.0,21.700787370240402
G0844,90.04423197000904,23.630810766248374,-0.054989113244405405,-0.0749002769461808,18.89236621612944,25001000.0,21.828113126600066
G0845,90.044014761572,23.635103566394875,-0.04782027795974221,-0.0788552819164843,17.104228504817815,25001000.0,21.780213745613388
G0846,90.04391339875606,23.63961388483432,0.03315058880943399,-0.06833970880945281,18.353892217834442,25001000.0,23.698773697830656
G0847,90.04381201076158,23.64412420024152,0.1814259550641069,-0.08309735274728411,17.104228504817815,25001000.0,26.186712318171942
G0848,90.0437105975847,23.648634512616,0.2004209658390061,-0.09171443940394221,17.741428449718484,25001000.0,25.910974856525357
G0849,90.04360915922165,23.653144821957248,0.1917190699824423,-0.0758938918107266,17.104228504817815,25001000.0,26.31876257273083
G0850,90.04350769566857,23.65765512826477,0.19204953674715639,-0.0674448511341707,16.006189745541207,25001000.0,26.24416020241924
G0851,90.04340620692162,23.662165431538096,0.2006239995507747,-0.07040144468389481,17.104228504817815,25001000.0,26.393980904621397
G0852,90.043304692977,23.666675731776703,0.224099768733412,-0.11009109802040351,15.846018542731684,25001000.0,25.541986470321195
G0853,90.04320315383087,23.671186028980102,0.2004787722155443,-0.1134249536470743,17.104228504817815,25001000.0,25.65429052627412
G0854,90.04310158947942,23.67569632314781,0.22105068465268649,-0.10843766675810601,15.874182072906907,25001000.0,25.55324061144104
G0855,90.04299999991879,23.680206614279328,0.21927820655311478,-0.1153408991127552,17.104228504817815,25001000.0,25.67641737314364
G0856,90.04289838514518,23.68471690237416,0.2284250305379901,-0.11337935612378831,15.650231762347886,25001000.0,25.598329446544412
G0857,90.04279674515472,23.6892271874318,0.2686090216204757,-0.13534586227840212,17.104228504817815,25001000.0,25.507874139451935
G0858,90.04290442877868,23.693584041066256,0.28060808397035686,-0.1353924342367146,15.399660333776493,25001000.0,25.851520865801152
G0859,90.042593389508,23.698247748433573,0.2782623347164764,-0.13504438764211682,17.104228504817815,25001000.0,25.67388756439047
G0860,90.04261303114905,23.70273350563403,0.2858749617641311,-0.1439767123951918,15.407374619490755,25001000.0,26.003646552483573
G0861,90.04324033817711,23.706717802498844,0.2696428833994435,-0.1305884844039163,17.104228504817815,25001000.0,25.704984757415094
G0862,90.04342285789637,23.71114504414895,0.19872877813081838,-0.1207713111204353,16.145660333776476,25001000.0,25.49079337537774
G0919,90.03876331150553,23.97109868525089,0.2013815305302629,-0.035985721544667816,17.104228504817815,25001000.0,27.513607051266817
G0920,90.0384910312274,23.9718212502606,0.1549412705534424,-0.03173975622642141,17.104228504817815,25001000.0,27.543066344121566
G0921,90.03856235687675,23.97961338419958,0.2880051693985948,-0.12754224081461102,17.104228504817815,25001000.0,25.90776660601362
G0922,90.0385172920117,23.980939646360863,0.1939939179830697,-0.0880358799261299,17.104228504817815,25001000.0,26.061432747276335
G0927,90.0357234899116,24.006504004883805,0.2467649375402354,-0.10537176370247671,17.104228504817815,25001000.0,25.700701136047496
G0928,90.03551561177493,24.00944963279528,0.2151964946780961,-0.08349880561486421,16.48069063680677,25001000.0,26.09396311179764
G0929,90.03541214601805,24.01395969787957,0.21523668903380158,-0.0969845745728779,17.104228504817815,25001000.0,25.737588636991774
G0930,90.03530865476112,24.01846975989072,0.2292377250357674,-0.10537074395660631,16.458266394382548,25001000.0,25.541986470321195
G0931,90.0352891792973,24.02290176860033,0.2262343461433616,-0.0914072212293804,17.104228504817815,25001000.0,25.988497137235626
G0932,90.03642572671721,24.025676946390707,0.2103874112473381,-0.0841599777213273,17.104228504817815,25001000.0,26.2964539717873
G0948,90.05104941820642,23.57387915277436,0.08463286903434449,0.0013616246530592864,17.104228504817815,25001000.0,28.475967452367254
G0949,90.05060419591474,23.5762224005464,0.1573870839347531,-0.06357354561114781,16.97019764720929,25001000.0,26.732607813763625
G0950,90.05205610048817,23.5794800426568,0.2162001963042351,-0.0865309559397779,17.104228504817815,25001000.0,26.126707445655153
G0951,90.05230988585605,23.58778543653825,0.18001436812231741,-0.06846747857195189,17.104228504817815,25001000.0,26.485811326347566
G0952,90.05032902184817,23.59067587764216,0.1909270406588931,-0.09443817152850191,17.104228504817815,25001000.0,25.855998022789585
G0953,90.04982001234482,23.5946036815972,0.1821108588130393,-0.0764519288009389,15.335160333776486,25001000.0,26.054578934238712
G0954,90.04971904287058,23.59911404721744,0.1392830023957249,-0.005974500083339114,17.104228504817815,25001000.0,28.37965933329912
G0955,90.04961804829354,23.603624409811207,0.1073531915468015,0.025536118434739186,16.88983424681996,25001000.0,29.37366757762936
G0956,90.04951702860991,23.60813476937802,0.08661310062138579,0.009115313817307786,17.104228504817815,25001000.0,28.884588472495796
G0957,90.04951761705864,23.61259619628386,0.047275310988034294,0.05680950433220498,17.664906710588042,25001000.0,29.640197753519
G0958,90.04933787133518,23.61717357602815,-0.02711978452218191,-0.038854164063958814,17.104228504817815,25001000.0,23.4256370647142
G0959,90.04921381888146,23.621665829911763,-0.051375407270597806,-0.06786905797731231,18.79377973676153,25001000.0,21.828113126600066
G0960,90.04911269873342,23.626176177365807,-0.04569471292123511,-0.0761662784789103,17.104228504817815,25001000.0,21.73728612241467
G0961,90.04901155345976,23.63068652179041,-0.04415758730629841,-0.08007298118708121,17.104228504817815,25001000.0,21.7714296615432
G0962,90.04891038305665,23.635196863185097,0.04319318545479829,-0.0637253486667358,17.104228504817815,25001000.0,24.21230284370527
G0963,90.04880918752029,23.639707201549367,0.2040403823320407,-0.08920597166179911,17.104228504817815,25001000.0,25.97495389599571
G0964,90.04870796684688,23.64421753688272,0.2073028791674885,-0.0958183306145605,17.104228504817815,25001000.0,25.793715621285152
G0965,90.04860672103258,23.64872786918466,0.20665622196797778,-0.09269810963690721,17.104228504817815,25001000.0,25.855998022789585
G0966,90.04850545007358,23.653238198454705,0.2291997429139347,-0.1002262657948047,17.104228504817815,25001000.0,25.748945217461223
G0967,90.04840415396608,23.657748524692348,0.2450200999974709,-0.0827320677433232,17.104228504817815,25001000.0,26.351718806287643
G0968,90.04830283270621,23.66225884789711,0.2287235840161827,-0.061063200667579615,17.104228504817815,25001000.0,27.068068280959277
G0969,90.04820148629021,23.666769168068484,0.2561913257509559,-0.0988051311137723,17.104228504817815,25001000.0,26.01879782556733
G0970,90.04810011471425,23.671279485205982,0.2354331120996028,-0.10634022432983371,17.104228504817815,25001000.0,25.643104796371258
G0971,90.04799871797445,23.675789799309104,0.2256902928832003,-0.09721408786420871,17.104228504817815,25001000.0,25.81658457284561
G0972,90.04789729606705,23.680300110377367,0.2293319206323003,-0.1084449411647865,17.104228504817815,25001000.0,25.665163232023794
G0973,90.0477958489882,23.684810418410265,0.23350663204432148,-0.1147370249022885,17.104228504817815,25001000.0,25.649381030087806
G0974,90.04769437673409,23.689320723407302,0.25583758108004695,-0.1282636061241417,17.104228504817815,25001000.0,25.724394878802105
G0975,90.04759287930085,23.693831025368013,0.28598274309100385,-0.16181254344454932,17.104228504817815,25001000.0,25.782644385466142
G0976,90.04749135668469,23.69834132429186,0.2393462240017601,-0.1191241612272418,17.104228504817815,25001000.0,25.62902583861258
G0977,90.04738980888177,23.70285162017839,0.2578391706756257,-0.12381874572978101,17.104228504817815,25001000.0,25.71198279391978
G0978,90.04728823588826,23.707361913027075,0.24925452431999828,-0.1117736970494179,17.104228504817815,25001000.0,25.712025202693795
G0979,90.04735154233833,23.71064346496648,0.2131625210725306,-0.1323963177652811,17.104228504817815,25001000.0,25.6372894587358
G10000,90.42337581847518,23.7727577712774,0.07038528440362929,-0.0011034182645014135,17.104228504817815,25001000.0,28.399729271250145
G10001,90.4232868768656,23.77726945968509,0.06127297900226009,-0.003263793601405914,17.104228504817815,25001000.0,28.351921416524775
G10002,90.42319791322028,23.78178114514374,0.05832822810139649,-0.008519660313393814,17.104228504817815,25001000.0,28.09750049993604
G10003,90.42310892753588,23.786292827652844,0.06111369891500809,-0.016237122264382814,17.104228504817815,25001000.0,27.830579242977826
G10004,90.423019919809,23.790804507211952,0.06336982605732838,-0.022100484024630614,17.104228504817815,25001000.0,27.273416601685117
G10005,90.42293089003633,23.795316183820603,0.0891586179762494,-0.017609193994811013,17.104228504817815,25001000.0,27.855574436544956
G10006,90.42284183821442,23.79982785747832,0.08287706590395069,-0.010225534196166215,17.104228504817815,25001000.0,28.07830795105456
G10007,90.42275276433996,23.804339528184634,0.07328813867860089,0.0027216942051562867,17.104228504817815,25001000.0,28.57265453186889
G10008,90.42266366840958,23.80885119593909,0.072674863761497,0.004632871559856687,17.104228504817815,25001000.0,28.629202634768944
G10009,90.4225745504199,23.813362860741226,0.06060581485705619,0.014600140778480486,17.104228504817815,25001000.0,28.714979378559867
G10010,90.42248541036751,23.81787452259057,0.07063153400075318,0.0037286104098523862,17.104228504817815,25001000.0,28.629202634768944
G10011,90.42239624824911,23.822386181486657,0.06106593590385489,-0.0033101935832422135,17.104228504817815,25001000.0,28.351921416524775
G10012,90.4223070640613,23.826897837429023,0.0741565412005506,-0.004169554565819614,19.053542686717638,25001000.0,28.493392852310294
G10013,90.42221785780066,23.8314094904172,0.07656226062078109,0.0012125626417805865,17.104228504817815,25001000.0,28.475967452367254
G10014,90.42212862946386,23.83592114045073,0.11153651001020319,-0.010939434146078513,18.64560151024708,25001000.0,28.220308792402893
G10015,90.4220393790475,23.84043278752913,0.145958143286485,-0.028313644994956613,17.104228504817815,25001000.0,27.619127221333706
G10016,90.42195010654822,23.844944431651964,0.12386231181318509,-0.029788684707473916,18.348095116385167,25001000.0,27.57806476059991
G10017,90.42186081196262,23.84945607281874,0.1536695360953032,-0.053363350499083216,17.104228504817815,25001000.0,26.914777251076064
G10018,90.42177149528736,23.853967711029004,0.1484210378832303,-0.04544064722731021,18.902298014935894,25001000.0,27.128890714428245
G10019,90.421682156519,23.85847934628229,0.1166388695247316,-0.010652334437036814,17.104228504817815,25001000.0,28.121989121212092
G10020,90.42159279565418,23.862990978578136,0.1328971448535316,-0.025264067746109713,19.286066130877913,25001000.0,27.652267872205016
G10021,90.42150341268956,23.86750260791608,0.1146369848242024,-0.010586213182882914,17.104228504817815,25001000.0,28.121989121212092
G10022,90.42141400762166,23.872014234295644,0.1058707645227211,-0.004241929884215614,18.82824856907061,25001000.0,28.52376160690423
G10023,90.4213245804472,23.87652585771637,0.1377935350042047,-0.028659351086470015,17.104228504817815,25001000.0,27.619127221333706
G10024,90.42123513116272,23.8810374781778,0.14473467088441938,-0.03304917153118711,18.598569424685564,25001000.0,27.58404884133027
G10025,90.42136301930302,23.885361000041147,0.2110894632390905,-0.0852467274385862,17.104228504817815,25001000.0,26.16512639944349
G10026,90.42246978933711,23.888590747744068,0.1447469031070664,-0.06133153931526581,17.104228504817815,25001000.0,26.66441232530491
G10081,90.43130386647542,23.611057202428423,0.1624527249058659,-0.061443457468555215,17.104228504817815,25001000.0,26.853649238825945
G10082,90.43137137108492,23.61492798144124,0.057338752281382493,-0.011943779315209815,17.104228504817815,25001000.0,27.996024533790763
G10083,90.43128336592392,23.619439790122176,0.14062427723558618,-0.03571512921589801,17.199946048062174,25001000.0,27.463953580232758
G10084,90.43119533888584,23.623951595871524,0.1230616160354716,0.008511578322623786,17.104228504817815,25001000.0,29.02690296615248
G10085,90.43110728996729,23.628463398688822,0.0866086470352966,0.038855084956235686,17.007801178846904,25001000.0,30.14048362959993
G10086,90.43101921916494,23.6329751985736,0.11870018981090279,-0.029968583860593714,17.104228504817815,25001000.0,27.596039083249007
G10087,90.43093112647551,23.63748699552539,0.1603836974221178,-0.0814123767860891,16.64075892532574,25001000.0,26.005285496426215
G10088,90.43084301189567,23.64199878954373,0.2042044279644975,-0.07461906035368111,17.104228504817815,25001000.0,26.35719268582975
G10089,90.43075487542212,23.64651058062815,0.2066590486372295,-0.0769438780371022,16.341374619490722,25001000.0,26.1203422881185
G10090,90.43066671705144,23.65102236877818,0.19448006639995788,-0.0844927851824737,17.104228504817815,25001000.0,26.177856952970412
G10091,90.43057853678042,23.655534153993354,0.1353640216339152,0.013565425424628685,16.02064540840334,25001000.0,28.63406192159951
G10092,90.43049033460564,23.66004593627321,0.1346254568697644,0.00043061354922718656,17.104228504817815,25001000.0,28.552975295061504
G10093,90.43040211052384,23.66455771561728,0.1348709533128367,-0.011487400964359814,16.451946048062183,25001000.0,28.11377188120809
G10094,90.43031386453166,23.6690694920251,0.1278950812481092,-0.025848053214761912,17.104228504817815,25001000.0,27.62160573345291
G10095,90.43022559662576,23.67358126549619,0.09686369082735749,-0.009860840073763115,19.380715889332038,25001000.0,28.15493458025612
G10096,90.43013730680282,23.6780930360301,0.06116385926139819,0.022794963522508985,17.104228504817815,25001000.0,28.860668901215384
G10097,90.43004899505952,23.682604803626347,0.03985258177349949,-0.028510772465852714,20.18404922266538,25001000.0,26.27132866536298
G10098,90.42996066139251,23.687116568284484,0.06711467447073349,-0.03279822905485301,17.104228504817815,25001000.0,26.5957406791556
G10099,90.42987230579848,23.69162833000404,0.04847497852582719,6.257719836818632e-05,20.64442089715672,25001000.0,28.645025763244888
G10100,90.42978392827403,23.696140088784524,0.0829862518818086,-0.0043193033239466135,17.104228504817815,25001000.0,28.381760765555896
G10101,90.4296955288159,23.7006518446255,0.054743756221740394,0.010511673295254686,20.74949131969194,25001000.0,28.906716382367698
G10102,90.4296071074207,23.705163597526493,0.045943996128132394,0.007005502158856286,17.104228504817815,25001000.0,28.697269068134617
G10103,90.42951866408512,23.709675347487035,0.04482214301103529,0.004268131971724386,20.7362317623479,25001000.0,28.747979477601838
G10104,90.4294301988058,23.71418709450665,0.04471867528396719,-0.0009564408690672136,17.104228504817815,25001000.0,28.315290604760833
G10105,90.42934171157944,23.71869883858489,0.055250083890951894,0.004652245002143887,20.539399464211243,25001000.0,28.62664167423275
G10106,90.42925320240263,23.72321057972129,0.05097992976067499,0.007634042964471286,17.104228504817815,25001000.0,28.57180097757734
G10107,90.42916467127208,23.72772231791536,0.048786098256585794,0.0030247002649350864,19.892231762347905,25001000.0,28.703478516927525
G10108,90.42907611818444,23.732234053166653,0.07452164999646849,-0.009804670849638913,17.104228504817815,25001000.0,28.16889182044727
G10109,90.42898754313632,23.7367457854747,0.0872365814637405,-0.015079727544481414,20.497378643635642,25001000.0,28.020322766394905
G10110,90.42889894612443,23.74125751483904,0.06655292289937739,-0.008380884793234813,17.104228504817815,25001000.0,28.09750049993604
G10111,90.42881032714538,23.745769241259183,0.06079155614226339,-0.0023367208990225136,20.774761783051847,25001000.0,28.40244470945936
G10112,90.42872168619584,23.75028096473469,0.06691986286282209,-0.006182493835403613,17.104228504817815,25001000.0,28.27281214157375
G10113,90.42863302327248,23.75479268526509,0.07538556145915519,0.0021626454901756864,20.15471915730589,25001000.0,28.556480923176068
G10114,90.42854433837192,23.75930440284992,0.0668164507067445,0.0008121481193042865,17.104228504817815,25001000.0,28.446128103336132
G10115,90.4284556314908,23.763816117488705,0.06479893415006038,-0.012978382354403514,19.97908890520504,25001000.0,28.028969992834792
G10116,90.42836690262578,23.768327829180983,0.07341372636850109,-0.007624447786834113,17.104228504817815,25001000.0,28.340885816423867
G10117,90.42827815177353,23.77283953792628,0.07006672985537059,0.0019191590368934862,19.81537461949077,25001000.0,28.46133196396573
G10118,90.42818937893064,23.777351243724148,0.05840010382974449,0.002916723070573586,17.104228504817815,25001000.0,28.50458085701877
G10119,90.4281005840938,23.78186294657411,0.05789620190538449,-0.0006860723878135135,20.342954451423537,25001000.0,28.45347172292979
G10120,90.42801176725963,23.786374646475704,0.063414206153758,0.0005578695715164864,17.104228504817815,25001000.0,28.446128103336132
G10121,90.4279229284248,23.79088634342845,0.06486520248889278,0.005006183481278886,18.81648386318821,25001000.0,28.674438052488966
G10122,90.42783406758592,23.79539803743192,0.0668511674006284,0.0064456630725391855,17.104228504817815,25001000.0,28.600607352598367
G10123,90.42774518473963,23.79990972848561,0.06974455234441279,0.008626497672147786,18.775013274952958,25001000.0,28.742359901236195
G10124,90.42765627988258,23.80442141658907,0.09186260413564969,0.0017064927686384862,17.104228504817815,25001000.0,28.470902663800548
G10125,90.4275673530114,23.80893310174184,0.09844300042798809,-0.013637894473989014,19.39099366710977,25001000.0,28.15493458025612
G10126,90.42747840412272,23.81344478394345,0.06640616293803579,-0.011142954079168614,17.104228504817815,25001000.0,27.996024533790763
G10127,90.4273894332132,23.81795646319344,0.07188938172377649,-0.014588451653717815,18.90345743522576,25001000.0,28.0083407465099
G10128,90.42730044027944,23.822468139491324,0.0998513332575316,-0.0013681688053459136,17.104228504817815,25001000.0,28.487353691101713
G10129,90.42721142531808,23.82697981283666,0.09057405094500419,-0.005973994296087014,18.558819754066317,25001000.0,28.395906373228964
G10130,90.42712238832576,23.831491483228987,0.0901790667845729,-0.009066413887343713,17.104228504817815,25001000.0,28.122275060400455
G10131,90.42703332929912,23.836003150667818,0.1314687838290386,-0.026828997608811415,18.33360236276198,25001000.0,27.603631410803814
G10132,90.42694424823478,23.84051481515269,0.14724303009076958,-0.043802124864628915,17.104228504817815,25001000.0,27.22963771666314
G10133,90.42685514512937,23.845026476683167,0.14936779808479508,-0.041853958939103916,17.653660333776457,25001000.0,27.294507075405726
G10134,90.4267660199795,23.849538135258754,0.19527572460652678,-0.0652056967161933,17.104228504817815,25001000.0,26.662687391538466
G10135,90.4266768727818,23.854049790879007,0.13548855036644128,-0.025693661354574415,18.07880319091933,25001000.0,27.619127221333706
G10136,90.4265877035329,23.85856144354344,0.12511677941944999,-0.015307316191173714,17.104228504817815,25001000.0,28.09326027722099
G10137,90.42649851222944,23.863073093251604,0.1308812412272375,-0.025901387295077814,18.580558884501126,25001000.0,27.71992540464371
G10138,90.42640929886804,23.86758474000303,0.13927886093592828,-0.026478040806773413,17.104228504817815,25001000.0,27.619127221333706
G10139,90.42632006344527,23.87209638379726,0.1213386553982285,-0.018465508786322814,17.104228504817815,25001000.0,27.972876452119436
G10140,90.42623080595784,23.87660802463381,0.15437304456478348,-0.03832763897454192,17.104228504817815,25001000.0,27.408997001854665
G10141,90.42614152640228,23.881119662512244,0.1610207925996183,-0.03807398014397381,17.104228504817815,25001000.0,27.408997001854665
G10142,90.42605222477526,23.88563129743208,0.22315943004087038,-0.08604169748358431,17.104228504817815,25001000.0,26.14564895268834
G10143,90.42634006995752,23.88963089273024,0.2407682095595038,-0.1075872449546545,17.104228504817815,25001000.0,25.643104796371258
G10144,90.42819145866152,23.892572948590416,0.19409321364463258,-0.067793869372452,17.104228504817815,25001000.0,26.4761034150194
G10198,90.434049813919,23.61214613125601,0.16961993061867908,-0.029410665296426813,17.104228504817815,25001000.0,27.661251633395363
G10199,90.43523135618224,23.61558938770682,0.045545650356685695,-0.03181368284382221,17.104228504817815,25001000.0,26.0911511896231
G10200,90.43617004504904,23.61952960062063,0.12302327985090689,-0.005362906648978113,17.63737461949077,25001000.0,28.36930544501566
G10201,90.43609214815233,23.62403263503116,0.11401493097661189,-0.04653009967543331,17.104228504817815,25001000.0,26.785749356052698
G10202,90.43600426662908,23.628544455167454,0.05599000824039229,0.009639283324334886,17.384702587297596,25001000.0,28.567633648081102
G10203,90.43591636326364,23.63305627237239,0.12397698129370309,-0.011882946094243113,17.104228504817815,25001000.0,28.144961905465347
G10204,90.43582843805264,23.637568086645484,0.1391278263743441,-0.04586818124496821,16.917660333776467,25001000.0,26.95003857452046
G10205,90.4357404909928,23.64207989798628,0.1248266559511512,-0.058600939172290915,17.104228504817815,25001000.0,26.51093185418504
G10206,90.4356525220808,23.646591706394304,0.1476906735006722,-0.059814497366407114,16.620803190919304,25001000.0,26.513819145004305
G10207,90.43556453131332,23.65110351186909,0.1556482880152588,-0.020821615935252415,17.104228504817815,25001000.0,27.890138199915892
G10208,90.43547651868704,23.65561531441018,0.1384182780894539,-0.008470911308169614,16.36661555765707,25001000.0,28.105818458826054
G10209,90.4353884841986,23.6601271140171,0.1354487552852696,-0.035738927441649915,17.104228504817815,25001000.0,27.463953580232758
G10210,90.43530042784477,23.66463891068938,0.14141261019203008,-0.029691944439633213,17.104228504817815,25001000.0,27.603914459413264
G10211,90.43521234962212,23.669150704426563,0.1121358699717715,0.015671837180457886,17.104228504817815,25001000.0,29.01872358166442
G10212,90.43512424952742,23.673662495228186,0.1011739247475858,0.0025782924421377863,17.104228504817815,25001000.0,28.58027273064345
G10213,90.4350361275573,23.678174283093764,0.03558678578240519,-0.028243943377915515,17.104228504817815,25001000.0,26.139149240337083
G10214,90.4349479837084,23.682686068022846,0.05033276156111979,-0.030681779536711615,17.104228504817815,25001000.0,26.164874312358567
G10215,90.43485981797744,23.687197850014964,0.057857143131981294,-0.0024721117213248136,17.104228504817815,25001000.0,28.351921416524775
G10216,90.43477163036113,23.69170962906965,0.04828896893624099,0.006980485810787786,17.104228504817815,25001000.0,28.59586048656548
G10217,90.43468342085605,23.69622140518644,0.05219538940148139,0.0033635082966247862,17.104228504817815,25001000.0,28.449382202697308
G10218,90.4345951894589,23.700733178364867,0.051708969129617394,0.0015308031181747862,17.104228504817815,25001000.0,28.446128103336132
G10219,90.43450693616636,23.70524494860446,0.06259891610073778,-0.010271972064740315,17.104228504817815,25001000.0,27.996024533790763
G10220,90.43441866097513,23.709756715904764,0.04852259645977229,0.003954507966291286,17.104228504817815,25001000.0,28.660987864401086
G10221,90.4343303638818,23.714268480265304,0.051969768457892994,-0.0025740849856551134,17.104228504817815,25001000.0,28.351921416524775
G10222,90.43424204488308,23.71878024168561,0.08202405433623679,0.0007219700257918866,17.104228504817815,25001000.0,28.475967452367254
G10223,90.43415370397568,23.72329200016524,0.07574747078628909,-0.010105533264343014,17.104228504817815,25001000.0,28.07830795105456
G10224,90.43406534115614,23.727803755703697,0.06519023449821129,-0.005301534705077914,17.104228504817815,25001000.0,28.27281214157375
G10225,90.43397695642123,23.73231550830053,0.06977461550199629,-0.009594636380448014,17.104228504817815,25001000.0,28.083396599273126
G10226,90.4338885497676,23.736827257955284,0.0754197243245387,-0.014230207482664214,17.104228504817815,25001000.0,28.07830795105456
G10227,90.43380012119184,23.74133900466748,0.0682545228721445,-0.0021988599363078135,17.104228504817815,25001000.0,28.351921416524775
G10228,90.43371167069068,23.74585074843665,0.06452743708147439,0.0011614191335695863,17.104228504817815,25001000.0,28.446128103336132
G10229,90.43362319826076,23.750362489262344,0.06053621870691749,0.0037554111593705868,17.104228504817815,25001000.0,28.643306535431858
G10230,90.43353470389872,23.75487422714408,0.07277456774129759,0.005539216286171886,17.104228504817815,25001000.0,28.637246735903503
G10231,90.4334461876012,23.7593859620814,0.0788861271149845,-0.008474197802242914,17.104228504817815,25001000.0,28.12733984896716
G10232,90.4333576493649,23.76389769407384,0.07319565396763739,-0.015367600652529314,17.104228504817815,25001000.0,27.9731675649372
G10233,90.43326908918644,23.76840942312093,0.1074748487416678,-0.016766389709222115,17.104228504817815,25001000.0,28.18318125007631
G10234,90.43318050706247,23.772921149222213,0.1181783270165584,-0.024192933018560216,17.104228504817815,25001000.0,27.824925649769536
G10235,90.43309190298967,23.77743287237721,0.07101819821039969,0.006209169091764185,17.104228504817815,25001000.0,28.75484221841726
G10236,90.43300327696468,23.781944592585475,0.07401658379403309,0.012893326566724187,17.104228504817815,25001000.0,28.831548649871294
G10237,90.43291462898412,23.78645630984653,0.06547163174390759,0.009800841096267486,17.104228504817815,25001000.0,28.65921581956456
G10238,90.43282595904464,23.790968024159906,0.07641904869365339,0.007130282223665687,17.104228504817815,25001000.0,28.715107453161217
G10239,90.43273726714294,23.79547973552516,0.0720943565952516,0.009015530967079686,17.104228504817815,25001000.0,28.806543962679704
G10240,90.4326485532756,23.799991443941792,0.07476461351536179,0.003787523036523486,17.104228504817815,25001000.0,28.64668194540157
G10241,90.43255981743933,23.80450314940937,0.08446438118865499,0.0007902968777304866,17.104228504817815,25001000.0,28.475967452367254
G10242,90.4324710596307,23.80901485192741,0.0891181757196452,-0.006857326700499414,17.104228504817815,25001000.0,28.297586702038164
G10243,90.4323822798464,23.81352655149546,0.08855478152958889,-0.023736608928490315,17.104228504817815,25001000.0,27.726328936661528
G10244,90.43229347808308,23.818038248113044,0.06407319563966268,-0.017146216305051712,17.104228504817815,25001000.0,27.684310682026176
G10245,90.43220465433733,23.82254994177969,0.0850904637167137,-0.030119454230806916,17.104228504817815,25001000.0,27.3294640071495
G10246,90.43211580860584,23.82706163249497,0.09955821686053799,-0.025856955497235014,17.104228504817815,25001000.0,27.601112978580968
G10247,90.4320269408852,23.831573320258386,0.09691070940919189,-0.010194783639597613,17.104228504817815,25001000.0,28.121989121212092
G10248,90.4319380511721,23.83608500506947,0.11793219536210159,-0.017800757627556812,17.104228504817815,25001000.0,27.95923593821967
G10249,90.43184913946313,23.840596686927785,0.1677614517088229,-0.047032945882658016,17.104228504817815,25001000.0,27.09365388799013
G10250,90.43176020575494,23.84510836583285,0.1918607798554343,-0.04718135560260121,17.104228504817815,25001000.0,27.09365388799013
G10251,90.43167125004418,23.849620041784192,0.2030217639568695,-0.06610485101641561,17.104228504817815,25001000.0,26.64867725629026
G10252,90.43158227232745,23.854131714781364,0.1542313647137252,-0.039674189710314715,17.104228504817815,25001000.0,27.351844249387824
G10253,90.4314932726014,23.858643384823893,0.1563775700986572,-0.04403760191257942,17.104228504817815,25001000.0,27.25135798037569
G10254,90.43140425086266,23.86315505191132,0.1617535233709351,-0.04746901790191101,17.104228504817815,25001000.0,27.09365388799013
G10255,90.43131520710784,23.867666716043164,0.1824857677220802,-0.06240004297581531,17.104228504817815,25001000.0,26.756975400551237
G10256,90.4312261413336,23.872178377218987,0.14988276833140599,-0.030673046070485713,18.248095116385144,25001000.0,27.485729170139468
G10257,90.43113705353656,23.8766900354383,0.211105784007353,-0.0800317487554599,17.104228504817815,25001000.0,26.263092170466933
G10258,90.43104794371332,23.881201690700664,0.1646201362986366,-0.04368891906837341,18.13707209848232,25001000.0,27.32700334567911
G10259,90.43095881186052,23.885713343005595,0.1905427413648633,-0.06529064801221701,17.104228504817815,25001000.0,26.662687391538466
G10260,90.43086965797478,23.89022499235263,0.2107127572687127,-0.08074176191131431,18.13586928900034,25001000.0,26.303120625500803
G10261,90.4315967588746,23.89410433141041,0.20339729925262698,-0.0810247191970921,17.104228504817815,25001000.0,26.230647918741546
G10262,90.4330343145932,23.897148708854296,0.13361879802446458,0.038561248882368386,17.104228504817815,25001000.0,30.23190437227293
G10317,90.44030699419856,23.620445815179377,0.0770912827720333,0.03887097200130939,17.104228504817815,25001000.0,29.971677710767885
G10318,90.44098897925774,23.624113519923466,0.10155781584149609,-0.015014192779692714,17.104228504817815,25001000.0,28.05993360468427
G10319,90.4409012651331,23.62862535734582,0.054492097312835795,0.009387122907281886,17.104228504817815,25001000.0,28.567633648081102
G10320,90.44081352920784,23.63313719183796,0.11897507240798459,-0.03229539336348821,17.104228504817815,25001000.0,27.47785379397521
G10321,90.4407257714786,23.63764902339941,0.16235263856839438,-0.06101187373576451,17.104228504817815,25001000.0,26.853649238825945
G10322,90.44063799194208,23.642160852029704,0.1303638157799178,-0.044430372547720316,17.104228504817815,25001000.0,27.055305349038896
G10323,90.44055019059498,23.64667267772838,0.15133261864710199,-0.025242889204221613,17.104228504817815,25001000.0,27.755269687711657
G10324,90.44046236743398,23.651184500494967,0.1471596801897793,-0.012003431720338313,17.104228504817815,25001000.0,28.15531579374881
G10325,90.44037452245576,23.65569632032901,0.10175949841417349,0.039191975440477984,17.104228504817815,25001000.0,30.19868867028328
G10326,90.44028665565703,23.66020813723003,0.1106367930067619,0.020074044124498185,17.104228504817815,25001000.0,29.265389359551662
G10327,90.44019876703446,23.66471995119756,0.11748763966633319,0.011082793018231885,16.78639272814266,25001000.0,29.022225545636267
G10328,90.44011085658472,23.66923176223115,0.10530045553439059,-0.009415206171853513,17.104228504817815,25001000.0,28.171021019124694
G10329,90.44002292430451,23.67374357033032,0.07152158388771819,-0.030558444630605416,19.229882555998678,25001000.0,26.973593481692077
G10330,90.4399349701905,23.6782553754946,0.02941806983553219,-0.043406945782714416,17.104228504817815,25001000.0,24.964212320741265
G10331,90.4398469942394,23.68276717772354,0.05102568190756239,0.007872047768644886,19.962660333776483,25001000.0,28.703307982583954
G10332,90.43975899644782,23.687278977016668,0.06219810991636139,0.006936126606400186,17.104228504817815,25001000.0,28.60130045652552
G10333,90.4396709768125,23.691790773373512,0.05071004132407249,0.006788391471249086,20.535088905205015,25001000.0,28.737625752844473
G10334,90.43958293533012,23.69630256679361,0.05352442685494469,0.009058347023762885,17.104228504817815,25001000.0,28.567633648081102
G10335,90.4394948719973,23.70081435727651,0.056451821931766795,0.006539652144872185,20.57337461949075,25001000.0,28.57816574957174
G10336,90.43940678681076,23.70532614482172,0.05602254763872079,-0.010125118156729914,17.104228504817815,25001000.0,27.996024533790763
G10337,90.43931867976715,23.7098379294288,0.05031410033345649,0.012764141220093086,20.23795018884894,25001000.0,28.77834365117721
G10338,90.43923055086316,23.714349711097263,0.0625974562484655,-0.004686593380688114,17.104228504817815,25001000.0,28.305372859425088
G10339,90.43914240009548,23.71886148982665,0.16124635612492189,-0.06685987286724451,19.612732797544567,25001000.0,26.902670919951657
G10340,90.43905422746074,23.723373265616512,0.1623874704781112,-0.06043503496184351,17.104228504817815,25001000.0,26.853649238825945
G10341,90.43896603295563,23.72788503846637,0.08618953680109469,-0.006391775909592213,18.8359701929314,25001000.0,28.40097116179567
G10342,90.4388778165768,23.73239680837576,0.12311010451327459,-0.031140842823586413,17.104228504817815,25001000.0,27.47785379397521
G10343,90.43878957832094,23.7369085753442,0.08443721575605329,-0.017674371108978414,19.489604778220922,25001000.0,27.89508009208648
G10344,90.4387013181847,23.74142033937126,0.07299736874005089,-0.0036535754762537136,17.104228504817815,25001000.0,28.25536343545539
G10345,90.43861303616475,23.745932100456443,0.06947933877968229,-0.0038506308941444137,20.09534149319674,25001000.0,28.37076297490589
G10346,90.43852473225778,23.7504438585993,0.06491769267593908,-0.004005697410708614,17.104228504817815,25001000.0,28.351921416524775
G10347,90.4384364064604,23.75495561379937,0.07623631986067199,-0.0018987372251032136,19.439979174356182,25001000.0,28.414706224599925
G10348,90.43834805876932,23.75946736605617,0.06981583540395399,-0.0036297217099594136,17.104228504817815,25001000.0,28.33781751586186
G10349,90.43825968918117,23.76397911536926,0.07889248912654269,-0.021153743305156614,19.230124101892415,25001000.0,27.68297124156937
G1035,90.04382995624651,23.966698206081848,0.18001436812231741,-0.06846747857195189,17.104228504817815,25001000.0,26.485811326347566
G10350,90.43817129769258,23.76849086173816,0.12690691112035438,-0.022946898288571212,17.104228504817815,25001000.0,27.835279538052998
G10351,90.43808288430029,23.7730026051624,0.1740884970706556,-0.055426028394396816,18.820013274952913,25001000.0,27.422238675109487
G10352,90.4379944490009,23.77751434564152,0.1575965697818704,-0.040642864298968615,17.104228504817815,25001000.0,27.351844249387824
G10353,90.43790599179108,23.78202608317505,0.1991779615703368,-0.06207048331180982,19.106483863188238,25001000.0,27.497605360665645
G10354,90.43781751266746,23.786537817762547,0.0993565331587888,0.0022050551688654863,17.104228504817815,25001000.0,28.58027273064345
G10355,90.43772901162676,23.791049549403525,0.087919883761481,0.002643347600540986,17.811744840818704,25001000.0,28.560161359153565
G10356,90.43764048866556,23.795561278097527,0.0931216204044667,-0.007931844248810114,17.104228504817815,25001000.0,28.122275060400455
G10357,90.43755194378056,23.80007300384408,0.08860328920857409,0.009606768098507187,17.80904922266538,25001000.0,28.91032962559947
G10358,90.4374633769684,23.804584726642737,0.12077969912361679,-0.021313772293589113,17.104228504817815,25001000.0,27.824925649769536
G10359,90.43737478822572,23.80909644649301,0.10145666546229949,0.0021308571028934866,18.484420897156753,25001000.0,28.562298407994355
G1036,90.04227669627218,23.969711130916696,0.2190913419217645,-0.08929740771106931,17.104228504817815,25001000.0,25.93402121804348
G10360,90.43728617754914,23.813608163394456,0.11070681094839759,-0.024419449003399513,17.104228504817815,25001000.0,27.73725544495892
G10361,90.43719754493536,23.81811987734661,0.0952571547599683,-0.020075811634821014,18.055374619490777,25001000.0,27.875893439023734
G10362,90.437108890381,23.822631588348987,0.09662508998734169,-0.030938708999782315,17.104228504817815,25001000.0,27.40738816069682
G10363,90.4370202138827,23.827143296401147,0.10967640138368699,-0.03471388101204701,17.94329413659338,25001000.0,27.453911284364782
G10364,90.43693151543714,23.831655001502607,0.1456844734128526,-0.016576123509601415,17.104228504817815,25001000.0,28.09326027722099
G10365,90.43684279504092,23.83616670365292,0.163190060365976,-0.03959165259885551,17.72925453667503,25001000.0,27.449025456888535
G10366,90.4367540526907,23.840678402851594,0.1984284472332565,-0.066327217712287,17.104228504817815,25001000.0,26.512572574755332
G10367,90.43666528838313,23.8451900990982,0.19325723863344288,-0.081695549847032,17.339068784480702,25001000.0,26.19903289716122
G10368,90.4365765021148,23.84970179239225,0.1804624892771948,-0.06276713380481962,17.104228504817815,25001000.0,26.756975400551237
G10369,90.4364876938824,23.854213482733275,0.19685856217881148,-0.0944075907408116,17.551946048062206,25001000.0,25.896026477823455
G1037,90.04167618195322,23.97285175046945,0.17992780607259548,-0.048488910316747014,16.018555856164507,25001000.0,26.82394942110745
G10370,90.43639886368258,23.85872517012084,0.1873574353222258,-0.07024156459422831,17.104228504817815,25001000.0,26.393980904621397
G10371,90.43631001151194,23.86323685455445,0.1975514135236193,-0.07294980959203391,17.944517476633592,25001000.0,26.365606119283296
G10372,90.4362211373671,23.86774853603368,0.21772551335800638,-0.09077070184095631,17.104228504817815,25001000.0,25.91959962211287
G10373,90.43613224124474,23.87226021455802,0.1583539928197365,-0.03756295423508622,17.678787094339867,25001000.0,27.561319209248726
G10374,90.43604332314146,23.876771890127028,0.2136874154255275,-0.0873037457328539,17.104228504817815,25001000.0,26.05835732843494
G10375,90.43595438305393,23.881283562740247,0.16356411519876618,-0.04180082701939281,17.665539121655257,25001000.0,27.391872704421694
G10376,90.43586542097871,23.8857952323972,0.18762741939923058,-0.06665545383716091,17.104228504817815,25001000.0,26.512572574755332
G10377,90.4357764369125,23.890306899097435,0.207318892661147,-0.07079847726288391,17.733602362762014,25001000.0,26.42966539258901
G10378,90.43568743085191,23.89481856284048,0.19806676157388528,-0.060563309874575116,17.104228504817815,25001000.0,26.88811665365581
G10379,90.43632420540042,23.89823077584305,0.1437616062678443,-0.03933501993495932,17.546355985950385,25001000.0,27.351659827872567
G1038,90.04135825749604,23.978126622589578,0.2237460324743226,-0.10278499669679801,17.104228504817815,25001000.0,25.667655480366612
G1039,90.04128726731497,23.982274876116552,0.25716024190221454,-0.1216764014701272,16.120084576200696,25001000.0,25.60549430806479
G1040,90.04261867752562,23.985243303318445,0.28368353692164144,-0.14565385604143,17.104228504817815,25001000.0,25.833725557442463
G10434,90.44354721413744,23.621863212990867,0.042708836413432094,0.05100343908245879,17.104228504817815,25001000.0,28.768432137638435
G10435,90.44553628147676,23.624737735573653,0.04647261147308219,0.004593485107751686,17.104228504817815,25001000.0,28.76239644597022
G10436,90.4457982854378,23.628706105221163,0.04115290509692849,-0.007385270076035814,17.86920962955108,25001000.0,28.205654208630254
G10437,90.445710716956,23.633217956967552,0.09750423432016099,0.013425871358576686,17.104228504817815,25001000.0,28.957714211405218
G10438,90.44562312671182,23.637729805784407,0.132544823224978,-0.0650326079443483,17.134280052086325,25001000.0,26.231025522917445
G10439,90.44553551470194,23.64224165167124,0.158835188982168,-0.034679693162469515,17.104228504817815,25001000.0,27.543066344121566
G1044,90.0407210597896,24.00620947908592,0.26393155099144266,-0.1345450996017778,17.104228504817815,25001000.0,25.53858775176622
G10440,90.44544788092306,23.646753494627617,0.15609952135425098,-0.024428741317253314,16.957946048062155,25001000.0,27.812606861693755
G10441,90.44536022537186,23.651265334653043,0.12745629133191477,0.006001909998341985,17.104228504817815,25001000.0,28.914698913565047
G10442,90.44527254804504,23.65577717174707,0.11482215824142279,0.006208696193627386,17.072026530959562,25001000.0,28.96531021465187
G10443,90.44518484893928,23.660289005909227,0.10770400878157659,-0.0017459996583775136,17.104228504817815,25001000.0,28.487353691101713
G10444,90.44509712805132,23.664800837139047,0.0777718515007856,0.013107626262925786,17.327660333776493,25001000.0,28.94386064090454
G10445,90.4450093853778,23.669312665436067,0.06755031434407499,-0.027900162425437015,17.104228504817815,25001000.0,26.904610870372863
G10446,90.4449216209154,23.673824490799817,0.05190286304933249,-0.04668026168008781,18.923687731036722,25001000.0,25.10193616840828
G10447,90.44483383466084,23.67833631322983,0.06212409028277639,-0.0006601919467890136,17.104228504817815,25001000.0,28.41383317191306
G10448,90.44474602661076,23.68284813272566,0.07637822717810769,-0.007050224800311113,19.29135896391344,25001000.0,28.3355969496489
G10449,90.44465819676194,23.68735994928681,0.0792504634888961,-0.006433753471579713,17.104228504817815,25001000.0,28.30265149060487
G1045,90.04042525923757,24.00954458788358,0.2114654920566837,-0.0972921275923209,16.166018542731678,25001000.0,25.64335698236081
G10450,90.44457034511096,23.69187176291284,0.06338844263622478,0.0030120595751806866,20.157378643635607,25001000.0,28.526641574144946
G10451,90.44448247165457,23.69638357360328,0.05401004151514409,0.007941338471602485,17.104228504817815,25001000.0,28.567633648081102
G10452,90.4443945763894,23.700895381357647,0.05353538330086299,0.007829451946979087,17.104228504817815,25001000.0,28.567633648081102
G10453,90.4443066593122,23.705407186175496,0.05042284638502739,0.0038244934991978866,17.104228504817815,25001000.0,28.66840166565173
G10454,90.44421872041958,23.70991898805636,0.06173826205558299,-0.007308871131812713,17.104228504817815,25001000.0,28.27281214157375
G10455,90.44413075970826,23.71443078699976,0.1298813235103054,-0.05004050911810321,17.104228504817815,25001000.0,26.713190760484864
G10456,90.44404277717491,23.71894258300524,0.18248808645963388,-0.07296811946483371,17.104228504817815,25001000.0,26.335285575577593
G10457,90.4439547728162,23.723454376072343,0.1972114840075365,-0.0970557760220041,17.104228504817815,25001000.0,25.770929659423512
G10458,90.4438667466288,23.72796616620059,0.17812356668710308,-0.07177635364861251,17.104228504817815,25001000.0,26.335285575577593
G10459,90.4437786986094,23.732477953389523,0.13800846735389768,-0.033929151016750515,17.104228504817815,25001000.0,27.485729170139468
G1046,90.04032196422551,24.014054673003827,0.20368342112936308,-0.1035559569288058,17.104228504817815,25001000.0,25.65429052627412
G10460,90.44369062875468,23.73698973763868,0.12238491311021599,-0.03488411424612842,17.104228504817815,25001000.0,27.464050150953263
G10461,90.44360253706128,23.74150151894759,0.09642336976168159,-0.023367087213592316,17.104228504817815,25001000.0,27.785911656005194
G10462,90.44351442352588,23.746013297315788,0.07784420864483609,0.0016519435203814865,17.104228504817815,25001000.0,28.475967452367254
G10463,90.44342628814518,23.75052507274281,0.0826985907327234,-0.006475110459691213,17.104228504817815,25001000.0,28.30265149060487
G10464,90.4433381309158,23.7550368452282,0.08632743543705489,-0.014681694544107714,17.104228504817815,25001000.0,28.00640839324581
G10465,90.44324995183446,23.759548614771475,0.07025898232408319,-0.016957385442780512,17.104228504817815,25001000.0,27.69889667717337
G10466,90.4431617508978,23.76406038137219,0.09039183264861589,-0.022472043312912915,17.104228504817815,25001000.0,27.72126414809482
G10467,90.44307352810246,23.768572145029868,0.12384920583219869,-0.029819761732837916,17.104228504817815,25001000.0,27.596039083249007
G10468,90.44298528344515,23.77308390574405,0.1605933447779677,-0.09037447089090221,17.104228504817815,25001000.0,25.652589334552914
G10469,90.44289701692254,23.777595663514266,0.12851278794585988,-0.10617282768886231,17.104228504817815,25001000.0,24.792546586007123
G1047,90.04021864375542,24.01856475505226,0.1947729655227763,-0.10491065089047551,16.34381417993032,25001000.0,25.505664193085586
G10470,90.44280872853123,23.78210741834006,0.2069742290382328,-0.1078346808163316,17.104228504817815,25001000.0,25.65429052627412
G10471,90.44272041826795,23.786619170220963,0.13864687536070938,-0.03478119360539091,17.104228504817815,25001000.0,27.485729170139468
G10472,90.44263208612934,23.791130919156508,0.1208119987373542,-0.020421911263942712,17.104228504817815,25001000.0,27.941770411086956
G10473,90.442543732112,23.79564266514624,0.1375605574442842,-0.022599832705142913,17.104228504817815,25001000.0,27.832801025933794
G10474,90.44245535621268,23.80015440818968,0.11761939512256689,0.005468045155671786,17.104228504817815,25001000.0,28.809930740038364
G10475,90.44236695842795,23.80466614828638,0.12457223578714989,0.005056104860479686,17.104228504817815,25001000.0,28.801886638903806
G10476,90.44227853875456,23.80917788543585,0.12138438166719329,0.0037306456795515868,17.104228504817815,25001000.0,28.801886638903806
G10477,90.4421900971891,23.813689619637664,0.12249106923762329,-0.010618490348444413,17.104228504817815,25001000.0,28.144961905465347
G10478,90.4421016337282,23.818201350891336,0.09401554932504039,-0.027229275740665013,17.104228504817815,25001000.0,27.352458416782568
G10479,90.4420131483686,23.8227130791964,0.10283037965173689,-0.03625635945283361,17.104228504817815,25001000.0,27.432135694458072
G1048,90.04011529782338,24.023074834028414,0.219608092519255,-0.0882966535476051,17.104228504817815,25001000.0,26.034278239796084
G10480,90.44192464110688,23.8272248045524,0.10947139455278639,-0.028617965893579515,17.104228504817815,25001000.0,27.601112978580968
G10481,90.44183611193972,23.831736526958856,0.2439797133391043,-0.10374576598918,17.104228504817815,25001000.0,25.643104796371258
G10482,90.44174756086376,23.836248246415323,0.158967457942829,-0.05089669738582711,17.104228504817815,25001000.0,27.00173173142602
G10483,90.4416589878756,23.84075996292133,0.1833736164331845,-0.0772645369102745,17.104228504817815,25001000.0,26.328470484058997
G10484,90.441570392972,23.84527167647642,0.21488636020191068,-0.09129158769184621,17.104228504817815,25001000.0,25.859709801765153
G10485,90.44148177614952,23.84978338708011,0.2105296642662937,-0.07530933381312191,17.104228504817815,25001000.0,26.418636311164505
G10486,90.44139313740484,23.85429509473196,0.2100530306690513,-0.09591764372360821,17.104228504817815,25001000.0,25.793715621285152
G10487,90.44130447673456,23.858806799431488,0.240253723028389,-0.10004780140983671,17.104228504817815,25001000.0,25.783656890212264
G10488,90.44121579413536,23.863318501178234,0.1855053260840652,-0.05243198831119751,17.104228504817815,25001000.0,26.927892658031116
G10489,90.4411270896039,23.86783019997175,0.23089127299482579,-0.09639439112696231,17.104228504817815,25001000.0,25.92095213291066
G1049,90.04054489660271,24.02654037335444,0.24473950100469818,-0.1005062033309497,17.104228504817815,25001000.0,25.75670522674348
G10490,90.44103836313678,23.87234189581156,0.1807989915260144,-0.04596489508573681,17.104228504817815,25001000.0,27.09365388799013
G10491,90.44094961473066,23.876853588697188,0.2221009152928116,-0.0882685049337593,17.104228504817815,25001000.0,26.05169477001122
G10492,90.44086084438216,23.881365278628195,0.1745704183342454,-0.047263609992478216,17.104228504817815,25001000.0,27.09365388799013
G10493,90.44077205208794,23.885876965604105,0.1941327245000023,-0.08909477671015771,17.104228504817815,25001000.0,25.97495389599571
G10494,90.4406832378446,23.890388649624448,0.1833604374738154,-0.10174119887448901,17.104228504817815,25001000.0,25.68146432958895
G10495,90.44059440164884,23.89490033068878,0.2245545567233272,-0.09297096208142451,17.104228504817815,25001000.0,25.918225378653233
G10496,90.44003959724722,23.89857620309031,0.1755482288873202,-0.043590763787107314,17.104228504817815,25001000.0,27.28697489064524
G10552,90.45094563908066,23.62541691603741,-0.01919376810868891,-0.07152620698675251,17.104228504817815,25001000.0,22.530576498093744
G10553,90.45069532750158,23.628786698790723,-0.004850019898516611,-0.0777843510841352,17.104228504817815,25001000.0,22.659966357138554
G10554,90.45060792646656,23.633298567758416,0.11027454685297729,-0.033689955189106315,17.104228504817815,25001000.0,27.453911284364782
G10555,90.45052050371078,23.63781043379771,0.11751936647855879,-0.032027759937844215,17.104228504817815,25001000.0,27.47785379397521
G10556,90.45043305923085,23.642322296908144,0.1481675418864172,-0.028696812410924914,17.104228504817815,25001000.0,27.619127221333706
G10557,90.45034559302346,23.64683415708926,0.13916508780456538,-0.027541554335214515,17.104228504817815,25001000.0,27.619127221333706
G10558,90.45025810508535,23.651346014340568,0.1675479327997927,-0.042253138641919416,17.104228504817815,25001000.0,27.344931993761893
G10559,90.45017059541324,23.65585786866162,0.1126550290810021,-0.008296862501889213,17.104228504817815,25001000.0,28.171021019124694
G10560,90.44999909941096,23.660295411385672,0.07207295315167199,-0.015879406130556915,17.104228504817815,25001000.0,27.890989989424167
G10561,90.44865493605391,23.664318932289333,0.07748451885648439,-0.00047647041821221366,17.104228504817815,25001000.0,28.475967452367254
G10562,90.44886332112588,23.669847056808944,0.03457856895490539,-0.017679865398357215,17.104228504817815,25001000.0,26.766544409515284
G10563,90.44978709801808,23.67393363172006,0.05311591871450069,-0.0031610304982998133,17.104228504817815,25001000.0,28.351921416524775
G10564,90.44973272092663,23.6784170962967,0.1721908836271286,-0.07932999017458371,17.104228504817815,25001000.0,26.24078972278051
G10565,90.44964508078098,23.682928933026428,0.16408556512236738,-0.05084956204287591,17.104228504817815,25001000.0,27.00173173142602
G10566,90.44955741887814,23.68744076682264,0.10262492382758219,-0.019365470859793413,17.104228504817815,25001000.0,27.962737585530956
G10567,90.44946973521483,23.691952597684864,0.0845389653101122,-0.015136885940191414,17.104228504817815,25001000.0,27.987377307350876
G10568,90.44938202978778,23.69646442561265,0.05724898846549639,0.003009017421363886,17.104228504817815,25001000.0,28.50458085701877
G10569,90.4492943025936,23.700976250605525,0.051360033873484194,0.006898626264659785,20.164803190919343,25001000.0,28.731283491482976
G10570,90.44920655362904,23.70548807266301,0.05497392223554289,0.0020476682966385864,17.104228504817815,25001000.0,28.453375147502467
G10571,90.44911878289074,23.70999989178468,0.05673236501211929,0.004202951827694286,19.783946048062177,25001000.0,28.62664167423275
G10572,90.4490309903754,23.714511707970026,0.07852505186230929,-0.0036423674564647138,17.104228504817815,25001000.0,28.381760765555896
G10573,90.4489431760797,23.71902352121861,0.1977107942416427,-0.07181271236122051,18.92089562789412,25001000.0,27.527018257730937
G10574,90.44885534000034,23.72353533152996,0.1962298601771775,-0.0729815083042562,17.104228504817815,25001000.0,26.325577664249426
G10575,90.448767482134,23.7280471389036,0.17523822076786189,-0.05712064652941511,17.787104778220936,25001000.0,26.9694009292943
G10576,90.44867960247734,23.73255894333908,0.2079788613481915,-0.0811792480030984,17.104228504817815,25001000.0,26.263092170466933
G10577,90.44859170102704,23.737070744835933,0.14364225393821728,-0.047346739776138014,18.327382555998696,25001000.0,26.957746531355465
G10578,90.44850377777982,23.74158254339369,0.13156635078593878,-0.041930818667541316,17.104228504817815,25001000.0,27.27626968887705
G10579,90.44841583273232,23.74609433901189,0.10667665842624989,-0.019282442294680714,19.035970192931387,25001000.0,28.033012892632524
G10580,90.4483278658812,23.75060613169007,0.11330122209291549,-0.020670257405683113,17.104228504817815,25001000.0,27.931631544498476
G10581,90.4482398772232,23.755117921427768,0.11274567997141619,-0.014623299516837414,19.439979174356182,25001000.0,28.111910149623235
G10582,90.44815186675493,23.75962970822451,0.10107903317360589,-0.015561033540355713,17.104228504817815,25001000.0,28.05993360468427
G10583,90.44806383447307,23.76414149207984,0.11890613359792279,-0.022449667512366912,18.279399464211252,25001000.0,27.824925649769536
G10584,90.44797578037436,23.768653272993287,0.1244425449520972,-0.016662493255050814,17.104228504817815,25001000.0,28.39988891542924
G10585,90.44788770445538,23.77316505096439,0.12269682071016999,-0.022539350297101916,18.033998361945493,25001000.0,27.824925649769536
G10586,90.44779960671283,23.77767682599268,0.09102204294994479,-0.0895814938133931,17.104228504817815,25001000.0,24.754947284911697
G10587,90.44771148714342,23.782188598077703,0.13500946671583788,-0.10876142390819311,18.170124101892412,25001000.0,24.6657171784384
G10588,90.44762334574378,23.786700367218995,0.14309547801651698,-0.030971892873611313,17.104228504817815,25001000.0,27.485729170139468
G10589,90.44753518251058,23.791212133416085,0.117355247064487,-0.008734010616941314,17.027519488706076,25001000.0,28.19399380337795
G10590,90.44744699744048,23.79572389666851,0.1315689339068484,-0.011686232709582314,17.104228504817815,25001000.0,28.15531579374881
G10591,90.44735879053016,23.800235656975808,0.12621309784478388,-0.004349791388185613,16.92341375843401,25001000.0,28.458768608250146
G10592,90.44727056177626,23.80474741433752,0.1225969394490718,0.009862135433502086,17.104228504817815,25001000.0,29.02690296615248
G10593,90.44718231117548,23.80925916875316,0.1070099470685014,0.020624419057126087,17.41414682026297,25001000.0,29.37675067877073
G10594,90.44709403872444,23.813770920222293,0.1213563865383774,-0.005170376994035613,17.104228504817815,25001000.0,28.401866162866998
G10595,90.44700574441984,23.81828266874444,0.11341012721197,-0.020072352227987013,17.098200874316973,25001000.0,27.962737585530956
G10596,90.44691742825827,23.822794414319137,0.1449417984947175,-0.044866928538855114,17.104228504817815,25001000.0,27.120616506892866
G10597,90.44682909023648,23.827306156945934,0.11477628350344769,-0.016250561341261113,17.395406812649725,25001000.0,28.05993360468427
G10598,90.44674073035108,23.831817896624347,0.1252135983969934,-0.0037158548093403137,17.104228504817815,25001000.0,28.458768608250146
G10599,90.44665234859872,23.836329633353923,0.1397459244906796,-0.04701879714455631,17.39174484081869,25001000.0,26.95003857452046
G10600,90.44656394497606,23.8408413671342,0.1749002541770626,-0.0661904231669949,17.104228504817815,25001000.0,26.5222804860835
G10601,90.44647551947976,23.84535309796472,0.16064263387109978,-0.08123511932865071,17.0830124464525,25001000.0,26.139415571510533
G10602,90.44638707210646,23.849864825845,0.2416202074273243,-0.09138155096902721,17.104228504817815,25001000.0,26.08992559249456
G10603,90.4462986028528,23.854376550774592,0.31613929198438956,-0.1833200419797665,17.261088905205014,25001000.0,25.499795909829654
G10604,90.44621011171547,23.85888827275304,0.22756903132826878,-0.10673143716648821,17.104228504817815,25001000.0,25.665163232023794
G10605,90.44612159869112,23.86339999177985,0.2267771455687919,-0.089420877605647,17.471660333776498,25001000.0,26.042947188200106
G10606,90.44603306377634,23.8679117078546,0.29858055480440904,-0.1547226594688062,17.104228504817815,25001000.0,25.80903478192251
G10607,90.44594450696782,23.8724234209768,0.2351060708240737,-0.09595274429275631,17.471181460537053,25001000.0,25.95767951885505
G10608,90.4458559282622,23.876935131145988,0.18652186983319818,-0.05950136053853641,17.104228504817815,25001000.0,26.878016825613557
G10609,90.44576732765614,23.881446838361708,0.187840338431892,-0.06131529028235661,17.483946048062222,25001000.0,26.918045280647426
G10610,90.44567870514624,23.88595854262349,0.2011914972876695,-0.0676771592900737,17.104228504817815,25001000.0,26.22047164516662
G10611,90.4455900607292,23.890470243930885,0.21039637363055239,-0.09479665696580131,17.548095116385156,25001000.0,25.896026477823455
G10612,90.44544062900874,23.89492612896,0.21999397978024168,-0.11372960161655021,17.104228504817815,25001000.0,25.67641737314364
G10613,90.44472166989983,23.89794519154343,0.2512811295669178,-0.1260052790690396,17.104228504817815,25001000.0,25.663005707144848
G1065,90.0554447211473,23.573280816241777,0.1058884738943372,-0.06137578483567841,17.104228504817815,25001000.0,26.39224319695431
G1066,90.05511711499685,23.576655073012592,0.1794495055589305,-0.06033420364468081,17.104228504817815,25001000.0,26.878016825613557
G10669,90.45535493954117,23.625536798236187,0.05319389752033849,-0.011013622003777614,17.104228504817815,25001000.0,27.996024533790763
G1067,90.05530993770316,23.580890325572337,0.19778500336042168,-0.0796467701371908,17.104228504817815,25001000.0,26.19903289716122
G10670,90.45559239128288,23.62886713805175,0.04574376178172399,-0.03857510810990111,18.13709695349482,25001000.0,25.426675320564783
G10671,90.45550515769798,23.633379024207795,0.07386304957311839,-0.034699556634968216,17.104228504817815,25001000.0,27.083741343001208
G10672,90.45541790243384,23.637890907436585,0.16275034166078658,-0.05541361093148062,17.320195545044072,25001000.0,26.905004887472817
G10673,90.45533062548712,23.642402787737648,0.1412523309880116,-0.035151978298894715,17.104228504817815,25001000.0,27.485729170139468
G10674,90.45524332685456,23.646914665110533,0.11666649005706799,-0.04027018062623081,17.71653357321307,25001000.0,27.205495047635665
G10675,90.45515600653287,23.65142653955477,0.11370337271451669,-0.028517175698757113,17.104228504817815,25001000.0,27.601112978580968
G10676,90.45473756126648,23.655652074570337,0.07034406412053319,0.009170622499831386,17.104228504817815,25001000.0,28.745787186326705
G10677,90.45327393084555,23.659143977046472,0.05404983669245389,0.026264795244236187,17.104228504817815,25001000.0,28.981653975005425
G1068,90.05561820226224,23.586124727631468,0.06652111198836959,-0.005377491074305013,17.104228504817815,25001000.0,28.27281214157375
G10680,90.45246193224044,23.674765687793155,0.2155976406405458,-0.11189246018354561,17.104228504817815,25001000.0,25.620949503842382
G10681,90.4544573081954,23.678920443879573,0.164549672584508,-0.1045885111151132,17.104228504817815,25001000.0,25.249692078178004
G10682,90.45454415670834,23.683009578623096,0.1777989384106845,-0.060815852806624215,18.88423567624224,25001000.0,27.78773620003756
G10683,90.45445666275486,23.687521429621384,0.11236868443215509,-0.024095524188799313,17.104228504817815,25001000.0,27.814786783181056
G10684,90.45436914708256,23.692033277686832,0.0710013931300693,-0.009024082021161613,19.6348825559987,25001000.0,28.116342058317155
G10685,90.4542816096881,23.696545122818986,0.05665291708508069,-0.0019135046279602096,17.104228504817815,25001000.0,28.351921416524775
G10686,90.45419405056822,23.70105696501737,0.05386971209013099,0.004435943657111386,19.38724937487237,25001000.0,28.761006547285614
G10687,90.45410646971958,23.705568804281523,0.06105429704106579,0.005320066488804986,17.104228504817815,25001000.0,28.6275995720898
G10688,90.4540188671389,23.710080640610983,0.08497185431270529,-0.009339917726788813,19.51680319091932,25001000.0,28.16028530801119
G10689,90.45393124282286,23.7145924740053,0.155676399463872,-0.06731502484278891,17.104228504817815,25001000.0,26.442972448919516
G1069,90.05481493278482,23.59018625673036,0.13843701571395278,-0.03247524486544971,17.104228504817815,25001000.0,27.485729170139468
G10690,90.45384359676817,23.71910430446397,0.1132483938473904,0.006313815231271187,18.59945137855257,25001000.0,28.901177583735524
G10691,90.45375592897147,23.72361613198657,0.12023252164989669,-0.023801018122911213,17.104228504817815,25001000.0,27.824925649769536
G10692,90.45366823942948,23.728127956572617,0.16839008955739018,-0.022140380356775215,17.47966033377648,25001000.0,27.930166654949762
G10693,90.4535805281389,23.73263977822165,0.1718848298269197,-0.03167662053801501,17.104228504817815,25001000.0,27.543066344121566
G10694,90.45349279509638,23.7371515969332,0.2230081814264916,-0.0988883188215586,17.355438111554264,25001000.0,25.77956250813487
G10695,90.45340504029863,23.741663412706806,0.18623197376191128,-0.0655505291857629,17.104228504817815,25001000.0,26.662687391538466
G10696,90.45331726374236,23.746175225542,0.1311905955320483,-0.046225280064498914,17.104228504817815,25001000.0,26.863436252920014
G10697,90.4532294654242,23.75068703543833,0.1278033147587959,-0.023713443643130112,17.104228504817815,25001000.0,27.835279538052998
G10698,90.45314164534084,23.755198842395323,0.12666699558661618,-0.022802850378038815,17.104228504817815,25001000.0,27.835279538052998
G10699,90.45305380348898,23.759710646412508,0.15654490472459628,-0.04712265012414812,17.104228504817815,25001000.0,27.09365388799013
G1070,90.05471415527835,23.594696645255297,0.166477399608305,-0.057986470958627315,17.104228504817815,25001000.0,26.905004887472817
G10700,90.45296593986528,23.76422244748944,0.15045514631658,-0.024988915194046415,17.104228504817815,25001000.0,27.755269687711657
G10701,90.45287805446644,23.76873424562564,0.13829544195391488,-0.013844322110478414,17.104228504817815,25001000.0,28.15531579374881
G10702,90.45279014728916,23.77324604082064,0.11992874980049839,0.010154789189357687,17.104228504817815,25001000.0,29.02690296615248
G10703,90.45270221833005,23.777757833073995,0.13061163576281098,-0.03254768656881691,17.104228504817815,25001000.0,27.488207682258672
G10704,90.45261426758584,23.782269622385225,0.15626938542738178,-0.0938311538316159,17.104228504817815,25001000.0,25.64705735428906
G10705,90.45252629505316,23.786781408753875,0.13795360408738838,-0.08897080715352791,17.104228504817815,25001000.0,25.51325483594774
G10706,90.45243830072872,23.79129319217947,0.1516527481638198,-0.054803780753045116,17.104228504817815,25001000.0,26.69404938926932
G10707,90.45235028460918,23.795804972661564,0.1738463577971622,-0.030171513575182714,17.104228504817815,25001000.0,27.661251633395363
G10708,90.4522622466912,23.80031675019968,0.18017915008772029,-0.051536402266738814,17.104228504817815,25001000.0,26.951639168896875
G10709,90.45217418697146,23.80482852479336,0.12357291869264889,0.016114199528126486,17.104228504817815,25001000.0,29.20209998417577
G1071,90.05461335271434,23.59920703075559,0.18244506515158268,-0.05565474816803211,17.104228504817815,25001000.0,26.92937247426043
G10710,90.45208610544664,23.809340296442137,0.11164062824447829,0.019644539954001686,17.104228504817815,25001000.0,29.29367928525521
G10711,90.45199800211336,23.813852065145543,0.12358286398018739,0.0012828824618142864,17.104228504817815,25001000.0,28.542621406778043
G10712,90.45190987696836,23.81836383090313,0.13105187509083718,-0.022999352304689514,17.104228504817815,25001000.0,27.835279538052998
G10713,90.45182173000823,23.822875593714425,0.12779760700654078,-0.022068744746074113,17.104228504817815,25001000.0,27.835279538052998
G10714,90.4517335612297,23.827387353578967,0.12012282273169549,-0.0064848293463419145,17.104228504817815,25001000.0,28.36930544501566
G10715,90.4516453706294,23.831899110496288,0.11246228713844059,-0.003305365899195014,17.104228504817815,25001000.0,28.42544193571343
G10716,90.451557158204,23.83641086446593,0.1596412287529281,-0.03976685506472551,17.104228504817815,25001000.0,27.351844249387824
G10717,90.45146892395012,23.84092261548743,0.17925566391653538,-0.08902042559062391,17.104228504817815,25001000.0,25.91795657050174
G10718,90.4513806678645,23.845434363560315,0.2008782408307085,-0.0990930199585802,17.104228504817815,25001000.0,25.707712255085585
G10719,90.45129238994372,23.84994610868413,0.27327568004211805,-0.12689528440161352,17.104228504817815,25001000.0,25.845048272921
G1072,90.05451252508898,23.60371741323073,0.1293579231898279,-0.027473348506081414,17.104228504817815,25001000.0,27.62160573345291
G10720,90.45120409018448,23.854457850858413,0.2678751694544529,-0.1489247354143992,17.104228504817815,25001000.0,25.652493102163287
G10721,90.45111576858343,23.858969590082708,0.2075667554190796,-0.09630983530155901,17.104228504817815,25001000.0,25.806457551525188
G10722,90.45102742513724,23.86348132635653,0.22793206068439248,-0.10286645031150371,17.104228504817815,25001000.0,25.63898480903163
G10723,90.45093905984253,23.86799305967944,0.215343116349007,-0.08341196068927441,17.104228504817815,25001000.0,26.263092170466933
G10724,90.45085067269598,23.872504790050964,0.2054773316000296,-0.08233189197159181,17.104228504817815,25001000.0,26.230647918741546
G10725,90.45076226369424,23.87701651747064,0.20030795362817458,-0.1092175574432679,17.104228504817815,25001000.0,25.65429052627412
G10726,90.45067383283391,23.881528241938003,0.180425193487982,-0.042231749263782016,17.104228504817815,25001000.0,27.344931993761893
G10727,90.45058538011172,23.88603996345259,0.2204794011940145,-0.08873866395738221,17.104228504817815,25001000.0,26.01807513635324
G10728,90.45049690552428,23.890551682013943,0.1987788009978092,-0.10992933212169011,17.104228504817815,25001000.0,25.65429052627412
G10729,90.45047023542682,23.894347943871825,0.2351905249415048,-0.11538819056946761,17.104228504817815,25001000.0,25.643104796371258
G1073,90.05441167239847,23.60822779268023,0.03417474434946549,-0.0024092440295977137,17.104228504817815,25001000.0,27.95655152839929
G1074,90.05431079463902,23.6127381691036,-0.03392024417099881,-0.05606226629308001,17.104228504817815,25001000.0,22.166232699728305
G1075,90.05420989180683,23.61724854250034,-0.053902304876238406,-0.06614805841479121,17.104228504817815,25001000.0,21.70665711766849
G1076,90.05410896389809,23.62175891286996,-0.05216624319463241,-0.07277899457536911,17.104228504817815,25001000.0,21.700787370240402
G1077,90.054008010909,23.626269280211964,-0.04749212367633081,-0.07651786406461861,17.104228504817815,25001000.0,21.73728612241467
G1078,90.05390703283575,23.63077964452586,0.02023581732243489,-0.05979444677036541,18.376167796463022,25001000.0,23.773158824532132
G10786,90.45929371545236,23.626220719742445,0.0961212020784705,-0.0037631754043149137,17.104228504817815,25001000.0,28.408550625624795
G10787,90.460475813225,23.62896085292096,0.1024815127683148,-0.012501268280818415,17.104228504817815,25001000.0,28.121989121212092
G10788,90.46040241060864,23.633459326312938,0.06465196949433369,-0.044882557326058115,17.104228504817815,25001000.0,25.376071427301657
G10789,90.46031532283943,23.63797122669826,0.16971109312093538,-0.05543963719263911,17.104228504817815,25001000.0,26.905004887472817
G1079,90.05380602967456,23.635290005811147,0.2039165721595539,-0.087184983950673,17.104228504817815,25001000.0,26.05835732843494
G10790,90.46022821342928,23.642483124157007,0.11911895777146699,0.040929988237224685,17.104228504817815,25001000.0,30.045646454914777
G10791,90.46014108237485,23.64699501868871,0.0820128250456607,-0.004850613685380414,17.104228504817815,25001000.0,28.33521220845621
G10792,90.45949508761318,23.65104063309736,0.0702505806669375,-0.022587692387332013,17.104228504817815,25001000.0,27.337317760332795
G10793,90.45798056391472,23.6542356283405,0.04051800330040889,-0.044769936909805116,17.104228504817815,25001000.0,24.997334602232808
G10798,90.45774911549002,23.679654015776936,0.2413565076711042,-0.11810724731431611,17.104228504817815,25001000.0,25.653980796933034
G10799,90.45909008713332,23.683391351249583,0.13298968253524318,-0.03696271713970761,17.104228504817815,25001000.0,27.463953580232758
G1080,90.05370500142159,23.639800364067337,0.1933045708242592,-0.08727332658090861,17.637361826313764,25001000.0,26.09838578346881
G10800,90.45935592835038,23.687601937680288,0.0873818369183948,-0.012509445314479013,17.104228504817815,25001000.0,28.07830795105456
G10801,90.45926858067236,23.692113802915973,0.07065988730742889,-0.009658245540891914,17.104228504817815,25001000.0,28.083396599273126
G10802,90.45918121131383,23.696625665219507,0.060019247807371494,0.002077281088034087,17.104228504817815,25001000.0,28.50458085701877
G10803,90.45909382027156,23.701137524590425,0.09669427338997238,-0.012017177955163013,17.104228504817815,25001000.0,28.121989121212092
G10804,90.4590064075422,23.70564938102825,0.11890451892656909,-0.029529664153808713,17.104228504817815,25001000.0,27.596039083249007
G10805,90.45891897312244,23.71016123453254,0.1162092696137526,-0.026595113078322914,17.104228504817815,25001000.0,27.601112978580968
G10806,90.45883151700902,23.71467308510281,0.09780943680745059,-0.029798049394094115,17.104228504817815,25001000.0,27.525573449970615
G10807,90.4587440391986,23.71918493273859,0.1123967043618063,-0.03980549352652631,17.104228504817815,25001000.0,27.205495047635665
G10808,90.4586565396879,23.723696777439443,0.06005655967095469,-0.04258730591176471,17.104228504817815,25001000.0,25.410097912622742
G10809,90.4585690184736,23.728208619204896,0.12481257790171849,-0.017756055435680013,17.104228504817815,25001000.0,27.96958982650313
G1081,90.05360394807305,23.64431071929393,0.2111833255514431,-0.0969570993827102,17.104228504817815,25001000.0,25.770929659423512
G10810,90.4584814755524,23.73272045803447,0.1595790697631569,-0.03974717854552371,17.104228504817815,25001000.0,27.351844249387824
G10811,90.45839391092096,23.73723229392771,0.21203736263169118,-0.1004378100388172,17.104228504817815,25001000.0,25.707712255085585
G10812,90.458306324576,23.741744126884164,0.21375753393589,-0.0889123697337075,17.104228504817815,25001000.0,25.958185316005522
G10813,90.45821871651424,23.74625595690335,0.1407721384229134,-0.03232795657259501,18.14012608720114,25001000.0,27.485729170139468
G10814,90.45813108673234,23.750767783984816,0.1191260365489843,-0.037746225654350915,17.104228504817815,25001000.0,27.442274561046553
G10815,90.45804343522698,23.755279608128088,0.1414146550830956,-0.028711052077433612,18.45089562789414,25001000.0,27.60115289868461
G10816,90.45795576199484,23.75979142933271,0.17279788529592038,-0.067883078553164,17.104228504817815,25001000.0,26.485811326347566
G10817,90.45786806703263,23.764303247598225,0.1412606260846147,-0.043063719268882916,17.73650091348665,25001000.0,27.22963771666314
G10818,90.45778035033705,23.768815062924155,0.1192388853119297,0.008442728080206687,17.104228504817815,25001000.0,29.02690296615248
G10819,90.45769261190472,23.77332687531004,0.13396103581800678,-0.0008396030681679136,17.013088905205024,25001000.0,28.52068036363843
G1082,90.05350286962513,23.64882107149045,0.2050533422168847,-0.08349246406493781,16.80034690094064,25001000.0,26.074460155545992
G10820,90.45760485173238,23.777838684755423,0.1230216846116745,0.012959302303177185,17.104228504817815,25001000.0,29.034428342711443
G10821,90.45751706981667,23.78235049125984,0.1138700785321455,0.021799027464687384,17.316815263353902,25001000.0,29.468845066815316
G10822,90.45742926615432,23.78686229482281,0.11719656330536889,0.004879348063615287,17.104228504817815,25001000.0,28.78905272123903
G10823,90.45734144074196,23.791374095443903,0.1416651723152689,-0.0024862673376096138,16.63963216476239,25001000.0,28.43888436469469
G10824,90.4572535935763,23.79588589312263,0.1474413367345803,-0.010037726135050815,17.104228504817815,25001000.0,28.15531579374881
G10825,90.457165724654,23.800397687858528,0.18026178236752788,-0.047617631391520414,16.40508890520502,25001000.0,26.985995404925596
G10826,90.45707783397177,23.804909479651148,0.160910778749765,-0.030213578508163415,17.104228504817815,25001000.0,27.661251633395363
G10827,90.45698992152622,23.809421268500014,0.1170840796013567,0.025461441975627785,16.539604778220934,25001000.0,29.389182535178403
G10828,90.45690198731408,23.813933054404664,0.11573924117242369,0.014987971669464785,17.104228504817815,25001000.0,29.189266066510996
G10829,90.456814031332,23.81844483736465,0.12731380116934587,-0.005532236235758814,16.419552225668355,25001000.0,28.31973364374224
G1083,90.05340176607402,23.653331420656382,0.226985958548444,-0.0726459548582653,17.104228504817815,25001000.0,26.519262299617854
G10830,90.45672605357665,23.82295661737949,0.1226714891257133,-0.004215963880386213,17.104228504817815,25001000.0,28.448414719966685
G10831,90.45663805404467,23.82746839444873,0.1132357232422115,-0.0017942319354295137,16.862803190919323,25001000.0,28.449509729115363
G10832,90.45655003273284,23.83198016857191,0.09582517641008269,0.008950029145705685,17.104228504817815,25001000.0,28.91183579385464
G10833,90.4564619896377,23.83649193974856,0.1442789340112936,-0.021270132037006114,17.0970969534948,25001000.0,27.832801025933794
G10834,90.456373924756,23.84100370797821,0.1498005439743781,-0.039691555309305016,17.104228504817815,25001000.0,27.294507075405726
G10835,90.45628583808436,23.845515473260427,0.11884200750396309,0.012301186799949087,16.82667441828349,25001000.0,29.031345241570072
G10836,90.45619772961948,23.85002723559472,0.19600786733679218,-0.057922617826941115,17.104228504817815,25001000.0,26.939472302302683
G10837,90.45610959935796,23.85453899498064,0.25776774356973764,-0.1269276415241109,17.23621105841417,25001000.0,25.707600675330426
G10838,90.45602144729656,23.85905075141771,0.21786156219674518,-0.10039675418112191,17.104228504817815,25001000.0,25.729839101955104
G10839,90.45593327343188,23.86356250490548,0.1865196162856978,-0.06695541231806201,17.404984277438444,25001000.0,26.5526010297892
G1084,90.05330063741592,23.65784176679124,0.21600272260473588,-0.06687671966689601,15.192660333776447,25001000.0,26.25760786032664
G10840,90.45584507776056,23.86807425544348,0.2158116492358953,-0.0905650132280828,17.104228504817815,25001000.0,25.859709801765153
G10841,90.45575686027932,23.872586003031262,0.25383158440790765,-0.1280382275131208,17.39508890520503,25001000.0,25.71781112682029
G10842,90.45566862098478,23.877097747668344,0.2243570995323529,-0.122689225926309,17.104228504817815,25001000.0,25.64862067447935
G10843,90.4555803598736,23.881609489354275,0.2139363759194608,-0.08472830754885641,17.407515406240208,25001000.0,26.25032965972967
G10844,90.45549207694246,23.8861212280886,0.2359411900145225,-0.11908143117801331,17.104228504817815,25001000.0,25.64046159510214
G10845,90.455403772188,23.89063296387084,0.2315538019181806,-0.0970049035563464,17.429088905205077,25001000.0,25.925452695842854
G10846,90.45532071477606,23.89462909065125,0.24044744022160888,-0.1189948431817268,17.104228504817815,25001000.0,25.62902583861258
G1085,90.05319948364698,23.66235210989453,0.19786447042182878,-0.029020335514726214,17.104228504817815,25001000.0,27.653567930447323
G1086,90.05309830476341,23.66686244996577,0.25367181188850035,-0.1167632289271277,15.041722833776445,25001000.0,25.57927838102836
G1087,90.0529971007614,23.67137278700445,0.2317594948418818,-0.09296502815998371,17.104228504817815,25001000.0,25.973365439969943
G1088,90.05289587163712,23.67588312101008,0.21755517195418428,-0.09004967601076581,15.69766033377644,25001000.0,25.877120689787446
G1089,90.05279461738677,23.680393451982173,0.2343228142300664,-0.09671018196632751,17.104228504817815,25001000.0,25.885424240808984
G1090,90.0526933380065,23.684903779920223,0.2188697518577267,-0.0929735762272099,15.910703812037326,25001000.0,25.78923430762211
G10904,90.46520098264077,23.629539035973018,0.1017374311190514,-0.009008492269466314,18.349660333776484,25001000.0,28.1530466964756
G10905,90.465299685157,23.633539474071107,0.059867721461949394,-0.024982688033771214,17.104228504817815,25001000.0,27.043788164900697
G10906,90.46521276488603,23.638051391580017,0.1528844892057465,-0.03637925753488742,17.683857516875065,25001000.0,27.137965879461312
G10907,90.46505519093174,23.64250595857952,0.1012597961676386,0.0005226432488231866,17.104228504817815,25001000.0,28.519648622524787
G10908,90.46402610080597,23.64645951185661,0.088459024592371,-0.016594019418411814,17.104228504817815,25001000.0,28.30435983384259
G10909,90.46268697999469,23.64949433184245,0.01671602196197599,-0.0723546205920425,17.104228504817815,25001000.0,23.505918250028184
G1091,90.05259203349254,23.689414104823744,0.2119979713111418,-0.09693694053723781,17.104228504817815,25001000.0,25.770929659423512
G10916,90.46426212747892,23.68431435145313,0.1550161519460824,-0.061917563956935213,18.774049222665358,25001000.0,27.225474014612683
G10917,90.46425521562308,23.687682290996605,0.1469840756919153,-0.05948503458048941,17.104228504817815,25001000.0,26.66441232530491
G10918,90.46416803594263,23.69219417336956,0.1564317469214586,-0.0845509241260048,19.104783621447694,25001000.0,26.54592680784929
G10919,90.46408083462336,23.69670605281148,0.08971043558184309,-0.009288939600365113,17.104228504817815,25001000.0,28.122275060400455
G1092,90.05249070384102,23.69392442669225,0.23604254507279468,-0.1100243989855056,15.738517476633573,25001000.0,25.51992803466866
G10920,90.46399361166198,23.701217929321945,0.06937559795671809,0.0043985251420897865,19.080126087201137,25001000.0,28.59495993967928
G10921,90.46390636705516,23.70572980290045,0.1138718302444199,-0.018270144630266914,17.104228504817815,25001000.0,27.94909707163119
G10922,90.46381910079968,23.71024167354656,0.1193374095221922,-0.032246160617004214,19.148964681602568,25001000.0,27.51099444484652
G10923,90.46373181289216,23.7147535412598,0.0907716587011468,-0.017060639481152814,17.104228504817815,25001000.0,27.906866136357134
G10924,90.46364450332932,23.719265406039703,0.1239843725132333,-0.037693084914970316,18.66960063228393,25001000.0,27.540594232237353
G10925,90.46355717210793,23.72377726788581,0.08906681058771129,-0.0640734410651038,17.104228504817815,25001000.0,25.770089517552382
G10926,90.46346981922458,23.728289126797662,0.10011044698831799,-0.08148661271825491,17.586231762347865,25001000.0,25.231841836780006
G10927,90.46338244467609,23.732800982774783,0.1366948278148789,-0.031803572517822815,17.104228504817815,25001000.0,27.485729170139468
G10928,90.46329504845906,23.73731283581672,0.2298268339703569,-0.10750918096593161,16.895374619490752,25001000.0,25.606118085195927
G10929,90.46320763057022,23.741824685923007,0.2155847855829533,-0.09371960081206311,17.104228504817815,25001000.0,25.839229442799397
G1093,90.05238934904814,23.69843474552523,0.24400466747762048,-0.1167706176776605,17.104228504817815,25001000.0,25.482298025355387
G10930,90.4631201910063,23.74633653309317,0.18308036184228038,-0.06903994118872181,17.384231762347923,25001000.0,26.525839781381436
G10931,90.46303272976397,23.75084837732676,0.1723302213201415,-0.07245860047405621,17.104228504817815,25001000.0,26.335285575577593
G10932,90.46294524683988,23.75536021862331,0.1661877578378335,-0.06849190590301361,17.924803190919334,25001000.0,26.478543034720026
G10933,90.4628577422308,23.75987205698236,0.15668962544314718,-0.06222641815174011,17.104228504817815,25001000.0,26.732607813763625
G10934,90.4627702159334,23.76438389240344,0.2079593386536314,-0.09732156526975001,17.60983424681993,25001000.0,25.81095811445738
G10935,90.46268266794432,23.768895724886075,0.12506483396375848,-0.03465936958953751,17.104228504817815,25001000.0,27.474404039236724
G10936,90.46259509826032,23.77340755442982,0.1695818000493615,-0.0909241228561064,16.856517476633627,25001000.0,25.674334224313196
G10937,90.46250750687804,23.777919381034213,0.1155144259156003,0.014578808410527586,17.104228504817815,25001000.0,29.189266066510996
G10938,90.4624198937942,23.78243120469878,0.1118133968157649,0.030592242106133684,16.485547657720105,25001000.0,29.430855852040565
G10939,90.46233225900546,23.786943025423064,0.14075926343804648,-0.008013803774914514,17.104228504817815,25001000.0,28.20434769166141
G1094,90.05228796911007,23.70294506132221,0.23368832809543158,-0.0923332313077112,15.806803190919338,25001000.0,25.884401240258608
G10940,90.46224460250852,23.791454843206605,0.15058139401225049,-0.014035364081517614,17.104228504817815,25001000.0,28.15531579374881
G10941,90.46215692430006,23.795966658048933,0.11675128512195189,0.015170505893545887,17.104228504817815,25001000.0,29.189266066510996
G10942,90.46206922437676,23.80047846994958,0.1544934896614034,-0.022450028256818313,17.104228504817815,25001000.0,27.890138199915892
G10943,90.46198150273533,23.8049902789081,0.1139779269177028,0.024798905156438886,17.104228504817815,25001000.0,29.468845066815316
G10944,90.4618937593724,23.80950208492402,0.11265178320460789,0.032038136781154185,17.104228504817815,25001000.0,29.447627869805842
G10945,90.4618059942847,23.814013887996875,0.1116850986690587,0.021851778454864686,17.104228504817815,25001000.0,29.29830258196874
G10946,90.46171820746888,23.818525688126208,0.1324918901105745,0.0031892306110389867,17.104228504817815,25001000.0,28.639413588652122
G10947,90.46163039892164,23.823037485311552,0.1325552115588943,0.003084033149803386,17.104228504817815,25001000.0,28.639413588652122
G10948,90.4615425686396,23.82754927955245,0.1292880192012852,0.0058238136571901866,17.104228504817815,25001000.0,28.852553297612467
G10949,90.46145471661951,23.83206107084843,0.1266727325674259,-0.030040470957921214,17.104228504817815,25001000.0,27.60639297153247
G1095,90.05218656402299,23.707455374082688,0.2326811909639443,-0.09648807935102971,17.104228504817815,25001000.0,25.92095213291066
G10950,90.461366842858,23.83657285919904,0.1422528042324537,-0.011426130747397314,17.104228504817815,25001000.0,28.15531579374881
G10951,90.4612789473518,23.84108464460381,0.12329347308499539,0.011315929058270885,17.104228504817815,25001000.0,29.058825525996248
G10952,90.46119103009748,23.84559642706228,0.2069972670646558,-0.07002005035987241,17.104228504817815,25001000.0,26.45804017792711
G10953,90.4611030910918,23.850108206573985,0.20233279452508748,-0.0939219085438443,17.104228504817815,25001000.0,25.855998022789585
G10954,90.4610151303314,23.85461998313848,0.2020586924990574,-0.1032425089239838,17.104228504817815,25001000.0,25.65429052627412
G10955,90.46092714781294,23.859131756755268,0.2154632615661656,-0.1009535950760866,17.104228504817815,25001000.0,25.67473106005633
G10956,90.46083914353312,23.86364352742392,0.2166266095843282,-0.097565389681093,17.104228504817815,25001000.0,25.706678108618476
G10957,90.46075111748856,23.868155295143943,0.2561590658784196,-0.12405817294838531,17.104228504817815,25001000.0,25.72877699739146
G10958,90.46066306967596,23.87266705991492,0.26831424258258235,-0.1500449728498871,17.104228504817815,25001000.0,25.652493102163287
G10959,90.4600116240328,23.876717138783263,0.2522736283003061,-0.1345138027795637,17.104228504817815,25001000.0,25.48390927972654
G1096,90.05232666858404,23.71178608973203,0.25339176471247177,-0.1289262212806985,16.145660333776476,25001000.0,25.558950736086647
G10960,90.45941992243732,23.881941604659207,0.23224551004197538,-0.10635291136325321,17.104228504817815,25001000.0,25.649381030087806
G10961,90.4591304831907,23.886185561562684,0.22968167256483418,-0.12284338019045321,17.104228504817815,25001000.0,25.64862067447935
G10962,90.45923048055462,23.89054610253547,0.26666571651025817,-0.1314249743139566,17.104228504817815,25001000.0,25.674939150290964
G10963,90.45891538229216,23.89421128209784,0.285090763439968,-0.15936051165812712,17.104228504817815,25001000.0,25.782644385466142
G1097,90.05302424860325,23.71625473659619,0.2032162866313469,-0.0826020409591356,17.104228504817815,25001000.0,26.230647918741546
G1098,90.05321296314946,23.721023503941087,0.2270309314205592,-0.0886059446669534,17.104228504817815,25001000.0,26.086972651475996
G1099,90.0528812127759,23.724852102137465,0.24730136805198788,-0.1043537653562626,17.104228504817815,25001000.0,25.700701136047496
G11021,90.46963677479712,23.63028388300788,0.10422678509417269,-0.009562718401454813,17.104228504817815,25001000.0,28.171021019124694
G11022,90.47017827910211,23.633634369045883,0.06893203644667609,-0.020439822350005715,17.104228504817815,25001000.0,27.51607487246649
G11023,90.4699021491645,23.637963964789183,0.0721199599596256,-0.03381441689996261,17.104228504817815,25001000.0,26.808463898525023
G11024,90.46862662732944,23.64136706667741,0.05934323746203729,-0.008333531950619014,17.104228504817815,25001000.0,28.09750049993604
G11033,90.46803243240758,23.68514634366238,0.1367457134485654,-0.05826210239509051,17.104228504817815,25001000.0,26.597534175785484
G11034,90.46907149022957,23.687833503306265,0.1041925526225275,-0.04265087852713701,17.104228504817815,25001000.0,27.198582792009734
G11035,90.46906751285177,23.692274389044808,0.113729714071779,-0.028467357123764515,17.104228504817815,25001000.0,27.601112978580968
G11036,90.46898047957502,23.69678628559216,0.08832000311911989,-0.014569831654605014,17.104228504817815,25001000.0,28.00640839324581
G11037,90.46889342469782,23.701298179209168,0.0885984553772093,-0.006328018796790213,17.104228504817815,25001000.0,28.30265149060487
G11038,90.46880634821687,23.70581006989537,0.07538953369327399,0.002149484705627386,17.104228504817815,25001000.0,28.53442020604989
G11039,90.46871925012888,23.71032195765032,0.07470407081965869,-0.0027341499184226135,17.104228504817815,25001000.0,28.423312737036007
G11040,90.46863213043058,23.71483384247353,0.07293314632729359,-0.008136934081273113,17.104228504817815,25001000.0,28.000942518866655
G11041,90.46854498911866,23.71934572436456,0.1029023573468217,-0.020661299224937615,17.104228504817815,25001000.0,27.931631544498476
G11042,90.46845782618983,23.723857603322926,0.1508295139119625,-0.07065850904636621,17.104228504817815,25001000.0,26.169026992164444
G11043,90.4683706416408,23.72836947934817,0.1293262201421083,-0.0678982364138386,17.104228504817815,25001000.0,26.01531913660696
G11044,90.46828343546828,23.732881352439843,0.15270708149783468,-0.03365335702523061,17.104228504817815,25001000.0,27.159741469368022
G11045,90.46819620766895,23.737393222597458,0.2148971805602268,-0.09475790397936541,17.104228504817815,25001000.0,25.839229442799397
G11046,90.46810895823953,23.741905089820577,0.1622986127149138,-0.0631267013799122,17.104228504817815,25001000.0,26.732607813763625
G11047,90.46802168717674,23.74641695410872,0.15958329771308058,-0.05306805306416861,17.104228504817815,25001000.0,26.927892658031116
G11048,90.46793439447728,23.750928815461425,0.18244009108554018,-0.0791414839420536,17.104228504817815,25001000.0,26.262818213097955
G11049,90.46784708013782,23.75544067387824,0.1631327862544281,-0.06572111093546981,17.104228504817815,25001000.0,26.579473399376692
G11050,90.46775974415507,23.75995252935868,0.1624690346195416,-0.06385861427885611,17.104228504817815,25001000.0,26.732607813763625
G11051,90.46767238652578,23.7644643819023,0.2325385601403171,-0.11981745128944181,17.104228504817815,25001000.0,25.646737828818686
G11052,90.46758500724658,23.76897623150864,0.1813695796329978,-0.09525611648709621,17.104228504817815,25001000.0,25.823216890785844
G11053,90.46749760631415,23.773488078177223,0.1637419268019231,-0.1138090410487179,17.104228504817815,25001000.0,25.249692078178004
G11054,90.46741018372528,23.7779999219076,0.1408784188499142,-0.093447159922366,17.104228504817815,25001000.0,25.409247341443518
G11055,90.4673227394766,23.782511762699297,0.14449992696939268,-0.06600815049333571,17.104228504817815,25001000.0,26.390236485855656
G11056,90.4672352735648,23.78702360055186,0.1927682218699178,-0.08269097871656661,17.104228504817815,25001000.0,26.19903289716122
G11057,90.4671477859866,23.791535435464816,0.1700993637546799,-0.052473522934964115,16.680715889331992,25001000.0,26.849724628633293
G11058,90.46706027673864,23.796047267437714,0.1654964171100524,-0.039994554252716814,17.104228504817815,25001000.0,27.351844249387824
G11059,90.46697274581769,23.80055909647008,0.12133525324331089,0.016262530349730086,16.146956108424348,25001000.0,28.954727368607763
G11060,90.46688519322036,23.80507092256146,0.10362785342700839,0.032809976304113385,17.104228504817815,25001000.0,30.06671922422684
G11061,90.4667976189434,23.80958274571139,0.10668081511600519,0.032479205456873786,15.992517476633594,25001000.0,29.417602544387506
G11062,90.46671002298343,23.814094565919405,0.1272585296270552,0.013615699117774285,17.104228504817815,25001000.0,28.829329073599624
G11063,90.4666224053372,23.818606383185053,0.134443844348727,0.003691789795984586,15.985776275805478,25001000.0,28.571834274647085
G11064,90.46653476600136,23.82311819750785,0.11639299607973189,0.014515646057924984,17.104228504817815,25001000.0,29.189266066510996
G11065,90.46644710497262,23.82763000888736,0.1359407026576969,0.0025751311688844863,16.63737461949077,25001000.0,28.619529345096666
G11066,90.4663594222476,23.832141817323087,0.1507603018602798,-0.03455854978063681,17.104228504817815,25001000.0,27.485729170139468
G11067,90.46627171782306,23.8366536228146,0.1283144018719682,-0.0023058568171340135,16.653660333776457,25001000.0,28.43888436469469
G11068,90.46618399169564,23.841165425361428,0.1155085597653298,0.019296352025564886,17.104228504817815,25001000.0,29.330793762560482
G11069,90.46597014647328,23.844612570632428,0.12747883681483688,0.022941912577680187,17.104228504817815,25001000.0,29.48167898448009
G11070,90.46421043434634,23.85050235238965,0.12473946348448409,0.008294695114738886,17.104228504817815,25001000.0,29.02690296615248
G11071,90.465234437068,23.855146471167515,0.21205425430277688,-0.10130864044547071,17.149254536675045,25001000.0,25.70807208248807
G11072,90.46583287009072,23.859212606092616,0.1988056776593217,-0.0759646948141304,17.104228504817815,25001000.0,26.31876257273083
G11073,90.46574503539904,23.86372439390908,0.27058032014282174,-0.143828097212771,17.380477235184884,25001000.0,25.84149957083497
G11074,90.4656531087282,23.86823226403685,0.28653641602188695,-0.1582962877517583,17.104228504817815,25001000.0,25.782644385466142
G11075,90.46462208041048,23.872111936859834,0.24157124647923478,-0.10704082091276321,17.257660333776442,25001000.0,25.643104796371258
G11076,90.46331192901252,23.875345745223783,0.2687581441472063,-0.10606279809896621,17.104228504817815,25001000.0,25.99301366999962
G11139,90.47285279906306,23.6346273656464,0.10582550437496449,-0.016155903751081713,17.104228504817815,25001000.0,28.05993360468427
G11140,90.4728164209874,23.636668612053096,0.07757971502046679,-0.0027396622014489135,17.104228504817815,25001000.0,28.381760765555896
G11151,90.4723262286291,23.689053705877903,0.09242344294467239,-0.022295908306064715,17.104228504817815,25001000.0,27.72126414809482
G11152,90.47389826424887,23.692442427612573,0.0943753304746281,-0.012089742776142614,18.855160333776467,25001000.0,28.171562833678653
G11153,90.47388014612712,23.696866363558787,0.07988828836561329,-0.013978033746633515,17.104228504817815,25001000.0,28.07830795105456
G11154,90.4737932593374,23.701378274249365,0.09737017520864429,-0.025261896236326714,18.9417699228176,25001000.0,27.66834637393381
G11155,90.4737063509856,23.705890182010283,0.0906821803999003,-0.022258917786562513,17.104228504817815,25001000.0,27.72126414809482
G11156,90.47361942106843,23.71040208684107,0.09086818581488139,-0.011565719441815914,19.031549222665348,25001000.0,28.14332327776214
G11157,90.47353246958264,23.714913988741262,0.07969899787657579,-0.010677725191901013,17.104228504817815,25001000.0,28.07830795105456
G11158,90.47344549652487,23.719425887710404,0.1250094528477554,-0.041437912607449015,18.515088905205033,25001000.0,27.265207621853886
G11159,90.47335850189194,23.723937783748035,0.1279017362939633,-0.04980652263476031,17.104228504817815,25001000.0,26.80610780490621
G11160,90.47327148568048,23.728449676853685,0.1744064000554555,-0.0741711298960731,17.582449066170824,25001000.0,26.375314030611463
G11161,90.47318444788723,23.73296156702689,0.169128827824966,-0.03471745077858852,17.104228504817815,25001000.0,27.543066344121566
G11162,90.47309738850892,23.737473454267192,0.159957287641083,-0.0843193994279095,17.14071588933203,25001000.0,26.118239627319724
G11163,90.47301030754224,23.74198533857413,0.12470275308800399,-0.06631811105754011,17.104228504817815,25001000.0,26.08091070613431
G11164,90.47292320498389,23.74649721994723,0.14643444110139328,-0.039452379588849215,17.06498427743847,25001000.0,27.351659827872567
G11165,90.4728360808306,23.75100909838604,0.1594794282437434,-0.05078084597806681,17.104228504817815,25001000.0,27.00173173142602
G11166,90.47274893507904,23.7555209738901,0.20446852314783928,-0.07510186197564121,17.49389221783443,25001000.0,26.39722114086362
G11167,90.47266176772597,23.760032846458927,0.20946335460624319,-0.1039660623518321,17.104228504817815,25001000.0,25.65429052627412
G11168,90.47257457876805,23.76454471609208,0.26576141152431615,-0.1340671105132001,17.371283522182267,25001000.0,25.854613619335662
G11169,90.472487368202,23.76905658278909,0.22866385746158369,-0.1158751289321111,17.104228504817815,25001000.0,25.665163232023794
G11170,90.47240013602452,23.773568446549493,0.1967369555102681,-0.1083003291371042,17.09360236276197,25001000.0,25.65429052627412
G11171,90.47223856647958,23.777999448144666,0.1945275934806263,-0.0933311831057326,17.104228504817815,25001000.0,25.855998022789585
G11172,90.4708002989922,23.782229684746508,0.1487633206480469,-0.07813512577782,17.104228504817815,25001000.0,25.996990436048435
G11173,90.47185066067618,23.78740588679745,0.2274177334378252,-0.1228334366244522,17.104228504817815,25001000.0,25.64862067447935
G11174,90.4720509911344,23.791615872215782,0.2041090176486785,-0.0668167206627185,16.730124101892415,25001000.0,26.44159698940011
G11175,90.47196365085028,23.79612772128621,0.18985545325167308,-0.10123443787681241,17.104228504817815,25001000.0,25.70807208248807
G11176,90.47187628893494,23.800639567417264,0.12637741680671788,-0.0018922223127892136,16.309834246819975,25001000.0,28.36570319683299
G11177,90.47178890538508,23.80515141060848,0.11114554339992949,-0.0022919450361058137,17.104228504817815,25001000.0,28.42544193571343
G11178,90.47170150019734,23.809663250859373,0.09758426968797079,0.045424775005779884,15.691093169597337,25001000.0,30.153350407225762
G11179,90.47161407336849,23.814175088169502,0.11312016150267339,0.025726812475153685,17.104228504817815,25001000.0,29.468845066815316
G11180,90.47152662489512,23.81868692253841,0.1060510983243657,0.029773702068088284,16.23137461949071,25001000.0,29.371577751283446
G11181,90.47143915477402,23.82319875396562,0.1424475778652456,-0.016762584997323613,17.104228504817815,25001000.0,28.216507922613026
G11182,90.47135166300184,23.82771058245068,0.18295700071222298,-0.06461840557779601,17.104228504817815,25001000.0,26.672395302866633
G11183,90.47126414957526,23.83222240799312,0.1771341453528472,-0.06873867790760181,17.104228504817815,25001000.0,26.485811326347566
G11184,90.47117661449096,23.836734230592484,0.1389976456895904,-0.031942613231277214,17.104228504817815,25001000.0,27.485729170139468
G11185,90.47068555626092,23.840991985068456,0.1800947759033355,-0.07089199869904211,17.104228504817815,25001000.0,26.335285575577593
G11186,90.47023069619112,23.84527350468272,0.1300675001278474,-0.0841186014559101,17.104228504817815,25001000.0,25.7307423217744
G11188,90.46883570885024,23.856768562994308,0.2373057069053341,-0.11200771569832631,17.104228504817815,25001000.0,25.643104796371258
G11189,90.46963990644105,23.85946865494039,0.2203143867948314,-0.1097820214960849,17.104228504817815,25001000.0,25.67641737314364
G11190,90.46978416871777,23.8638651347182,0.25708229535838445,-0.1514596277950119,17.104228504817815,25001000.0,25.701214113685538
G11191,90.46939889984692,23.867582173173773,0.26241509334942587,-0.1322742009125597,17.104228504817815,25001000.0,25.65835722738924
G11269,90.47814427113455,23.69324705914768,0.1012008464818104,-0.024580042181876215,17.104228504817815,25001000.0,27.73725544495892
G11270,90.47877983423804,23.69694628670864,0.096956683869701,-0.020894334415593713,17.104228504817815,25001000.0,27.785911656005194
G11271,90.47869311553907,23.7014582144398,0.1216542972845901,-0.043920648399521416,17.104228504817815,25001000.0,27.061161618260787
G11272,90.4786063753197,23.705970139242424,0.1409158561677775,-0.05227758403435291,17.104228504817815,25001000.0,26.657149000873968
G11273,90.47851961357664,23.710482061116064,0.12282840283317219,-0.028430491066611614,17.104228504817815,25001000.0,27.61125184516945
G11274,90.47843283030662,23.71499398006025,0.10278891687240299,-0.021842785933870415,17.104228504817815,25001000.0,27.814786783181056
G11275,90.47834602550635,23.719505896074512,0.11134326612117319,-0.026784985428527416,17.104228504817815,25001000.0,27.601112978580968
G11276,90.47825919917256,23.724017809158404,0.1706163870454118,-0.05327352936377861,17.104228504817815,25001000.0,26.927892658031116
G11277,90.47817235130198,23.728529719311457,0.16107274411459999,-0.06252389166151441,17.104228504817815,25001000.0,26.732607813763625
G11278,90.4780854818913,23.7330416265332,0.17061393317283088,-0.03817770878100862,17.104228504817815,25001000.0,27.408997001854665
G11279,90.47799859093728,23.737553530823178,0.18231706834535688,-0.0866109970842379,17.104228504817815,25001000.0,26.103971105257934
G11280,90.4779116784366,23.74206543218092,0.1605196188968275,-0.08668638168223701,17.104228504817815,25001000.0,25.966928348264194
G11281,90.47782474438598,23.746577330605977,0.18726310000719798,-0.08807796689910691,17.104228504817815,25001000.0,26.061432747276335
G11282,90.47773778878216,23.75108922609788,0.1953232249259116,-0.1030300403423298,17.104228504817815,25001000.0,25.65429052627412
G11283,90.4776508116218,23.755601118656163,0.2367889307394031,-0.12188485514510841,17.104228504817815,25001000.0,25.62344845300602
G11284,90.47756381290166,23.760113008280367,0.2210313009711975,-0.11026561629047031,17.104228504817815,25001000.0,25.67641737314364
G11285,90.47747679261845,23.76462489497003,0.2547380237625211,-0.142256027629307,17.104228504817815,25001000.0,25.662344955495094
G11286,90.47738975076886,23.76913677872469,0.22641956720381198,-0.1316396032926426,17.104228504817815,25001000.0,25.645575523696095
G11287,90.4773026873496,23.773648659543884,0.23139776493418698,-0.1188315069286045,17.104228504817815,25001000.0,25.646737828818686
G11288,90.47678034135068,23.77738571034116,0.18894182587235908,-0.10114023467509031,17.104228504817815,25001000.0,25.70807208248807
G11290,90.47561178861788,23.788572573951072,0.19128340049653558,-0.11659832740711791,17.104228504817815,25001000.0,25.65429052627412
G11291,90.47680360161146,23.79182952198608,0.18203665463407678,-0.11154033664698401,17.104228504817815,25001000.0,25.641969947284842
G11292,90.47686704659316,23.79620801959169,0.19351362119541948,-0.0967467481444957,17.104228504817815,25001000.0,25.770929659423512
G11293,90.47677985368676,23.800719882788385,0.12027856640508139,-0.03264365225134441,17.104228504817815,25001000.0,27.47785379397521
G11294,90.47669263918762,23.80523174304638,0.09133825517397019,0.03579753001904008,17.104228504817815,25001000.0,30.060148267404966
G11295,90.47660540309244,23.80974360036521,0.08488819674178379,0.05528058144375229,17.104228504817815,25001000.0,30.442371718876743
G11296,90.47651814539796,23.81425545474441,0.10921724387540109,0.030494740406569583,17.104228504817815,25001000.0,29.56912216000927
G11297,90.47643086610084,23.81876730618354,0.1111215930849402,0.025992689931149487,17.104228504817815,25001000.0,29.47976701698014
G11298,90.47634356519777,23.82327915468211,0.1162019805363843,0.0032122252761015864,17.104228504817815,25001000.0,28.606086916115405
G11299,90.47625624268544,23.82779100023967,0.1674771084316724,-0.045809487703140916,16.716827000443146,25001000.0,27.02235452247132
G11300,90.47612515898204,23.83226056165269,0.15475924548727338,-0.038340129913281715,17.104228504817815,25001000.0,27.408997001854665
G11301,90.47506963994172,23.83653166183953,0.11299892184450619,-0.017979246210880612,16.761040615466612,25001000.0,27.93513488009448
G11302,90.47411788894516,23.83941890732605,0.11662655458779789,-0.004298291366924114,17.104228504817815,25001000.0,28.42544193571343
G11386,90.4822582858852,23.694408851693325,0.0731150605314697,-0.019122806223837815,17.104228504817815,25001000.0,27.687059062169254
G11387,90.48357400332245,23.69712815487452,0.1604373339402574,-0.05983760017953861,17.104228504817815,25001000.0,26.853649238825945
G11388,90.48359299326114,23.70153799977773,0.1491471724515383,-0.05238378049717971,19.052104778220922,25001000.0,26.826905374260743
G11389,90.48350642117748,23.70604994158908,0.132898493033559,-0.035776276569126415,17.104228504817815,25001000.0,27.463953580232758
G11390,90.4834198276118,23.71056188047258,0.11645353582075259,-0.024855586570460615,18.95404922266536,25001000.0,27.833363967487625
G11391,90.48333321256084,23.71507381642776,0.1118446053733517,-0.022364160948494614,17.104228504817815,25001000.0,27.814786783181056
G11392,90.48324657602132,23.719585749454144,0.1323173862367957,-0.04412028232837192,18.40695610842434,25001000.0,27.110735325890527
G11393,90.48315991798998,23.7240976795513,0.1763934784381625,-0.061101733045026314,17.104228504817815,25001000.0,26.878016825613557
G11394,90.48307323846356,23.72860960671874,0.17418320378675678,-0.060848514593669814,17.582449066170824,25001000.0,26.918045280647426
G11395,90.48298653743872,23.73312153095601,0.1653348873727823,-0.032043774543314814,17.104228504817815,25001000.0,27.543066344121566
G11396,90.48289981491226,23.737633452262664,0.16896697336970498,-0.055369174175999514,17.249441155694313,25001000.0,26.905004887472817
G11397,90.48281307088088,23.74214537063822,0.21217334666728088,-0.0991033360708341,17.104228504817815,25001000.0,25.707712255085585
G11398,90.48272630534127,23.746657286082208,0.22745043806275428,-0.09879587127565571,17.003012446452516,25001000.0,25.635053316844193
G11399,90.4826395182902,23.75116919859419,0.21580948433594188,-0.1054473533959863,17.104228504817815,25001000.0,25.620949503842382
G11400,90.48255270972436,23.75568110817369,0.2239320124363148,-0.1093952035620833,17.12809511638514,25001000.0,25.693833903358776
G11401,90.48154185804133,23.75998159458271,0.1742355580134613,-0.0813596537340793,17.104228504817815,25001000.0,26.186712318171942
G11402,90.48100920500045,23.76461501910713,0.230575314920559,-0.1171806063592503,17.104228504817815,25001000.0,25.660257030649582
G11403,90.481020057561,23.769450997562128,0.2051744729341763,-0.0943311432765566,17.104228504817815,25001000.0,25.855998022789585
G11404,90.48098443846789,23.77330345562201,0.16419102077080008,-0.1036414414759768,17.104228504817815,25001000.0,25.249692078178004
G11405,90.47995282011708,23.77620358386488,0.11615574575166789,-0.10257696946088941,17.104228504817815,25001000.0,24.92116232678368
G11408,90.48007773664467,23.792965177207904,0.13757659049315749,-0.0999609397422416,17.104228504817815,25001000.0,25.188904574960098
G11409,90.48039169343517,23.796350188435607,0.1569280546279333,-0.09927579111940821,17.104228504817815,25001000.0,25.391688041011154
G11410,90.48047823042118,23.8008383318431,0.1302810702857993,-0.03873784584027402,17.104228504817815,25001000.0,27.340334696969823
G11411,90.48100889816465,23.80553163099319,0.0898521138178927,0.032218320009346185,17.104228504817815,25001000.0,29.424209445607186
G11412,90.48140436993448,23.80980162962092,0.0773606644250086,0.058020082072285685,15.808231762347901,25001000.0,30.510970779361134
G11413,90.48142223903008,23.814335665641387,0.09673647192018199,0.03533424313924509,17.104228504817815,25001000.0,30.06671922422684
G11414,90.48133512891243,23.81884753411768,0.10400968249457689,0.035246027281828386,16.394761783051848,25001000.0,29.97727921519733
G11415,90.48124799723077,23.82335939965456,0.1463676454962522,-0.010406332134936915,17.104228504817815,25001000.0,28.15531579374881
G11416,90.48116084398164,23.82787126225158,0.1768463336717795,-0.0777575937654804,16.92488255599872,25001000.0,26.218523635320384
G11417,90.48090018763996,23.8313753511446,0.1499983317950201,-0.04918293629442661,17.104228504817815,25001000.0,26.98866748276005
G11504,90.48767515635372,23.697508675567256,0.1202433181004132,-0.03186391056256591,17.104228504817815,25001000.0,27.47785379397521
G11505,90.48839423939206,23.701714749645788,0.10173372196541049,-0.017709360587077914,17.104228504817815,25001000.0,27.94909707163119
G11506,90.48840648851728,23.70612958904752,0.1317471781758676,-0.032547783938566714,17.104228504817815,25001000.0,27.488207682258672
G11507,90.48832006313224,23.710641544907883,0.1000089959871819,-0.012546841190696514,17.104228504817815,25001000.0,28.121989121212092
G11508,90.4882336163036,23.71515349784105,0.10516171078505579,-0.024563693887433215,17.104228504817815,25001000.0,27.73725544495892
G11509,90.48814714802812,23.71966544784657,0.07968824701600319,-0.020185643126927114,17.104228504817815,25001000.0,27.874279739011428
G1151,90.04827106364084,23.962002781424985,0.29126345304776685,-0.1370661753662587,17.104228504817815,25001000.0,25.901534880458307
G11510,90.4880606583025,23.724177394923984,0.11835856247800339,-0.03212245418761441,17.104228504817815,25001000.0,27.47785379397521
G11511,90.4879741471235,23.728689339072822,0.155707214895273,-0.046468423923926416,17.104228504817815,25001000.0,27.09365388799013
G11512,90.4878876144878,23.733201280292626,0.18243574033604448,-0.0649243066943642,17.104228504817815,25001000.0,26.672395302866633
G11513,90.48771676182344,23.737742391623275,0.1831037352154741,-0.0629688223165718,17.104228504817815,25001000.0,26.756975400551237
G11514,90.48771448483336,23.74222515394328,0.2091758275961275,-0.10296904678685301,17.104228504817815,25001000.0,25.628112103281957
G11515,90.48699835882393,23.746122277263503,0.2098623993208637,-0.10599604750165671,17.104228504817815,25001000.0,25.65429052627412
G11516,90.48553895994432,23.75156722254525,0.1730633289343807,-0.0978334912526714,17.104228504817815,25001000.0,25.683021805556244
G11517,90.48607645233248,23.75547461242361,0.1887774304413436,-0.0950682704898486,17.104228504817815,25001000.0,25.855998022789585
G11518,90.4850253467684,23.7580099273752,0.18001436812231741,-0.06846747857195189,17.104228504817815,25001000.0,26.485811326347566
G1152,90.04701274541081,23.96488155883097,0.29094825397832974,-0.1380069668935244,17.104228504817815,25001000.0,25.815953069043946
G11528,90.48401928368824,23.807584995773592,0.18001436812231741,-0.06846747857195189,17.104228504817815,25001000.0,26.485811326347566
G11529,90.48406492141956,23.8085481730573,0.08100606865387049,-0.047537481681748914,17.104228504817815,25001000.0,26.299525862042834
G1153,90.04626190744872,23.969048301872807,0.2191316274787862,-0.0828057982173222,17.104228504817815,25001000.0,26.27620194899864
G11530,90.48435273024846,23.81506944186677,0.08198322957816319,0.043029638371917686,17.104228504817815,25001000.0,29.981377515048514
G11531,90.48520615308294,23.81892501080092,0.09216389900957109,0.0076934851857482865,17.104228504817815,25001000.0,28.808756899103944
G11532,90.48489759651704,23.8235341335313,0.1475630341562794,-0.013003395089062415,17.104228504817815,25001000.0,28.15531579374881
G11533,90.48473145959892,23.827034548636444,0.1198867106863568,-0.028395561428285716,17.104228504817815,25001000.0,27.61125184516945
G11534,90.48376308511315,23.83100376938075,0.08944433546762559,-0.03400300656382711,17.104228504817815,25001000.0,27.19241028628705
G1154,90.04621124021892,23.97355786803472,0.20309645707524548,-0.07072952968079571,17.104228504817815,25001000.0,26.35719268582975
G1155,90.04605609067764,23.978068564276867,0.2171008800384246,-0.10273012630494181,17.104228504817815,25001000.0,25.600960664173662
G1156,90.04595314421694,23.98257869087936,0.21019632372478309,-0.1108756267105614,17.104228504817815,25001000.0,25.65429052627412
G1157,90.04610634096665,23.986003420347,0.23608060098390668,-0.12644036848966742,17.104228504817815,25001000.0,25.608740123401986
G1159,90.04597460043648,23.99723504010161,0.243976601257591,-0.10185990740693841,17.104228504817815,25001000.0,25.749213820818344
G1160,90.0458334290696,24.000531764406155,0.2344156844595595,-0.10339474046382081,17.104228504817815,25001000.0,25.643104796371258
G1161,90.04557903931551,24.00524703052768,0.27792414328367926,-0.1369231649411691,17.104228504817815,25001000.0,25.579765007280916
G1162,90.04533493215432,24.009639386069885,0.1987989818230184,-0.10597715820284931,17.104228504817815,25001000.0,25.65429052627412
G11622,90.49331826296309,23.702551074542253,0.1082598881140891,-0.025996838024475114,19.27210477822089,25001000.0,27.634253629452278
G11623,90.4933065772974,23.70620908161502,0.1082078026501465,-0.025967630261075215,17.104228504817815,25001000.0,27.601112978580968
G11624,90.49322032009628,23.710721054419253,0.10919084764223189,-0.021723335440027913,19.0098825559987,25001000.0,27.91089530570976
G11625,90.49313404149324,23.71523302429742,0.08998009643303709,-0.010995267429217614,17.104228504817815,25001000.0,28.073243162487852
G11626,90.49304774148504,23.719744991249065,0.07936803060648209,-0.036334721446202416,18.627519488706042,25001000.0,27.046061799788625
G11627,90.49296142006844,23.72425695527373,0.11993128776477469,-0.029262816850971915,17.104228504817815,25001000.0,27.596039083249007
G11628,90.49287507724009,23.72876891637096,0.1473940368897648,-0.071618878503047,17.83821588933202,25001000.0,26.098751915395148
G11629,90.49227746919078,23.732627796867053,0.1493699438439721,-0.06056999212477281,17.104228504817815,25001000.0,26.66441232530491
G1163,90.04523180789101,24.014149491192992,0.2236440997988074,-0.1056148870748725,17.104228504817815,25001000.0,25.693833903358776
G11630,90.4905086290692,23.739414660717912,0.1368252961175398,0.006419865558963886,17.104228504817815,25001000.0,29.068189343045187
G11631,90.49105722935164,23.742382036061286,0.1332839135852687,-0.017115321013716413,17.104228504817815,25001000.0,27.991213161788703
G11632,90.49044007665287,23.74486175276601,0.10416820264558879,-0.098571169770007,17.104228504817815,25001000.0,24.784320233186996
G1164,90.0451286582117,24.01865959324565,0.2463902750140703,-0.11128930922095841,17.104228504817815,25001000.0,25.62618748803936
G1165,90.04502548311244,24.02316969222737,0.25083746219981196,-0.0909651192595603,17.104228504817815,25001000.0,26.22658995458695
G1166,90.04503364183563,24.02719246813976,0.2878914169906894,-0.12310907569332871,15.674078244224207,25001000.0,25.8637769919867
G11739,90.49710624045169,23.70272329100901,0.09522769887627469,-0.009820887973174715,17.104228504817815,25001000.0,28.128953548979467
G11740,90.49798318603672,23.706499880222832,0.08471517849575479,-0.010786693610343314,17.104228504817815,25001000.0,28.07830795105456
G11741,90.49812059846222,23.71080040900397,0.09983339524965379,-0.025355390049438813,17.104228504817815,25001000.0,27.601112978580968
G11742,90.49803448808804,23.715312395794136,0.1121124900435115,-0.022001027996049513,17.104228504817815,25001000.0,27.814786783181056
G11743,90.49782350712458,23.71973487376044,0.110976408277685,-0.026694238314128614,17.104228504817815,25001000.0,27.601112978580968
G11744,90.49747759830213,23.724407165756976,0.10740390039186569,-0.013757080109163815,17.104228504817815,25001000.0,28.121989121212092
G11745,90.49685539865682,23.72855570922089,0.14285215450284458,-0.03891045014540442,17.104228504817815,25001000.0,27.351659827872567
G11746,90.49592332438246,23.731528175409863,0.15408394411727208,-0.05575195321476691,17.104228504817815,25001000.0,26.891889480517765
G1181,90.0622747503409,23.569817505513893,0.04765896863441559,0.09629258672769389,17.104228504817815,25001000.0,30.695061388738072
G1182,90.06029983345188,23.57253842712977,-0.02137192587997671,-0.030188460720296014,17.104228504817815,25001000.0,23.639937453286418
G1183,90.06001061574604,23.576747803423764,-0.00987295124265781,-0.0749238495876212,18.22942503965882,25001000.0,22.5603165997781
G1184,90.0599100801378,23.581258220861606,0.11338537976416269,-0.029064711335191316,17.104228504817815,25001000.0,27.585900216660526
G1185,90.05980951952482,23.585768635277592,0.06556476314695558,0.03583567617919429,17.211988691985397,25001000.0,29.6553797423653
G11857,90.50307259559445,23.70727921806112,0.08462886208140599,-0.025478094755711014,17.104228504817815,25001000.0,27.357523205349274
G11858,90.5030208981884,23.71087960865933,0.1211821477231838,-0.06056534770960601,19.180477235184895,25001000.0,26.453497037063197
G11859,90.50278827572434,23.71520372957242,0.058690114618755895,-0.030856182400585914,17.104228504817815,25001000.0,26.1709377079653
G1186,90.0597089339033,23.59027904667123,0.0688615795380802,0.056980959703595485,17.104228504817815,25001000.0,30.208427236063233
G11860,90.50103171044384,23.718376387422325,0.01169089443187799,-0.0661208494466987,17.104228504817815,25001000.0,23.688554276352107
G11861,90.50034471265552,23.726026860551297,0.18001436812231741,-0.06846747857195189,17.104228504817815,25001000.0,26.485811326347566
G1187,90.05960832326943,23.594789455042022,0.0699406504082548,0.051881059841392886,16.65974988601525,25001000.0,29.72185942747261
G1188,90.05950768761946,23.599299860389493,0.10371790644552929,0.006750491854787386,17.104228504817815,25001000.0,28.771157262698104
G1189,90.05940702694957,23.60381026271312,-0.0006384784388881091,-0.033158839493181214,18.59001327495296,25001000.0,24.58961897340952
G1190,90.05930634125598,23.608320662012435,-0.05180815416630491,-0.0664423558975616,17.104228504817815,25001000.0,21.70665711766849
G1191,90.05920563053489,23.61283105828692,-0.057677895993863505,-0.0677564891060725,18.824616855515586,25001000.0,21.828113126600066
G1192,90.05910489478252,23.617341451536102,-0.05603039781802891,-0.0707051812084765,17.104228504817815,25001000.0,21.700787370240402
G1193,90.05900413399506,23.62185184175948,-0.04830262217918771,-0.07769305493554751,18.93676481138843,25001000.0,21.988375263945308
G1194,90.05890334816874,23.62636222895656,0.01674505167415699,-0.072817110782238,17.104228504817815,25001000.0,23.505918250028184
G1195,90.05880253729973,23.630872613126844,0.19980562425356,-0.08276556888843051,17.552811848927973,25001000.0,26.23906135219509
G1196,90.05870170138422,23.635382994269843,0.2207564714965882,-0.1076418517748245,17.104228504817815,25001000.0,25.67641737314364
G1197,90.05860084041846,23.639893372385067,0.2043825663483504,-0.09122484918919421,16.797063318851116,25001000.0,25.765465423812095
G11974,90.50756343334383,23.70775369317884,0.12846951238497858,-0.03625516770615322,17.104228504817815,25001000.0,27.452628449330014
G11975,90.50790132405618,23.710940118549065,0.105086825320202,-0.03703082640592721,19.05516033377645,25001000.0,27.50241100155964
G11976,90.50692943754422,23.714298583394573,0.03747131581269139,-0.06387133163910501,17.104228504817815,25001000.0,23.940686111704167
G1198,90.05849995439861,23.64440374747201,0.241326094095344,-0.11594400958673311,17.104228504817815,25001000.0,25.643104796371258
G1199,90.05839904332089,23.6489141195302,0.2335768982716085,-0.10208694532323301,15.980048393477972,25001000.0,25.633326816352117
G1200,90.05829810718147,23.65342448855912,0.2054037832457539,-0.034868933371634214,17.104228504817815,25001000.0,27.53253938127495
G1201,90.05819714597656,23.65793485455828,0.1989478800973847,-0.04926941151964701,14.864644460760616,25001000.0,26.843616465579213
G1202,90.05809615970236,23.662445217527207,0.22837342129270918,-0.0785474344260717,17.104228504817815,25001000.0,26.427562792412413
G1203,90.05799514835505,23.666955577465384,0.2458499088497227,-0.11571559209076561,17.104228504817815,25001000.0,25.62618748803936
G1204,90.05789411193082,23.67146593437233,0.2312156059904191,-0.0881840624741096,17.104228504817815,25001000.0,26.223414848540738
G1205,90.05779305042586,23.67597628824756,0.21700192215009578,-0.09140935224026171,17.104228504817815,25001000.0,25.85933767257477
G1206,90.05769196383638,23.68048663909056,0.23069513051384818,-0.09332405623942171,17.104228504817815,25001000.0,25.973365439969943
G1207,90.05759085215854,23.68499698690084,0.220774995111174,-0.0933167158282345,17.104228504817815,25001000.0,25.899119263147114
G1208,90.05748971538853,23.689507331677923,0.21011904825800878,-0.083258396235332,17.104228504817815,25001000.0,26.263092170466933
G1209,90.05738855352256,23.69401767342132,0.2319336367744864,-0.1000982824407981,17.104228504817815,25001000.0,25.775549185056207
G12091,90.5108724854545,23.708508400530388,0.0697125655084937,-0.013719331949530114,17.104228504817815,25001000.0,27.98192063312785
G12092,90.51127196001131,23.71011894031321,0.042412187821675294,-0.04461243549609652,17.104228504817815,25001000.0,25.05452268084051
G1210,90.05728736655676,23.6985280121305,0.2499033002258044,-0.1112090653589791,17.104228504817815,25001000.0,25.69389363027548
G1211,90.05718615448738,23.703038347805,0.25262439703871,-0.10825146599352581,17.104228504817815,25001000.0,25.729713604082058
G1212,90.05708491731056,23.707548680444333,0.25070251167786856,-0.11150273280249061,17.104228504817815,25001000.0,25.69389363027548
G1213,90.05698365502249,23.712059010047984,0.25640006632669077,-0.12304698341538481,17.104228504817815,25001000.0,25.72744002958536
G1214,90.05688236761934,23.716569336615475,0.25211094017474117,-0.11535269490086451,17.104228504817815,25001000.0,25.66503482291432
G1215,90.05678105509729,23.72107966014631,0.21510404727267,-0.0835805449261478,17.104228504817815,25001000.0,26.263092170466933
G1216,90.05636468827326,23.72494888393223,0.2256770536969194,-0.0996451051992622,17.104228504817815,25001000.0,25.748945217461223
G1268,90.05171481471689,23.961358132713155,0.26856526076572945,-0.12217693811434821,17.104228504817815,25001000.0,25.67891005972506
G1269,90.05127277087882,23.964632607729623,0.22236069366771738,-0.11003593849531271,15.894675259149636,25001000.0,25.570657141656177
G1270,90.05117007089346,23.969142763486506,0.2096488723864115,-0.0777389525881032,17.104228504817815,25001000.0,26.379864906911237
G1271,90.05106734557312,23.9736529161792,0.2307346808868363,-0.11774865062100291,16.02482451288094,25001000.0,25.537080268946983
G1272,90.05096459491388,23.97816306580721,0.21104104341829008,-0.1017407276120283,17.104228504817815,25001000.0,25.671756418260784
G1273,90.05086181891187,23.98267321237004,0.1972580208209109,-0.1042426095719524,16.29527227407496,25001000.0,25.505664193085586
G1274,90.05093701337921,23.987005250358145,0.1943058818310291,-0.10787628231577011,17.104228504817815,25001000.0,25.65429052627412
G1275,90.05216604077,23.9913554166969,0.3075133499846622,-0.1514475743153357,16.135013274952907,25001000.0,25.78819208253224
G1276,90.04904588862166,23.99736060358227,0.2650767824719438,-0.12301645800807831,17.104228504817815,25001000.0,25.72292643465506
G1277,90.05028929091134,24.00094443941272,0.22651250247015728,-0.10170290389117191,17.104228504817815,25001000.0,25.59354252915738
G1278,90.05034755862373,24.005223899189453,0.2333012396893305,-0.09430835043569431,16.041777980835292,25001000.0,25.86348048444494
G1279,90.05024463048315,24.00973402735095,0.2295584793981233,-0.10311086976089971,17.104228504817815,25001000.0,25.665163232023794
G1280,90.05014167697252,24.014244152443844,0.2378946289633108,-0.10932623501698341,16.001296697412812,25001000.0,25.51992803466866
G1281,90.05003869808787,24.018754274467632,0.28256217536033085,-0.11994927326465121,17.104228504817815,25001000.0,26.016065493769116
G1282,90.04993569382533,24.02326439342185,0.26920275984264236,-0.12117141649174891,15.674078244224207,25001000.0,25.546840809631
G1283,90.04988085920682,24.027387055472875,0.28644979992234076,-0.13346354297557772,17.104228504817815,25001000.0,25.814461022909512
G1298,90.06551721826813,23.569278983811195,-0.02275716213898351,-0.03908240894967351,17.104228504817815,25001000.0,23.430851056557678
G1299,90.06500448539272,23.57232993982495,-0.0045222906919808094,0.012909015202919986,17.104228504817815,25001000.0,25.591057897981166
G1300,90.06490414149619,23.576840380091888,-0.06315192653359651,-0.07416970993509811,17.104228504817815,25001000.0,21.700787370240402
G1301,90.06480377264008,23.58135081733877,-0.04396278699104741,-0.06433776393510901,17.104228504817815,25001000.0,21.84659208622536
G1302,90.06470337882064,23.585861251565124,0.02061141725031789,0.024216515477882585,17.104228504817815,25001000.0,27.04822190506533
G1303,90.0646029600341,23.59037168277043,0.04356865505995809,-0.020480400172099514,17.104228504817815,25001000.0,27.160006142126022
G1304,90.06450251627663,23.594882110954217,0.01807012773256389,-0.005621634632319414,17.104228504817815,25001000.0,25.859853653702547
G1305,90.06440204754446,23.599392536115968,-0.01554622973493531,-0.03426162169908251,17.104228504817815,25001000.0,23.807135091622712
G1306,90.06430155383384,23.60390295825521,-0.04842755420306421,-0.0692958283387072,17.104228504817815,25001000.0,21.750308968712368
G1307,90.06420103514097,23.60841337737145,-0.05817787146489281,-0.06969452728744081,17.104228504817815,25001000.0,21.700787370240402
G1308,90.06410049146206,23.612923793464184,-0.05454964993453401,-0.0734701825462615,17.104228504817815,25001000.0,21.700787370240402
G1309,90.0639999227933,23.61743420653292,-0.049891682252495906,-0.0759662644383704,17.104228504817815,25001000.0,21.687764523942704
G1310,90.06389932913093,23.62194461657716,-0.0013632271359082094,-0.07440856721035871,17.104228504817815,25001000.0,22.672989203436252
G1311,90.06379871047115,23.626455023596417,0.2028446075674259,-0.0950788029309285,17.104228504817815,25001000.0,25.855998022789585
G1312,90.06369806681016,23.6309654275902,0.22060440675327,-0.09678508914757,17.104228504817815,25001000.0,25.79747845733949
G1313,90.06359739814418,23.63547582855801,0.2100560107755278,-0.0917490774588347,17.104228504817815,25001000.0,25.870946401491487
G1314,90.0634967044694,23.63998622649937,0.21981193221701228,-0.09997070961934441,17.104228504817815,25001000.0,25.729839101955104
G1315,90.06339598578205,23.64449662141376,0.2265223678956325,-0.08240056785191921,17.104228504817815,25001000.0,26.36590772223259
G1316,90.06329524207833,23.64900701330071,0.2194550736522031,-0.0887612621788732,17.104228504817815,25001000.0,26.01807513635324
G1317,90.0631944733544,23.65351740215972,0.2109764363107965,-0.050578106281084514,17.104228504817815,25001000.0,27.102046946484776
G1318,90.06309367960652,23.65802778799028,0.2107557773857132,-0.05925070662540501,17.104228504817815,25001000.0,27.05605005969106
G1319,90.06299286083085,23.66253817079192,0.26449831822568015,-0.12367125543520491,17.104228504817815,25001000.0,25.70685455227936
G1320,90.0628920170236,23.667048550564147,0.2364489172297082,-0.1167928311683135,14.818993667109822,25001000.0,25.436239463787356
G1321,90.06279114818096,23.67155892730645,0.217724738163172,-0.0858339057296177,17.104228504817815,25001000.0,26.178236177975197
G1322,90.06269025429914,23.67606930101834,0.2347442280723662,-0.09965373445586591,15.80413092201175,25001000.0,25.665664229531203
G1323,90.06258933537433,23.680579671699338,0.2367721014347076,-0.1025174047454391,17.104228504817815,25001000.0,25.581311373359007
G1324,90.06248839140272,23.685090039348943,0.2376445648261392,-0.1048836542626991,16.12854268671768,25001000.0,25.51992803466866
G1325,90.06238742238052,23.68960040396665,0.2385644997825314,-0.10433459202075471,17.104228504817815,25001000.0,25.643104796371258
G1326,90.06228642830388,23.694110765552,0.21317774568786288,-0.0793538210511613,16.014182072906888,25001000.0,26.117173144470815
G1327,90.06218540916903,23.698621124104463,0.2385514593545782,-0.10358581833127621,17.104228504817815,25001000.0,25.643104796371258
G1328,90.06208436497212,23.70313147962357,0.2496998129123919,-0.1176265013126187,16.003088905205033,25001000.0,25.57086563419181
G1329,90.06198329570938,23.707641832108827,0.25124342473432926,-0.12057938936056091,17.104228504817815,25001000.0,25.676595606426684
G1330,90.06188220137697,23.71215218155972,0.26080796014478497,-0.1167868488405358,16.20708890520504,25001000.0,25.57270399166743
G1331,90.0617810819711,23.71666252797577,0.25015640975995906,-0.11073186677425831,17.104228504817815,25001000.0,25.7124236481455
G1332,90.06167993748791,23.7211728713565,0.2188108843370594,-0.08173547615834571,16.361088905205037,25001000.0,26.11475021982904
G1333,90.06165738652282,23.72445049640442,0.20126912372573488,-0.09757863224578821,17.104228504817815,25001000.0,25.740019131050214
G1385,90.05651115234724,23.96087990067583,0.2577626971046367,-0.10973251685201221,17.104228504817815,25001000.0,25.761828864222696
G1386,90.05618078932186,23.9647268928092,0.21975349005759648,-0.10503326791190791,17.104228504817815,25001000.0,25.67641737314364
G1387,90.0560782596732,23.96923706848933,0.1379424020106494,-0.017741069679312212,17.104228504817815,25001000.0,27.939921461976525
G1388,90.05597570473151,23.97374724110661,0.2219090279127299,-0.11563248877699811,17.104228504817815,25001000.0,25.693833903358776
G1389,90.0558731244929,23.97825741066056,0.21828848682307808,-0.1033930651444236,17.104228504817815,25001000.0,25.67641737314364
G1390,90.0557705189535,23.98276757715067,0.2416294107355863,-0.1241379319024907,17.104228504817815,25001000.0,25.616463450143357
G1391,90.05566788810938,23.987277740576467,0.26057386738251737,-0.1186928012442838,17.104228504817815,25001000.0,25.7052004142344
G1392,90.05556523195669,23.991787900937457,0.2502175113437583,-0.11914534633722941,17.104228504817815,25001000.0,25.676595606426684
G1393,90.05623312888635,23.99570280581229,0.266464480781706,-0.1149550234666485,17.104228504817815,25001000.0,25.681892821231443
G1394,90.0555221524815,24.00122249612713,0.2583057742983191,-0.11599844534818801,17.104228504817815,25001000.0,25.714440038991516
G1395,90.0552571116081,24.005318363626674,0.2354984196328124,-0.0877488586633936,17.104228504817815,25001000.0,26.254619789965766
G1396,90.05515435418208,24.009828511723526,0.2699799728438771,-0.1227331314413068,17.104228504817815,25001000.0,25.852280284191153
G1397,90.05505157142801,24.014338656753125,0.25525046932095247,-0.11093470776848971,17.104228504817815,25001000.0,25.778623067694376
G1398,90.05494876334195,24.01884879871497,0.24830833759670048,-0.0967362727342544,17.104228504817815,25001000.0,26.010353185113082
G1399,90.05484592992003,24.02335893760859,0.2377156781090545,-0.09800184554847961,17.104228504817815,25001000.0,25.858199466545283
G1400,90.05477264470146,24.02770733610376,0.23157353244456458,-0.09689062843558421,17.104228504817815,25001000.0,25.885424240808984
G1415,90.07021354063737,23.568476596591484,-0.04056461315677571,-0.0697450560409862,18.172660333776463,25001000.0,21.84072233879727
G1416,90.06989786938793,23.572422342972,-0.04493761239270021,-0.0701283274029741,17.104228504817815,25001000.0,21.84072233879727
G1417,90.0697976922059,23.5769328030138,-0.06529182298537431,-0.06863314865624441,19.017660333776487,25001000.0,21.81764659640139
G1418,90.06969749010571,23.581443260036867,-0.055392769923446605,-0.06916881188474601,17.104228504817815,25001000.0,21.700787370240402
G1419,90.06959726308361,23.585953714040706,-0.0633941503379862,-0.07126869180373191,18.803542686717638,25001000.0,21.828113126600066
G1420,90.06949701113578,23.590464165024805,-0.060633214935598104,-0.0723478198120822,17.104228504817815,25001000.0,21.700787370240402
G1421,90.0693967342585,23.594974612988697,-0.05929377159812371,-0.07030413310918311,18.494078244224198,25001000.0,21.700787370240402
G1422,90.06929643244797,23.59948505793188,-0.060167460506000206,-0.0696740328139966,17.104228504817815,25001000.0,21.700787370240402
G1423,90.06919610570039,23.60399549985384,-0.060199241917643115,-0.0691062744101186,19.17169018452276,25001000.0,21.81764659640139
G1424,90.06909575401201,23.608505938754124,-0.05450332787178301,-0.07205109018090211,17.104228504817815,25001000.0,21.700787370240402
G1425,90.06899537737904,23.613016374632203,-0.04828092456989981,-0.07576787198558241,18.710013274952956,25001000.0,21.87763472507203
G1426,90.0688949757977,23.617526807487607,-0.00405020389452751,-0.06805363001793191,17.104228504817815,25001000.0,22.713662423933407
G1427,90.0687945492642,23.622037237319827,0.1486772285821651,-0.03982511976780941,18.113248569070578,25001000.0,27.294507075405726
G1428,90.06869409777475,23.62654766412838,0.22505175852690149,-0.0953181436506602,17.104228504817815,25001000.0,25.88119238319722
G1429,90.0685936213256,23.631058087912766,0.2224325544405111,-0.0941658561176817,16.840943915866006,25001000.0,25.84763400323385
G1430,90.06849311991292,23.6355685086725,0.2235326809823253,-0.09860161368339261,17.104228504817815,25001000.0,25.77956250813487
G1431,90.06839259353293,23.64007892640709,0.2340968036769896,-0.1039395304240335,16.347212572582436,25001000.0,25.526204268385207
G1432,90.06829204218188,23.64458934111603,0.1906498423587368,-0.05496975016247281,17.104228504817815,25001000.0,26.92937247426043
G1433,90.06819146585593,23.64909975279884,0.1762691039455696,-0.05692080130376141,15.77318272183615,25001000.0,26.738214046174228
G1434,90.06809086455132,23.653610161455017,0.24384637345207208,-0.0831182206685422,17.104228504817815,25001000.0,26.49541751337315
G1435,90.06799023826424,23.65812056708408,0.2206842195796048,-0.07061269597547051,15.057660333776454,25001000.0,26.37336047720396
G1436,90.06788958699092,23.662630969685523,0.243943805891055,-0.09967272703091161,17.104228504817815,25001000.0,25.645619816106016
G1437,90.06778891072753,23.66714136925887,0.2465681191074586,-0.10783899021710601,14.928349988948893,25001000.0,25.464552297156207
G1438,90.0676882094703,23.671651765803613,0.2157342028161108,-0.0893025095910587,17.104228504817815,25001000.0,25.874131397695763
G1439,90.06758748321542,23.67616215931927,0.2321598197769842,-0.1043562601499815,16.01915287108991,25001000.0,25.526204268385207
G1440,90.0674867319591,23.680672549805347,0.2153631474947901,-0.0942458276306196,17.104228504817815,25001000.0,25.839229442799397
G1441,90.06738595569752,23.685182937261345,0.2363744581088671,-0.10795813411797191,16.282877725080848,25001000.0,25.51992803466866
G1442,90.06728515442691,23.68969332168677,0.2598462484752594,-0.1211637262599344,17.104228504817815,25001000.0,25.7052004142344
G1443,90.06718432814344,23.694203703081147,0.20841711620434258,-0.09982185429981841,16.311391677060072,25001000.0,25.580139578022884
G1444,90.06708347684331,23.698714081443963,0.23404865905370678,-0.10340055493166,17.104228504817815,25001000.0,25.649381030087806
G1445,90.06698260052272,23.703224456774745,0.239823485015215,-0.1097464385805659,17.104228504817815,25001000.0,25.643104796371258
G1446,90.06688169917788,23.707734829072983,0.2412522451567019,-0.1135187851936109,17.104228504817815,25001000.0,25.643104796371258
G1447,90.06678077280496,23.71224519833818,0.27142870570163025,-0.1323563939619092,17.104228504817815,25001000.0,25.800933066620235
G1448,90.06667982140016,23.71675556456988,0.25531148003825666,-0.1250674097017618,17.104228504817815,25001000.0,25.709617914160532
G1449,90.06657884495965,23.72126592776756,0.2296009164214666,-0.1050265514180565,17.104228504817815,25001000.0,25.665163232023794
G1450,90.066827429947,23.72478402064157,0.2205856796509953,-0.12309735854093701,17.104228504817815,25001000.0,25.659874815599196
G1500,90.06371018253522,23.95052930021759,0.30072764505976657,-0.1311801722277317,17.104228504817815,25001000.0,25.88860067809458
G1501,90.06060224155578,23.957902139089523,0.25323298192720506,-0.0991007967752662,17.104228504817815,25001000.0,26.001418575906445
G1502,90.06111124298876,23.96039191704712,0.25289276729894755,-0.11829981147212,17.104228504817815,25001000.0,25.675910823476094
G1503,90.06108883305403,23.96482102130775,0.1884432404078369,-0.09215065138501281,15.911690184522712,25001000.0,25.703753265955335
G1504,90.06098647374596,23.969331216878068,0.18640479183103828,-0.060504217401988615,16.035539121655262,25001000.0,26.67406016473162
G1505,90.06088408918683,23.97384140938688,0.2289914515996352,-0.11238298351429471,17.104228504817815,25001000.0,25.665163232023794
G1506,90.06078167937274,23.97835159883369,0.2096274347249442,-0.11517654121594731,16.209478515594668,25001000.0,25.513426043033824
G1507,90.06067924429982,23.98286178521802,0.2083159341087033,-0.0818552613221056,17.104228504817815,25001000.0,26.263092170466933
G1508,90.06057678396417,23.98737196853937,0.26315676648861164,-0.11472112793954521,16.251573377254743,25001000.0,25.58367310435218
G1509,90.06047429836192,23.991882148797263,0.208820430564675,-0.0794696788033722,17.104228504817815,25001000.0,26.3171695750755
G1510,90.06037178748917,23.9963923259912,0.2330290944691888,-0.0982710097547516,16.319979174356178,25001000.0,25.740206805864222
G1511,90.06026925134205,24.00090250012069,0.2394505991020762,-0.09511448237845681,17.104228504817815,25001000.0,26.019653833912166
G1512,90.06016668991666,24.00541267118525,0.26240405233162817,-0.1106347842395229,16.01413092201173,25001000.0,25.72778313793674
G1513,90.0600641032091,24.009922839184387,0.27369992316046526,-0.1137898613153066,17.104228504817815,25001000.0,25.9380440068109
G1514,90.05996149121549,24.01443300411761,0.26687023262905807,-0.11567734672612831,15.829781545897646,25001000.0,25.634547014891055
G1515,90.05985885393191,24.018943165984428,0.28206764968020576,-0.12545057493107772,17.104228504817815,25001000.0,25.892989641372047
G1516,90.05975619135451,24.02345332478436,0.1803861456289863,-0.07704662670804131,15.911777980835296,25001000.0,26.069714874127698
G1517,90.05966891364179,24.02794692779894,0.2142233200632338,-0.08169610491015361,17.104228504817815,25001000.0,26.263092170466933
G1518,90.06030167364663,24.030306473060563,0.18001436812231741,-0.06846747857195189,17.104228504817815,25001000.0,26.485811326347566
G1531,90.07620447372626,23.56457507024645,0.0641978859754311,-0.018890926545198312,17.104228504817815,25001000.0,27.604457156480542
G1532,90.07490696644622,23.56802066444257,-0.04044505987350681,-0.05944730601662961,17.104228504817815,25001000.0,22.018012474569087
G1533,90.07479127829752,23.57251459240256,-0.05431320436410931,-0.0638378659535171,17.104228504817815,25001000.0,21.69585425121528
G1534,90.07469126783376,23.57702507218636,-0.0634776030523116,-0.06581122434703501,17.104228504817815,25001000.0,21.70665711766849
G1535,90.07459123249326,23.58153554895273,-0.06424993935524521,-0.0674828680319038,17.104228504817815,25001000.0,21.610011747635834
G1536,90.07449117227226,23.58604602270118,-0.06378942972465551,-0.06611620012857711,17.104228504817815,25001000.0,21.70665711766849
G1537,90.07439108716696,23.590556493431205,-0.0642498418346831,-0.06593199786167611,17.104228504817815,25001000.0,21.70665711766849
G1538,90.07429097717365,23.59506696114233,-0.0637148106500502,-0.06652149714063221,17.104228504817815,25001000.0,21.70665711766849
G1539,90.07419084228847,23.599577425834045,-0.0617327959120513,-0.06682870757654111,17.104228504817815,25001000.0,21.70665711766849
G1540,90.07409068250774,23.60408788750586,-0.05695898423895701,-0.0684042245732397,17.104228504817815,25001000.0,21.700787370240402
G1541,90.07399049782764,23.608598346157294,-0.050729558384576705,-0.07374426100927521,17.104228504817815,25001000.0,21.700787370240402
G1542,90.0738902882444,23.61310880178784,-0.004741195170025509,-0.0634005300648307,17.104228504817815,25001000.0,22.83572482648847
G1543,90.07379005375424,23.61761925439702,0.17504716196694528,-0.0764172548921444,17.104228504817815,25001000.0,26.30644199374155
G1544,90.0736897943534,23.62212970398433,0.2113192442686234,-0.08882658891055471,17.104228504817815,25001000.0,25.97495389599571
G1545,90.07358951003808,23.626640150549274,0.2189473422202424,-0.09326483077143201,17.104228504817815,25001000.0,25.899119263147114
G1546,90.07348920080452,23.631150594091373,0.2186523830798643,-0.0988998754781928,17.104228504817815,25001000.0,25.762145977919733
G1547,90.07338886664894,23.63566103461013,0.22668978152161048,-0.10195331125883651,17.104228504817815,25001000.0,25.712989380636422
G1548,90.07328850756755,23.640171472105045,0.2279866434473673,-0.0881356732873806,17.104228504817815,25001000.0,26.16827478722403
G1549,90.07318812355658,23.644681906575627,0.19649919827913478,-0.0903203349044048,17.104228504817815,25001000.0,25.87647838175534
G1550,90.0730877146122,23.6491923380214,0.20789018288624278,-0.0688345620312354,17.104228504817815,25001000.0,26.569162061934477
G1551,90.0729872807307,23.65370276644185,0.2357401561729779,-0.08547658337968601,17.104228504817815,25001000.0,26.334784893379332
G1552,90.07288682190824,23.65821319183649,0.24998952856479628,-0.08712168102577,17.104228504817815,25001000.0,26.393808562784667
G1553,90.07278633814104,23.662723614204847,0.2670366037182615,-0.1100253794224382,17.104228504817815,25001000.0,25.880080133993587
G1554,90.07268582942532,23.6672340335464,0.26081120388409385,-0.12276238361621371,17.104228504817815,25001000.0,25.709432630377393
G1555,90.07258529575728,23.671744449860668,0.2274766313974658,-0.09766764224371251,17.104228504817815,25001000.0,25.781252093425852
G1556,90.07248473713314,23.67625486314717,0.2459912370232032,-0.11419403431655001,17.104228504817815,25001000.0,25.62618748803936
G1557,90.0723841535491,23.68076527340541,0.23366873055004708,-0.0938504730583579,17.104228504817815,25001000.0,25.973365439969943
G1558,90.07228354500135,23.68527568063488,0.25625726840547747,-0.1112159884314037,17.104228504817815,25001000.0,25.760093049824356
G1559,90.07218291148614,23.68978608483509,0.2522095824818867,-0.11812762324154971,17.104228504817815,25001000.0,25.675910823476094
G1560,90.07208225299964,23.69429648600558,0.2481289205266688,-0.1125173413126059,17.104228504817815,25001000.0,25.62618748803936
G1561,90.07198156953807,23.69880688414582,0.23432531891039138,-0.1013881795398273,17.104228504817815,25001000.0,25.77590901245869
G1562,90.0718808610976,23.703317279255334,0.23592513866902678,-0.09823722890406031,16.023088905205014,25001000.0,25.749647667014777
G1563,90.07178012767444,23.70782767133363,0.25916340176804886,-0.1168612105045536,17.104228504817815,25001000.0,25.692749123103493
G1564,90.07167936926483,23.71233806038021,0.26416216608908394,-0.11906402600202161,16.09679076855909,25001000.0,25.575646675331352
G1565,90.0715785858649,23.7168484463946,0.2281677639392393,-0.11059236872294591,17.104228504817815,25001000.0,25.665163232023794
G1566,90.07142320448473,23.721272310342624,0.23955710944236208,-0.1139217336935249,16.326517476633654,25001000.0,25.51992803466866
G1567,90.06946572389087,23.725116407751923,0.2513610218195348,-0.1290516463138919,17.104228504817815,25001000.0,25.67778267178642
G1607,90.0692114575979,23.90781689389805,0.11526277848213379,-0.0013289180218767137,17.104228504817815,25001000.0,28.487353691101713
G1608,90.06848337617613,23.91104908792828,0.14740335039521618,-0.023816902811592513,16.588095116385176,25001000.0,27.693961181719104
G1609,90.06808333647948,23.9152949394974,0.2160982749531755,-0.0711806003215359,17.104228504817815,25001000.0,26.418636311164505
G1610,90.06860759112553,23.91848708421832,0.23139064310510038,-0.08585196574155951,17.104228504817815,25001000.0,26.305688311389442
G1612,90.06802439114442,23.92928277279852,0.23736420241063688,-0.09681017874718231,17.104228504817815,25001000.0,25.917252370822826
G1613,90.06768251519759,23.9332725162842,0.26588946020973747,-0.10684540627059591,17.104228504817815,25001000.0,25.863905029573072
G1614,90.06811419710941,23.937641732998763,0.28158030560795116,-0.11980834957824,17.104228504817815,25001000.0,26.016065493769116
G1615,90.06809596206786,23.942635731690043,0.2454730267329437,-0.0995724721110251,17.104228504817815,25001000.0,25.901471087351666
G1616,90.06704133545891,23.947159877635123,0.2426156412324308,-0.09888604720060501,17.104228504817815,25001000.0,25.84319505585045
G1617,90.06644500676022,23.951145476813625,0.2341367380618295,-0.08844068080217021,17.104228504817815,25001000.0,26.21286012004066
G1618,90.06856499165667,23.953747925537183,0.18001436812231741,-0.06846747857195189,17.104228504817815,25001000.0,26.485811326347566
G1619,90.06596224166367,23.961371675274783,0.2306037606467892,-0.11056262663059471,17.104228504817815,25001000.0,25.649381030087806
G1620,90.06599690203339,23.96491499322204,0.19464335702565588,-0.0825185209481752,17.104228504817815,25001000.0,26.19903289716122
G1621,90.0658947130698,23.96942520864949,0.21528926591001318,-0.1013871195401685,17.104228504817815,25001000.0,25.67473106005633
G1622,90.0657924988971,23.973935421016765,0.23224808757624968,-0.1135315785036092,17.104228504817815,25001000.0,25.649381030087806
G1623,90.06569025951141,23.97844563032339,0.2055855387367453,-0.0831800759021387,17.104228504817815,25001000.0,26.230647918741546
G1624,90.06558799490885,23.982955836568863,0.22303754548070978,-0.0874012571964482,17.104228504817815,25001000.0,26.077298835468127
G1625,90.06548570508556,23.987466039752704,0.2258666260814023,-0.08787397488840051,17.104228504817815,25001000.0,26.183324124180857
G1626,90.06538339003764,23.991976239874425,0.20298818803529828,-0.0743979605001655,17.104228504817815,25001000.0,26.35719268582975
G1627,90.06528104976123,23.99648643693353,0.1899116629931644,-0.0658452775620512,17.104228504817815,25001000.0,26.617062234709934
G1628,90.06517868425242,24.000996630929546,0.2348663311741225,-0.0941601030863369,17.104228504817815,25001000.0,25.973365439969943
G1629,90.06507629350736,24.00550682186196,0.27450469853980286,-0.1182017137508604,17.104228504817815,25001000.0,25.836877454679712
G1630,90.06497387752215,24.01001700973029,0.27515101281275467,-0.1149016404114611,17.104228504817815,25001000.0,25.967613524466874
G1631,90.06487143629289,24.01452719453406,0.27177788257827656,-0.11965983946745071,17.104228504817815,25001000.0,25.891538247326732
G1632,90.06476896981572,24.019037376272763,0.27659499726739945,-0.1238403322084972,17.104228504817815,25001000.0,25.849430391510356
G1633,90.06466647808674,24.02354755494593,0.22147105010862,-0.0904596626074398,17.104228504817815,25001000.0,25.937016152328006
G1634,90.06464802202603,24.027943143176955,0.2292752234105066,-0.10671427749158471,17.104228504817815,25001000.0,25.665163232023794
G1635,90.06590219447739,24.032541132147944,0.2136013831488517,-0.1093103983468079,17.104228504817815,25001000.0,25.637521946283933
G1636,90.06591360099691,24.03600436467576,0.2493071607893983,-0.1049354561889521,17.104228504817815,25001000.0,25.80382880663849
G1648,90.07987695903005,23.5638108689491,0.0732187257839832,0.08829831931795859,17.104228504817815,25001000.0,31.233412274975436
G1649,90.0797845309902,23.56809618560493,0.05973880347312379,0.07742192348217489,17.688108094970488,25001000.0,30.00976134503361
G1650,90.07968471208008,23.572606688113485,-0.003089463895491909,-0.013622137031689213,17.104228504817815,25001000.0,25.158026198720457
G1651,90.07958486833836,23.57711718760641,-0.03419408894603041,-0.06350833719478871,18.76236621612938,25001000.0,22.179051242713033
G1652,90.07948499976132,23.581627684083227,-0.05630051827669421,-0.065086294198513,17.104228504817815,25001000.0,21.70665711766849
G1653,90.0793851063452,23.58613817754341,-0.06481455768069351,-0.06416382984699032,19.547366216129404,25001000.0,21.82351634382948
G1654,90.0792851880862,23.59064866798648,-0.0645638751990924,-0.06520359010733541,17.104228504817815,25001000.0,21.70665711766849
G1655,90.0791852449806,23.595159155411945,-0.062682843756117,-0.066559531299169,19.41258570691079,25001000.0,21.82351634382948
G1656,90.0790852770246,23.599669639819325,-0.05848531765499271,-0.06748960148807721,17.104228504817815,25001000.0,21.610011747635834
G1657,90.07898528421444,23.604180121208103,-0.05432984027400781,-0.07110823624399391,18.5439289904929,25001000.0,21.828113126600066
G1658,90.0788852665464,23.608690599577805,-0.025356519952368508,-0.0668861518928521,17.104228504817815,25001000.0,22.457353953841587
G1659,90.07878522401668,23.61320107492794,0.145351534858199,-0.04356580735438161,17.63913092201173,25001000.0,27.22963771666314
G1660,90.07868515662148,23.617711547258,0.2218959003359168,-0.09383651971443961,17.104228504817815,25001000.0,25.91653579336225
G1661,90.07858506435709,23.622222016567505,0.2297828572277931,-0.09730985769688771,17.020307392600017,25001000.0,25.899675564259702
G1662,90.07848494721968,23.62673248285596,0.22677534775442598,-0.0973776001646025,17.104228504817815,25001000.0,25.81658457284561
G1663,90.0783848052055,23.63124294612287,0.2212692458189992,-0.08986556004178951,16.667660333776467,25001000.0,25.85175776163267
G1664,90.0782846383108,23.63575340636774,0.2270257487987227,-0.1000843938481027,17.104228504817815,25001000.0,25.748945217461223
G1665,90.07818444653178,23.640263863590096,0.238025351989813,-0.1086880854422603,16.30482451288097,25001000.0,25.51992803466866
G1666,90.07808422986466,23.644774317789423,0.21430665088084508,-0.09349817189921891,17.104228504817815,25001000.0,25.839229442799397
G1667,90.07798398830566,23.64928476896525,0.1966982218815156,-0.08927890203010261,15.87919879531492,25001000.0,25.7386552208517
G1668,90.07788372185102,23.65379521711706,0.2097545581728309,-0.0911641780498074,17.104228504817815,25001000.0,25.87647838175534
G1669,90.07778343049696,23.658305662244377,0.2349013287747891,-0.08431852678474411,15.470472833776482,25001000.0,26.48880683336707
G1670,90.07768311423968,23.66281610434672,0.23565834186370868,-0.0969452245992866,17.104228504817815,25001000.0,25.89486510195954
G1671,90.07758277307542,23.66732654342358,0.2516235122122874,-0.1120508861922721,15.313398038694485,25001000.0,25.58703386782249
G1672,90.07748240700036,23.67183697947446,0.2310344949547055,-0.09303763430024731,17.104228504817815,25001000.0,25.973365439969943
G1673,90.07738201601076,23.676347412498885,0.2511450685450374,-0.1085259447146801,16.130197647209314,25001000.0,25.60653684237946
G1674,90.0772816001028,23.68085784249635,0.2507599292997161,-0.1146340565871957,17.104228504817815,25001000.0,25.66503482291432
G1675,90.0771811592727,23.685368269466377,0.2452701719005723,-0.1093738949154157,16.282877725080848,25001000.0,25.50301072633676
G1676,90.07708069351668,23.68987869340846,0.23972106521367678,-0.1141912037841114,17.104228504817815,25001000.0,25.643104796371258
G1677,90.07698020283092,23.694389114322124,0.2383175023731347,-0.10930059272106331,16.388872454988615,25001000.0,25.51992803466866
G1678,90.07687968721169,23.69889953220686,0.2406316419553407,-0.11367313036813931,17.104228504817815,25001000.0,25.643104796371258
G1679,90.07677914665514,23.703409947062184,0.2394611517320365,-0.1138525688943163,15.953182721836159,25001000.0,25.51992803466866
G1680,90.0766785811575,23.70792035888761,0.25078457797309517,-0.1111478684658414,17.104228504817815,25001000.0,25.7124236481455
G1681,90.07657799071497,23.71243076768263,0.26029168883538534,-0.11260988891957731,15.883374619490752,25001000.0,25.650330102083508
G1682,90.07648222165234,23.71690907623369,0.24807897387518288,-0.0979826245036717,17.104228504817815,25001000.0,25.95130028083554
G1683,90.07504875168674,23.72078147258393,0.2231244108746538,-0.1010303532892762,17.104228504817815,25001000.0,25.747615459572724
G1724,90.07226541928505,23.90707087045069,0.1423618279420505,-0.019719659253920215,17.104228504817815,25001000.0,27.980751828283694
G1725,90.07212725796994,23.91088574712023,0.1517027391527589,-0.021355758504315914,17.104228504817815,25001000.0,27.506813325162348
G1726,90.07202554105916,23.91539601903952,0.1556364534665265,-0.04460186841431171,17.104228504817815,25001000.0,27.230828617807333
G1727,90.0721558695206,23.91965971843449,0.2284562533975259,-0.0881501532340449,16.638803190919333,25001000.0,26.086011330813218
G1728,90.07369113386234,23.922630489417028,0.21884973605034788,-0.09684332620156841,17.104228504817815,25001000.0,25.79747845733949
G1729,90.07169700855995,23.92906517740396,0.24797641400565018,-0.09818247815645831,17.104228504817815,25001000.0,25.95130028083554
G1730,90.07161842216928,23.9334370761822,0.24144530837773928,-0.0955934611504782,16.296790768559077,25001000.0,25.830153377159462
G1731,90.07151657961583,23.93794733283181,0.2331865101569123,-0.08603270961974331,17.104228504817815,25001000.0,26.267269357601105
G1732,90.0714147119223,23.942457586426013,0.22734647500306368,-0.0795478318982855,16.3261897455412,25001000.0,26.197906983933585
G1733,90.07131281908482,23.946967836964333,0.23845127956768758,-0.0944653916321642,17.104228504817815,25001000.0,26.019653833912166
G1734,90.0712109010995,23.95147808444625,0.24735997015357258,-0.0972016337829118,16.09589562789412,25001000.0,25.904086653233794
G1735,90.0718867788488,23.95504256691732,0.2830540961140924,-0.1271107768092114,17.104228504817815,25001000.0,25.90776660601362
G1736,90.07095788512433,23.96133958610554,0.2457537930339126,-0.1109317193337672,15.986615557657075,25001000.0,25.50301072633676
G1737,90.07090499621799,23.965008808548863,0.2140306966572454,-0.07671600687498921,17.104228504817815,25001000.0,26.41182121964591
G1738,90.07080297760274,23.96951904380037,0.20128444625110908,-0.0895374689657018,16.2400845762007,25001000.0,25.7386552208517
G1739,90.07070093382035,23.97402927599305,0.2199942875593858,-0.0895663116798821,17.104228504817815,25001000.0,25.93402121804348
G1740,90.07059886486694,23.978539505126417,0.2410349197946791,-0.1025188699320778,16.24234783377645,25001000.0,25.45813461165641
G1741,90.07049677073863,23.983049731199976,0.24054194459956948,-0.10046665766286851,17.104228504817815,25001000.0,25.783656890212264
G1742,90.07039465143157,23.987559954213243,0.23661594023511529,-0.1024703720158706,16.29855585616454,25001000.0,25.45813461165641
G1743,90.07029250694187,23.99207017416572,0.2199720986494127,-0.09268959617084321,17.104228504817815,25001000.0,25.899119263147114
G1744,90.07019033726566,23.996580391056927,0.1946057341168413,-0.0849903900976645,16.44606613087788,25001000.0,25.98405581452957
G1745,90.07008814239907,24.00109060488637,0.20059678860346608,-0.08712182987218331,17.104228504817815,25001000.0,26.05835732843494
G1746,90.06998592233822,24.005600815653565,0.22559471407975748,-0.11419572195602551,16.114425039658812,25001000.0,25.541986470321195
G1747,90.06988367707923,24.010111023358025,0.2315512317843086,-0.08940775653964371,17.104228504817815,25001000.0,26.058058794482946
G1748,90.06978140661823,24.01462122799925,0.2778490174753285,-0.1230609640996544,15.808406602433221,25001000.0,25.77697012431223
G1749,90.06967911095133,24.019131429576763,0.27379206766718844,-0.11673308155522001,17.104228504817815,25001000.0,25.91635309092288
G1750,90.06957679007463,24.02364162809008,0.23457726550646169,-0.0965297577544415,16.050993667109793,25001000.0,25.77553928528398
G1751,90.06947444398429,24.02815182353869,0.2281350415080338,-0.0922493838152653,17.104228504817815,25001000.0,25.939146134466903
G1752,90.06895571150083,24.03214681788968,0.2109961803710265,-0.07715888942617931,17.104228504817815,25001000.0,26.41182121964591
G1753,90.06743613937758,24.03574468773949,0.2411436382952363,-0.1041446101861935,17.104228504817815,25001000.0,25.643104796371258
G1765,90.08453429638858,23.56430915099663,0.09951499280779119,0.06037544862133889,17.104228504817815,25001000.0,31.170182872469216
G1766,90.08467782291996,23.568188107918125,0.12627254349515968,0.032014804607714484,17.104228504817815,25001000.0,29.460461787470617
G1767,90.0845781706942,23.572698630101645,0.1152189615731442,0.04275071558005319,17.104228504817815,25001000.0,30.610533565832917
G1768,90.0844784936783,23.577209149270825,0.06544342098916618,0.029841026279982183,17.104228504817815,25001000.0,29.201495855795553
G1769,90.08437879186847,23.5817196654252,-0.03615822364177661,-0.048708954739535314,17.104228504817815,25001000.0,22.19926006614263
G1770,90.084279065261,23.586230178564247,-0.0623382738825914,-0.06426645051155071,17.104228504817815,25001000.0,21.70665711766849
G1771,90.08417931385203,23.59074068868749,-0.06278368721553101,-0.06554702622332341,17.104228504817815,25001000.0,21.70665711766849
G1772,90.08407953763792,23.59525119579442,-0.059108903517631005,-0.0667266127083901,17.104228504817815,25001000.0,21.70665711766849
G1773,90.08397973661486,23.59976169988457,-0.05290245825719481,-0.07102111543332201,17.104228504817815,25001000.0,21.700787370240402
G1774,90.0838799107791,23.60427220095744,-0.01053271236260231,-0.06365571944282641,17.104228504817815,25001000.0,22.65804018848142
G1775,90.08378006012688,23.60878269901253,0.137861273057271,-0.03719228346769481,17.104228504817815,25001000.0,27.463953580232758
G1776,90.0836801846544,23.613293194049344,0.1908917274061655,-0.06493373124054991,17.104228504817815,25001000.0,26.662687391538466
G1777,90.08358028435796,23.617803686067404,0.2095720063616288,-0.08557917616303061,17.104228504817815,25001000.0,26.16512639944349
G1778,90.08348035923376,23.622314175066208,0.2207414581170977,-0.09102883464587881,17.104228504817815,25001000.0,25.91959962211287
G1779,90.08338040927802,23.62682466104528,0.2234256178294557,-0.0966442681044061,17.104228504817815,25001000.0,25.814894987554627
G1780,90.083280434487,23.631335144004098,0.2160943138151053,-0.11519234146815581,17.104228504817815,25001000.0,25.620949503842382
G1781,90.08318043485696,23.6358456239422,0.23313390224037328,-0.11235026865629741,17.104228504817815,25001000.0,25.649381030087806
G1782,90.08308041038408,23.640356100859083,0.2370083959737997,-0.11098301958530021,17.104228504817815,25001000.0,25.643104796371258
G1783,90.0829803610646,23.64486657475425,0.2401587737670283,-0.10567327058162261,17.104228504817815,25001000.0,25.643104796371258
G1784,90.08288028689476,23.64937704562722,0.19229576039387228,-0.0885634807630395,17.104228504817815,25001000.0,25.991156999438555
G1785,90.08278018787078,23.65388751347749,0.2477640066178147,-0.0948461782294457,17.104228504817815,25001000.0,26.07830668332397
G1786,90.0826800639889,23.65839797830457,0.2167234786145427,-0.10003259922809321,17.104228504817815,25001000.0,25.674371232653847
G1787,90.08257991524532,23.662908440107994,0.24169623303794918,-0.10971550282492411,17.104228504817815,25001000.0,25.643104796371258
G1788,90.08247974163628,23.667418898887227,0.2427150681027713,-0.1045913236169705,17.104228504817815,25001000.0,25.643104796371258
G1789,90.082379543158,23.67192935464181,0.22384939220152178,-0.10057246663409801,17.104228504817815,25001000.0,25.63952423390486
G1790,90.08227931980672,23.67643980737124,0.2345850156076375,-0.08863615422115291,17.104228504817815,25001000.0,26.142112712792706
G1791,90.08217907157862,23.680950257075025,0.23163592672663438,-0.09430148705006851,17.104228504817815,25001000.0,25.973365439969943
G1792,90.08207879846996,23.68546070375268,0.2409978133891427,-0.1027912294593605,17.104228504817815,25001000.0,25.623202607095642
G1793,90.08197850047692,23.689971147403707,0.2454805445866192,-0.1158294316722975,17.104228504817815,25001000.0,25.62618748803936
G1794,90.08187817759573,23.694481588027624,0.2500518468327992,-0.10640166710580791,17.104228504817815,25001000.0,25.729713604082058
G1795,90.0817778298226,23.69899202562392,0.21210938525584508,-0.10368279028189101,17.104228504817815,25001000.0,25.65429052627412
G1796,90.08167745715376,23.703502460192126,0.21385550789923838,-0.10128565375394001,17.104228504817815,25001000.0,25.67473106005633
G1797,90.08157705958544,23.708012891731737,0.2643097963250234,-0.11710015191401921,17.104228504817815,25001000.0,25.68081412416393
G1798,90.0814766371138,23.71252332024227,0.25059769360840406,-0.10441908351929721,17.104228504817815,25001000.0,25.804227252090193
G1799,90.08157944380868,23.7168165772158,0.209679186472568,-0.0727638802251158,17.104228504817815,25001000.0,26.418636311164505
G1800,90.08259765971523,23.721326873657627,0.2194593591556388,-0.0828599650508332,17.104228504817815,25001000.0,26.239636642571693
G1801,90.08281954636982,23.72523755320244,0.25815162344145337,-0.1173199995321479,17.104228504817815,25001000.0,25.692749123103493
G1841,90.07596821147187,23.90764454830445,0.1889374931926271,-0.04256239582028781,17.104228504817815,25001000.0,27.344931993761893
G1842,90.07691668393696,23.91107820866729,0.22019409197648568,-0.0816181984951817,17.104228504817815,25001000.0,26.25988243351986
G1843,90.07693178930036,23.915489460162625,0.1869413302990819,-0.05650151776134931,16.895688502790534,25001000.0,26.926289373119058
G1844,90.0768302171598,23.919999748805296,0.2179777973868233,-0.1070298658847183,17.104228504817815,25001000.0,25.67641737314364
G1845,90.07683416769868,23.924475320018804,0.2443192869314817,-0.0943519751084703,16.57708062363153,25001000.0,25.900675956376386
G1846,90.07662702636064,23.92902034436061,0.23329838532234629,-0.0850769308876054,17.104228504817815,25001000.0,26.305688311389442
G1847,90.07652535022604,23.93353059641866,0.2215323684443066,-0.09278527828395071,16.48461685551561,25001000.0,25.81026926148296
G1848,90.07642367773128,23.93804087284994,0.2202359121320578,-0.08369297253167081,17.104228504817815,25001000.0,26.25988243351986
G1849,90.07632198013832,23.942551146227142,0.22405236043770468,-0.09195146798714471,16.531189745541184,25001000.0,25.832879602587614
G1850,90.07622025744332,23.94706141654979,0.2182111060594246,-0.07999546360649121,17.104228504817815,25001000.0,26.27620194899864
G1851,90.07611850964244,23.951571683817384,0.2166583314720395,-0.0772555293441102,17.104228504817815,25001000.0,26.41182121964591
G1852,90.0760442303881,23.95605871655613,0.25858699337055846,-0.1084436696794592,17.104228504817815,25001000.0,25.779118820159255
G1853,90.07606288975188,23.96068652182737,0.21711027387334939,-0.07899856116293051,17.104228504817815,25001000.0,26.327781109445404
G1854,90.07581311556586,23.965102467285,0.19316568589906788,-0.05778332338303741,17.104228504817815,25001000.0,26.92937247426043
G1855,90.07571126730284,23.969612722327515,0.2127878941351677,-0.08324998457853461,17.104228504817815,25001000.0,26.263092170466933
G1856,90.07560939391462,23.97412297431254,0.2005809213312127,-0.0713978915862881,17.104228504817815,25001000.0,26.325577664249426
G1857,90.07550749539736,23.97863322323958,0.2006181845087143,-0.0635491039489677,17.104228504817815,25001000.0,26.76707522859349
G1858,90.07540557174715,23.98314346910815,0.23373766160707568,-0.10869586288219181,17.104228504817815,25001000.0,25.649381030087806
G1859,90.0753036229602,23.98765371191776,0.19412813907176418,-0.0643479227877146,17.104228504817815,25001000.0,26.76204216937151
G1860,90.0752016490326,23.99216395166793,0.201177660764945,-0.08013277935709291,17.104228504817815,25001000.0,26.19903289716122
G1861,90.07509964996048,23.996674188358163,0.20072469737730309,-0.0728955664062334,17.104228504817815,25001000.0,26.325577664249426
G1862,90.07499762573998,24.00118442198797,0.1864302280440508,-0.05725791222011131,17.104228504817815,25001000.0,26.92937247426043
G1863,90.07489557636724,24.005694652556866,0.210333535942514,-0.0856326545453573,17.104228504817815,25001000.0,26.16512639944349
G1864,90.07479350183834,24.01020488006436,0.219990051153389,-0.07917379667183311,17.104228504817815,25001000.0,26.303804219513044
G1865,90.07469140214948,24.01471510450997,0.23926528675292588,-0.0918671813427994,17.104228504817815,25001000.0,26.055522968427738
G1866,90.07458927729672,24.0192253258932,0.2206278461641914,-0.0733834505258662,17.104228504817815,25001000.0,26.435847352009777
G1867,90.0744871272762,24.02373554421356,0.23544037292435,-0.09386512458340951,17.104228504817815,25001000.0,26.002462021959833
G1868,90.07438495208412,24.02824575947057,0.2427233113919847,-0.09808556557334591,17.104228504817815,25001000.0,25.84319505585045
G1869,90.07460239387004,24.032401686296428,0.2308022424442934,-0.09455485996038901,17.104228504817815,25001000.0,25.973365439969943
G1870,90.07540351733206,24.037383052966177,0.2461336853316058,-0.1047933456237534,17.104228504817815,25001000.0,25.700701136047496
G1871,90.07528831460114,24.04032581711584,0.2438201941988146,-0.10698393989717951,17.104228504817815,25001000.0,25.643104796371258
G1882,90.08831335360732,23.56528743970313,0.13517027712564558,-0.025546494519953614,17.104228504817815,25001000.0,27.619127221333706
G1883,90.08955726827392,23.56829348036624,0.1266891913334125,-0.009930966494704214,16.73589562789411,25001000.0,28.150638373232596
G1884,90.08947165409852,23.572790418363887,0.08587897752893199,0.023784920363096988,17.104228504817815,25001000.0,29.29585402688146
G1885,90.08937214381218,23.577300957176465,-0.028900465230164908,-0.053306544166992716,18.74913092201174,25001000.0,23.105811280481475
G1886,90.08927260877331,23.58181149297551,-0.05464963442527171,-0.0652743001861223,17.104228504817815,25001000.0,21.70665711766849
G1887,90.0891730489782,23.586322025760552,-0.06361813574485921,-0.06530204790916051,19.503033468104864,25001000.0,21.82351634382948
G1888,90.08907346442308,23.59083255553108,-0.060431293129970406,-0.06678830989452121,17.104228504817815,25001000.0,21.70665711766849
G1889,90.0889738551042,23.595343082286607,-0.05377303230345281,-0.07028648705944021,19.220346900940655,25001000.0,21.81764659640139
G1890,90.08887422101782,23.59985360602665,-0.01968509319853331,-0.060051089471492715,17.104228504817815,25001000.0,22.73849137024179
G1891,90.08877456216018,23.60436412675071,0.1251658772821803,-0.03917869668786971,17.29616779646304,25001000.0,27.340334696969823
G1892,90.08867487852751,23.6088746444583,0.2008029543567251,-0.07936915978034191,17.104228504817815,25001000.0,26.253110301769787
G1893,90.08857517011612,23.613385159148923,0.18620207361695498,-0.06643825446805261,16.788406602433184,25001000.0,26.508762751690725
G1894,90.08847543692217,23.617895670822083,0.2025376441799324,-0.0832991489992146,17.104228504817815,25001000.0,26.19903289716122
G1895,90.08837567894192,23.6224061794773,0.2230798250817721,-0.0877473759816357,16.535307392600004,25001000.0,25.97103230358884
G1896,90.08827589617164,23.62691668511407,0.227595020621948,-0.09167406704625701,17.104228504817815,25001000.0,25.954094513168805
G1897,90.08817608860758,23.63142718773192,0.2295878137443712,-0.11991615384110711,16.581839438254093,25001000.0,25.521616254059857
G1898,90.08807625624594,23.635937687330344,0.24830080790814768,-0.130338152392524,17.104228504817815,25001000.0,25.595164023222104
G1899,90.08797639908296,23.64044818390885,0.24544315740402728,-0.1107885615149448,16.46190275801891,25001000.0,25.50301072633676
G1900,90.0878765171149,23.64495867746696,0.2456965749411561,-0.0981849261673898,17.104228504817815,25001000.0,25.937532425443482
G1901,90.087776610338,23.64946916800417,0.2259968779156694,-0.0915997640684127,15.933720939837057,25001000.0,25.8442095576438
G1902,90.08767667874844,23.65397965551999,0.225635803106514,-0.08753062654570971,17.104228504817815,25001000.0,26.15445348037789
G1903,90.08757672234252,23.658490140013924,0.1900590523300429,-0.0969612548319044,15.844737256853392,25001000.0,25.618684902589262
G1904,90.08747674111645,23.6630006214855,0.20086297173165338,-0.0757075548349483,17.104228504817815,25001000.0,26.325577664249426
G1905,90.0873767350664,23.667511099934217,0.22053641125830328,-0.07560647344955461,15.811628587744764,25001000.0,26.115305163471056
G1906,90.08727670418868,23.67202157535957,0.21914742338548698,-0.0884181128221313,17.104228504817815,25001000.0,26.034278239796084
G1907,90.08717664847948,23.67653204776109,0.2401381352079744,-0.1000369370024282,16.126448212564323,25001000.0,25.67377193468726
G1908,90.08707656793504,23.68104251713828,0.24368720587790899,-0.1047443477275418,17.104228504817815,25001000.0,25.643104796371258
G1909,90.08697646255158,23.68555298349064,0.22999169962834018,-0.09670488604010431,16.349425039658826,25001000.0,25.706699617320606
G1910,90.0868763323253,23.690063446817675,0.2071191753148537,-0.09059465122784821,17.104228504817815,25001000.0,25.87647838175534
G1911,90.08677617725246,23.694573907118908,0.2366400544590764,-0.10198167036368151,16.385044949161085,25001000.0,25.642947288939055
G1912,90.08667599732924,23.699084364393844,0.174174202498122,-0.1015404520367632,17.104228504817815,25001000.0,25.6510747569941
G1913,90.08657579255193,23.703594818642,0.1952914197171719,-0.0776805483868013,16.111599727715856,25001000.0,26.050079140382305
G1914,90.08647556291666,23.708105269862862,0.2081981362571408,-0.09535785815281601,17.104228504817815,25001000.0,25.835537469775122
G1915,90.0863753084197,23.712615718055964,0.1900354986711914,-0.0698084314310064,15.795236091352223,25001000.0,26.243836369041052
G1916,90.08627502905726,23.717126163220808,0.26728838182191944,-0.12268357197070591,17.104228504817815,25001000.0,25.689431239545282
G1917,90.08617472482555,23.7216366053569,0.26274692582926107,-0.1195295184742198,15.926066130877897,25001000.0,25.575646675331352
G1918,90.08607607060844,23.72614560714384,0.22695070182804689,-0.09430885116665341,17.104228504817815,25001000.0,25.918225378653233
G1919,90.08590994027875,23.72881279628927,0.25246370530824747,-0.11309399207060011,16.115051638124296,25001000.0,25.57071686857288
G1959,90.0818865850842,23.91209847375327,0.2227299801006566,-0.08279421469945561,17.104228504817815,25001000.0,26.25988243351986
G1960,90.08183806262048,23.91558274505537,0.1938431561873133,-0.042040869656117114,17.104228504817815,25001000.0,27.344931993761893
G1961,90.08173666037482,23.92009305344134,0.20881153785912118,-0.0756261574432939,17.104228504817815,25001000.0,26.418636311164505
G1962,90.08163523308826,23.92460335877653,0.2469304007222086,-0.098986223875584,17.104228504817815,25001000.0,25.95130028083554
G1963,90.081533780757,23.92911366106045,0.2384968679426047,-0.09348684000440051,17.104228504817815,25001000.0,26.019653833912166
G1964,90.08143230337716,23.9336239602926,0.2247747075994134,-0.09337526094846091,17.104228504817815,25001000.0,25.918225378653233
G1965,90.0813308009449,23.93813425647249,0.22779873400511588,-0.10301802221291541,17.104228504817815,25001000.0,25.665163232023794
G1966,90.08122927345636,23.94264454959965,0.22047579835331169,-0.0800802964105837,17.104228504817815,25001000.0,26.25988243351986
G1967,90.08112772090772,23.94715483967358,0.2210542374420984,-0.08242451909855111,17.104228504817815,25001000.0,26.25988243351986
G1968,90.08102614329512,23.95166512669379,0.21743692386728608,-0.07260238866621821,16.28383680436471,25001000.0,26.256657575096725
G1969,90.08092454061472,23.9561754106598,0.2380902208070252,-0.0914143417444357,17.104228504817815,25001000.0,26.08992559249456
G1970,90.08082291286266,23.96068569157111,0.1816486821967884,-0.050229089068479615,16.240558884501098,25001000.0,26.763081677316094
G1971,90.08072126003508,23.96519596942724,0.2046318181690331,-0.0727747292730637,17.104228504817815,25001000.0,26.35719268582975
G1972,90.08061958212812,23.9697062442277,0.1737250380655574,-0.0697665689811098,16.403374619490734,25001000.0,26.262815048849106
G1973,90.08051787913794,23.974216515972007,0.1697948275043294,-0.060354115397322314,17.104228504817815,25001000.0,26.853649238825945
G1974,90.08041615106067,23.978726784659656,0.1890198454848586,-0.06732946708717531,16.42947851559464,25001000.0,26.282235811024055
G1975,90.08031439789248,23.98323705029017,0.1417775127353762,-0.026289970730217813,17.104228504817815,25001000.0,27.619127221333706
G1976,90.08021261962948,23.987747312863064,0.1673742286939601,-0.036655828820617714,16.520601510247076,25001000.0,27.452871028063875
G1977,90.08011081626786,23.99225757237784,0.1565556547711382,-0.072656513051435,17.104228504817815,25001000.0,26.287988828916184
G1978,90.08000898780368,23.996767828834024,0.1683874904356375,-0.030182931109690316,16.508517476633614,25001000.0,27.59283190724438
G1979,90.07990713423314,24.00127808223112,0.14379391667339259,-0.04727075104246881,17.104228504817815,25001000.0,26.97572085400456
G1980,90.07980525555236,24.00578833256863,0.2281863625687634,-0.0939013930203435,16.30708890520506,25001000.0,25.80834042312823
G1981,90.07970335175746,24.010298579846086,0.2191089493761154,-0.07765283527906461,17.104228504817815,25001000.0,26.381846888513657
G1982,90.07960142284458,24.014808824062985,0.2510683149784503,-0.10240495396222321,16.003457435225727,25001000.0,25.766191987181447
G1983,90.07949946880986,24.01931906521885,0.25977225610038274,-0.11631476302188931,17.104228504817815,25001000.0,25.713226843255228
G1984,90.07939748964942,24.02382930331319,0.2153939073366978,-0.10166748781829321,16.090703812037333,25001000.0,25.395014290933016
G1985,90.0792954853594,24.028339538345502,0.2122795496173057,-0.08831929321671901,17.104228504817815,25001000.0,25.991156999438555
G1986,90.07919345593596,24.03284977031532,0.2338085954136662,-0.09977066816054711,15.947511080045132,25001000.0,25.665664229531203
G1987,90.07909140137517,24.03735999922214,0.2340418218199146,-0.09802019870987101,17.104228504817815,25001000.0,25.850091761389226
G1988,90.0788234765415,24.040320918333183,0.264794998202399,-0.11898193597420521,17.104228504817815,25001000.0,25.694478611031126
G2000,90.09432113074148,23.56881285061388,0.15004073622060618,-0.019294486836835413,17.104228504817815,25001000.0,27.980751828283694
G2001,90.0943651622516,23.572882052897093,0.05341988775744119,-0.042216492750867314,17.104228504817815,25001000.0,25.367791222642573
G2002,90.09426581869856,23.57739261132018,-0.054791717675325806,-0.05013967818354141,18.923928990492897,25001000.0,21.966720661113463
G2003,90.0941664504344,23.58190316673104,-0.06507664147316511,-0.04012233336393502,17.104228504817815,25001000.0,21.928342525910285
G2004,90.09406705745543,23.5864137191292,-0.04264028978125171,-0.0675278519020501,18.979175485291623,25001000.0,21.892639157780827
G2005,90.09396763975786,23.590924268514133,-0.05219060582823501,-0.07047376870735951,17.104228504817815,25001000.0,21.700787370240402
G2006,90.093868197338,23.595434814885365,-0.02429528301608601,-0.05810709362342621,17.104228504817815,25001000.0,22.659399078561542
G2007,90.09376873019204,23.599945358242422,0.10952330163573219,-0.007143853697147014,17.104228504817815,25001000.0,28.346332660762403
G2008,90.0936692383163,23.60445589858479,0.2098355212048437,-0.0966181303638824,17.104228504817815,25001000.0,25.770929659423512
G2009,90.09356972170696,23.60896643591199,0.2141514799664507,-0.0750089064171104,17.104228504817815,25001000.0,26.418636311164505
G2010,90.09347018036036,23.613476970223523,0.2210566597772061,-0.09236826069931,17.104228504817815,25001000.0,25.899119263147114
G2011,90.09337061427266,23.617987501518897,0.22269669767511618,-0.0884791073632076,17.104228504817815,25001000.0,26.05169477001122
G2012,90.09327102344017,23.62249802979763,0.2314018580673537,-0.0876364467529874,17.104228504817815,25001000.0,26.225523207975876
G2013,90.09317140785907,23.62700855505922,0.23682391126400218,-0.10706587823793931,17.104228504817815,25001000.0,25.643104796371258
G2014,90.0930717675257,23.631519077303192,0.2270558677958011,-0.1094987201185881,17.104228504817815,25001000.0,25.665163232023794
G2015,90.09297210243624,23.63602959652904,0.230413225661737,-0.1139272935828941,17.104228504817815,25001000.0,25.649381030087806
G2016,90.09287241258694,23.640540112736275,0.2501357282631065,-0.1118074802874409,17.104228504817815,25001000.0,25.69389363027548
G2017,90.09277269797408,23.645050625924405,0.2134364995293046,-0.0718780711130533,17.104228504817815,25001000.0,26.418636311164505
G2018,90.09267295859384,23.64956113609296,0.26294350078281875,-0.11141703664559861,17.104228504817815,25001000.0,25.802159803144107
G2019,90.0925731944425,23.65407164324141,0.21140762681078729,-0.0800204739164428,17.104228504817815,25001000.0,26.263092170466933
G2020,90.0924734055163,23.65858214736929,0.1969872545104085,-0.08993157355840241,17.104228504817815,25001000.0,25.89089997768595
G2021,90.09237359181148,23.66309264847612,0.21713296285434,-0.0778852760974512,17.104228504817815,25001000.0,26.39047644128114
G2022,90.09227375332422,23.667603146561387,0.22757295823793508,-0.09968591928109001,17.104228504817815,25001000.0,25.748945217461223
G2023,90.09217389005082,23.6721136416246,0.23374705435173368,-0.09958178671933261,17.104228504817815,25001000.0,25.775549185056207
G2024,90.0920740019875,23.676624133665293,0.23515020660554378,-0.10419843512828991,17.104228504817815,25001000.0,25.643104796371258
G2025,90.09197408913047,23.681134622682947,0.25740008709249396,-0.1054505394790613,17.104228504817815,25001000.0,25.87042667163907
G2026,90.091874151476,23.685645108677083,0.2531907504678384,-0.1079573270275221,17.104228504817815,25001000.0,25.729713604082058
G2027,90.09177418902028,23.69015559164721,0.2336807828011124,-0.10346913399146691,17.104228504817815,25001000.0,25.649381030087806
G2028,90.09167420175956,23.69466607159284,0.19013087414557478,-0.1016514422917351,17.104228504817815,25001000.0,25.681647839837854
G2029,90.09157418969004,23.699176548513485,0.19547157131309228,-0.1071724279684272,17.104228504817815,25001000.0,25.65429052627412
G2030,90.091474152808,23.70368702240865,0.1983418538088587,-0.058851450102183116,17.104228504817815,25001000.0,26.939472302302683
G2031,90.0913740911096,23.70819749327784,0.1972093393129147,-0.08063101531766251,17.104228504817815,25001000.0,26.19903289716122
G2032,90.09127400459111,23.712707961120568,0.2254893985160319,-0.1018240416402224,17.104228504817815,25001000.0,25.712989380636422
G2033,90.09117389324877,23.717218425936352,0.25382771239789975,-0.11527112999399661,17.104228504817815,25001000.0,25.66503482291432
G2034,90.09107375707872,23.72172888772469,0.269347786584213,-0.1296580206606206,17.104228504817815,25001000.0,25.580246175082962
G2035,90.09097359607723,23.7262393464851,0.249169640443387,-0.10740081880372661,17.104228504817815,25001000.0,25.729315158630353
G2036,90.09102901793008,23.728723058569432,0.25984428938926146,-0.12164091242311201,17.104228504817815,25001000.0,25.7063188445566
G2075,90.08887849871954,23.9084244319714,0.10809294598004109,0.039087575280423184,17.104228504817815,25001000.0,30.19868867028328
G2076,90.08726125814152,23.911660773294912,0.1976764927547691,-0.06246146485545991,17.104228504817815,25001000.0,26.76707522859349
G2077,90.08674436097763,23.91567587371457,0.1511739554314878,-0.027803550252850313,17.011181460537017,25001000.0,27.619127221333706
G2078,90.08664312863073,23.92018620181081,0.1460132227714828,-0.05109478870654571,17.104228504817815,25001000.0,26.82547536156941
G2079,90.08654187128482,23.924696526857584,0.2114863659519835,-0.09425170662234561,16.958803190919326,25001000.0,25.80003597710309
G2080,90.08644058893609,23.92920684885442,0.24159368008588158,-0.09248071427444761,17.104228504817815,25001000.0,26.040574589725836
G2081,90.08633928158068,23.93371716780082,0.1914641439236351,-0.0961741196994002,16.788674826530126,25001000.0,25.823151729443133
G2082,90.08623794921478,23.93822748369629,0.1633969714771558,-0.04709526171291092,17.104228504817815,25001000.0,27.09365388799013
G2083,90.08613659183452,23.94273779654035,0.2224472247850608,-0.0846424135179416,16.66461685551556,25001000.0,26.101804450065867
G2084,90.08603520943608,23.94724810633252,0.22522377438544458,-0.08903264899477491,17.104228504817815,25001000.0,26.05810200767303
G2085,90.08593380201565,23.951758413072284,0.22691245416579459,-0.0845709702258829,16.414803190919343,25001000.0,26.183826663310118
G2086,90.0858323695693,23.956268716759176,0.15806435008682948,-0.017227809768262214,17.104228504817815,25001000.0,28.048550335770802
G2087,90.08573091209324,23.96077901739272,0.14223953405689388,-0.0027443538209856134,16.247519488706047,25001000.0,28.338552302289685
G2088,90.08562942958363,23.96528931497239,0.23810728706615739,-0.09592131422890661,17.104228504817815,25001000.0,25.940038332684466
G2089,90.08552792203662,23.969799609497738,0.22013500964948268,-0.0925148339483566,16.319913854903263,25001000.0,25.78923430762211
G2090,90.08542638944832,23.974309900968247,0.2191356634759604,-0.10510958471879851,17.104228504817815,25001000.0,25.67641737314364
G2091,90.08532483181494,23.97882018938344,0.1980290591198512,-0.0814053563620655,16.486355985950382,25001000.0,26.005231758720377
G2092,90.0852232491326,23.98333047474284,0.18490268006030208,-0.0786430688197329,17.104228504817815,25001000.0,26.280075643170214
G2093,90.08512164139744,23.987840757045934,0.1958338954640593,-0.0757456314220781,17.104228504817815,25001000.0,26.325577664249426
G2094,90.0850200086056,23.99235103629226,0.20728173233566918,-0.08061285172477001,17.104228504817815,25001000.0,26.263092170466933
G2095,90.08491835075328,23.99686131248132,0.2126344340357834,-0.0859695159368066,17.104228504817815,25001000.0,26.16512639944349
G2096,90.08481666783652,24.001371585612613,0.1794406918629606,-0.07450448255539871,17.104228504817815,25001000.0,26.335285575577593
G2097,90.0847149598516,24.00588185568567,0.20504633613890008,-0.0863186249197012,17.104228504817815,25001000.0,26.094263193929766
G2098,90.08461322679452,24.0103921227,0.21966527311909878,-0.08801752014736641,17.104228504817815,25001000.0,26.057773945817853
G2099,90.08451146866152,24.01490238665511,0.25079779711337047,-0.10076598542931521,17.104228504817815,25001000.0,25.97899423943226
G2100,90.08440968544872,24.01941264755052,0.25075190811531517,-0.1192766525138233,17.104228504817815,25001000.0,25.676595606426684
G2101,90.0843078771522,24.023922905385728,0.21353164931055238,-0.11011877870391071,17.104228504817815,25001000.0,25.65429052627412
G2102,90.08420604376818,24.02843316016025,0.2146658821943373,-0.0960913595738794,17.104228504817815,25001000.0,25.77311652909345
G2103,90.08410418529272,24.032943411873628,0.23843432181863258,-0.09736435365921091,17.104228504817815,25001000.0,25.917252370822826
G2104,90.0826972106154,24.03684686683557,0.29383289007474445,-0.14037917182186,17.104228504817815,25001000.0,25.770165623732066
G2105,90.08176491573175,24.040050481425425,0.2973262808392534,-0.1492802723211494,17.104228504817815,25001000.0,25.80903478192251
G2117,90.09921570856346,23.569407260641245,0.0016924007614487905,-0.015556303230440015,17.104228504817815,25001000.0,24.994094539124706
G2118,90.099258695112,23.57297353369814,-0.04200702198084151,-0.047179588923342015,17.104228504817815,25001000.0,22.056209429139123
G2119,90.099159518296,23.577484111698865,-0.0738567957291525,-0.023834452802822415,17.104228504817815,25001000.0,21.341339870589962
G2120,90.09906031681032,23.581994686688663,-0.0778991222670371,-0.022488620121659815,17.104228504817815,25001000.0,21.341339870589962
G2121,90.09896109065122,23.58650525866704,-0.03948783255402681,-0.0682796571452995,17.104228504817815,25001000.0,21.84072233879727
G2122,90.09886183981496,23.59101582763351,-0.03588988630139791,-0.07277806709105511,17.104228504817815,25001000.0,21.98894256395649
G2123,90.09876256429786,23.595526393587576,0.04827040209964539,0.014481862933559887,18.17049615467201,25001000.0,28.708018743047234
G2124,90.09866326409607,23.60003695652876,0.2116661536732829,-0.0840824481041974,17.104228504817815,25001000.0,26.13925702699047
G2125,90.09856393920596,23.604547516456545,0.22884466982188048,-0.0992663031310525,16.4881080949705,25001000.0,25.642678685581934
G2126,90.09846458962372,23.609058073370463,0.2259211047481406,-0.09725142240693711,17.104228504817815,25001000.0,25.81658457284561
G2127,90.09836521534564,23.613568627270023,0.22861560684493398,-0.1037716435791986,16.13826639438255,25001000.0,25.541986470321195
G2128,90.09826581636796,23.618079178154723,0.2316008925928293,-0.0938015275961527,17.104228504817815,25001000.0,25.973365439969943
G2129,90.09816639268696,23.622589726024074,0.22850649095277878,-0.08325608173633091,16.276167796463056,25001000.0,26.197906983933585
G2130,90.09806694429884,23.627100270877584,0.2564261622198525,-0.11784069623531981,17.104228504817815,25001000.0,25.709543326575172
G2131,90.09796747119992,23.631610812714776,0.2272380507560621,-0.0997711548269278,16.48856942468555,25001000.0,25.642678685581934
G2132,90.0978679733864,23.63612135153514,0.2456672363967871,-0.1133768015078735,17.104228504817815,25001000.0,25.62618748803936
G2133,90.09776845085452,23.6406318873382,0.2418535434496115,-0.1034873659723797,16.416751242867377,25001000.0,25.51992803466866
G2134,90.09766890360058,23.645142420123456,0.25455482436640364,-0.1084288795273345,17.104228504817815,25001000.0,25.500072117529477
G2135,90.0975693316208,23.64965294989043,0.25722603071659994,-0.10733044633573291,15.958583410699504,25001000.0,25.67708108793116
G2136,90.09746973491144,23.654163476638622,0.2254109104964752,-0.10660650640937391,17.104228504817815,25001000.0,25.665163232023794
G2137,90.09737011346871,23.658674000367533,0.22508067356080058,-0.0912847020862713,16.297357303473433,25001000.0,25.849741537907654
G2138,90.0972704672889,23.66318452107669,0.2341248990571414,-0.10540440837554951,17.104228504817815,25001000.0,25.649381030087806
G2139,90.0971707963682,23.6676950387656,0.2354596708046349,-0.08701667712031781,16.24196802608415,25001000.0,26.14473483444076
G2140,90.09707110070288,23.67220555343376,0.2431061419426581,-0.09294465992500821,17.104228504817815,25001000.0,26.08728011491047
G2141,90.0969713802892,23.676716065080686,0.2418297273666829,-0.09839764480819181,15.931296697412819,25001000.0,25.74831451102028
G2142,90.0968716351234,23.6812265737059,0.24575967000101578,-0.1134603289934966,17.104228504817815,25001000.0,25.62618748803936
G2143,90.09677186520165,23.68573707930889,0.25502269073289674,-0.11829972981021171,16.299749886015235,25001000.0,25.51123575463223
G2144,90.09667207052024,23.69024758188917,0.2522202728735572,-0.1105994138516647,17.104228504817815,25001000.0,25.7124236481455
G2145,90.0965722510754,23.69475808144628,0.24656981367752148,-0.10804792702977731,16.30484783377645,25001000.0,25.50301072633676
G2146,90.09647240686336,23.699268577979684,0.2088880578690805,-0.08598776182684431,17.104228504817815,25001000.0,26.126707445655153
G2147,90.09637253788036,23.70377907148893,0.172992232861033,-0.0742351848745751,16.18099366710979,25001000.0,26.090220296803512
G2148,90.09627264412264,23.70828956197351,0.1833921536126828,-0.039435625456769915,17.104228504817815,25001000.0,27.408997001854665
G2149,90.09617272558638,23.71280004943293,0.2070566145033459,-0.0811903918214205,16.055895627894103,25001000.0,26.083952719759637
G2150,90.09607278226788,23.71731053386672,0.2441493766470956,-0.1128547436701799,17.104228504817815,25001000.0,25.643104796371258
G2151,90.09597281416328,23.72182101527436,0.26436025895330584,-0.12101708453425991,16.001189745541208,25001000.0,25.575646675331352
G2152,90.09587282126893,23.726331493655387,0.2688669870613752,-0.1205869397779052,17.104228504817815,25001000.0,25.70001548812024
G2153,90.09634383575722,23.729072664695217,0.26650152774906605,-0.1223858645189914,16.022366216129427,25001000.0,25.60820058652137
G2191,90.09374230357106,23.90260463938935,0.22920092559557048,-0.09249748875324401,17.104228504817815,25001000.0,25.925446527820238
G2192,90.09221561985412,23.90717062130134,0.20168779326488478,-0.0733045060164129,17.104228504817815,25001000.0,26.325577664249426
G2193,90.09175172182104,23.91125849531593,0.17235759688587468,-0.05050647138397051,17.104228504817815,25001000.0,27.00173173142602
G2194,90.09165068432996,23.91576884613704,0.1427209213467455,-0.019631215297204314,17.104228504817815,25001000.0,27.980751828283694
G2195,90.09154962188562,23.920279193910503,0.1223098694305701,-0.045025107467365016,17.104228504817815,25001000.0,26.98775731876006
G2196,90.0914485344842,23.924789538635824,0.185683606000458,-0.10333287283892101,17.104228504817815,25001000.0,25.65429052627412
G2197,90.09134742212184,23.92929988031253,0.1761516059367731,-0.0970006108348254,17.104228504817815,25001000.0,25.71393233392954
G2198,90.0912462847947,23.93381021894013,0.14612310050001498,-0.04122924890319321,17.104228504817815,25001000.0,27.294507075405726
G2199,90.091145122499,23.93832055451813,0.1374747113251326,-0.015172484942776714,17.104228504817815,25001000.0,28.09326027722099
G2200,90.09104393523089,23.942830887046046,0.1668468690057141,-0.05269022553051431,17.104228504817815,25001000.0,26.927892658031116
G2201,90.09094272298648,23.947341216523387,0.226452335026407,-0.0860896797581159,17.104228504817815,25001000.0,26.25167424140107
G2202,90.090841485762,23.951851542949665,0.2137380272137047,-0.08125709324800451,17.104228504817815,25001000.0,26.263092170466933
G2203,90.09074022355358,23.9563618663244,0.179856817989518,-0.05385406146268591,17.104228504817815,25001000.0,26.927892658031116
G2204,90.0906389363574,23.96087218664709,0.2000137282064042,-0.0717706161817008,17.104228504817815,25001000.0,26.325577664249426
G2205,90.09053762416964,23.96538250391725,0.2012618838163972,-0.0877055742830171,17.104228504817815,25001000.0,26.05835732843494
G2206,90.09043628698636,23.96989281813442,0.20355817355023778,-0.0820640712999357,17.104228504817815,25001000.0,26.230647918741546
G2207,90.09033492480384,23.97440312929808,0.20964671863738668,-0.08929689718753721,17.104228504817815,25001000.0,25.89089997768595
G2208,90.09023353761818,23.97891343740775,0.2043248813375759,-0.0907811906479887,17.104228504817815,25001000.0,25.87647838175534
G2209,90.09013212542553,23.983423742462943,0.18880323043404199,-0.071116950373502,17.104228504817815,25001000.0,26.325577664249426
G2210,90.09003068822206,23.98793404446318,0.2249096274684733,-0.08903683249245571,16.514078244224237,25001000.0,25.95183547579374
G2211,90.0899292260039,23.992444343407968,0.2124538549121972,-0.0780187537118594,17.104228504817815,25001000.0,26.379864906911237
G2212,90.08982773876724,23.996954639296824,0.2130568513394465,-0.08749283486348501,16.460558884501125,25001000.0,25.934403075017954
G2213,90.08972622650818,24.00146493212925,0.2220710855130661,-0.0873203441856102,17.104228504817815,25001000.0,26.077298835468127
G2214,90.08962468922292,24.00597522190477,0.2042593102532635,-0.08222315588820411,16.29418207290692,25001000.0,26.0335282016839
G2215,90.08952312690757,24.010485508622885,0.23808536011218379,-0.09359006386163761,17.104228504817815,25001000.0,26.019653833912166
G2216,90.0894215395583,24.014995792283123,0.27056620507687246,-0.11966425254860111,16.099979174356207,25001000.0,25.741086178478604
G2217,90.08931992717125,24.01950607288498,0.22817695787380718,-0.10602312347757291,17.104228504817815,25001000.0,25.665163232023794
G2218,90.08921828974256,24.02401635042799,0.2028361190646029,-0.11508081008144501,16.177954451423517,25001000.0,25.512356006506785
G2219,90.08911662726834,24.02852662491164,0.2322999545662515,-0.10112517912809521,17.104228504817815,25001000.0,25.77590901245869
G2220,90.08880051701858,24.032873847707982,0.2660857761965509,-0.1197176645199639,16.070895627894146,25001000.0,25.58482120423365
G2221,90.08761232396849,24.03553085427908,0.27452216363649456,-0.1195250137609687,17.104228504817815,25001000.0,25.687483722714955
G2234,90.10437095689925,23.5695201883745,-0.06680519915764781,-0.04531832506062571,17.104228504817815,25001000.0,21.891303334367574
G2235,90.10415225263836,23.573064860763896,-0.07497664653948201,-0.020803370082465612,17.104228504817815,25001000.0,21.341339870589962
G2236,90.10405324256315,23.577575458309383,-0.08734226105956841,-0.004080750545069614,18.71523609135224,25001000.0,22.59225018735675
G2237,90.10395420785964,23.58208605284525,-0.06673621852069661,-0.048415542055832816,17.104228504817815,25001000.0,21.829687763517843
G2238,90.10385514852418,23.586596644370985,-0.04950296460963811,-0.0744566617099381,17.987072098482344,25001000.0,21.700787370240402
G2239,90.10375606455295,23.5911072328861,0.03541360025585839,-0.040383548039352415,17.104228504817815,25001000.0,24.982472646936724
G2240,90.10365695594233,23.59561781839011,0.13001267200796449,-0.049462481044100816,16.962072098482366,25001000.0,26.80610780490621
G2241,90.1035578226885,23.60012840088253,0.25117785932042697,-0.120884699471863,17.104228504817815,25001000.0,25.676595606426684
G2242,90.10345866478774,23.604638980362857,0.23715756086201778,-0.11355695759407311,16.277958841239155,25001000.0,25.51992803466866
G2243,90.10335948223631,23.609149556830616,0.21374784747413508,-0.10365048057672961,17.104228504817815,25001000.0,25.620949503842382
G2244,90.10326027503054,23.613660130285293,0.21762929480987409,-0.0947094037397156,16.178257348701862,25001000.0,25.78923430762211
G2245,90.1031610431666,23.61817070072642,0.2211771083073224,-0.0881203428448631,17.104228504817815,25001000.0,26.057773945817853
G2246,90.10306178664084,23.622681268153496,0.2391742385002027,-0.10186428918964101,16.24810809497049,25001000.0,25.642947288939055
G2247,90.10296250544944,23.62719183256603,0.2536548113046563,-0.11509592335338191,17.104228504817815,25001000.0,25.66503482291432
G2248,90.1028631995887,23.631702393963543,0.234478596005152,-0.09995307420113671,17.104228504817815,25001000.0,25.775549185056207
G2249,90.10276386905484,23.63621295234553,0.25098314500551316,-0.1181022337489751,17.104228504817815,25001000.0,25.675910823476094
G2250,90.1026645138442,23.64072350771152,0.2442393190808889,-0.1078966980540475,17.104228504817815,25001000.0,25.643104796371258
G2251,90.10256513395294,23.645234060060982,0.25433143195212776,-0.1172320644023465,17.104228504817815,25001000.0,25.701259139955315
G2252,90.10246572937736,23.64974460939348,0.2415884673121013,-0.11095164086888341,17.104228504817815,25001000.0,25.643104796371258
G2253,90.1023663001137,23.65425515570848,0.2325372871268589,-0.10343999280351421,17.104228504817815,25001000.0,25.649381030087806
G2254,90.10226684615824,23.65876569900551,0.2220366237700659,-0.09129636229659371,17.104228504817815,25001000.0,25.937016152328006
G2255,90.10216736750718,23.663276239284084,0.2225841041810246,-0.0940039737982002,17.104228504817815,25001000.0,25.91653579336225
G2256,90.1020678641568,23.66778677654371,0.2391879474482302,-0.09444141348630031,17.104228504817815,25001000.0,26.019653833912166
G2257,90.10196833610335,23.672297310783897,0.2531249603905213,-0.11370983424156471,17.104228504817815,25001000.0,25.69389363027548
G2258,90.10186878334306,23.67680784200415,0.2183284860015447,-0.11938704001808881,17.104228504817815,25001000.0,25.67377417187452
G2259,90.1017692058722,23.681318370203982,0.25596571054149314,-0.1214246689343937,17.104228504817815,25001000.0,25.723207813442368
G2260,90.10166960368696,23.685828895382905,0.251700889138054,-0.11198772537940481,17.104228504817815,25001000.0,25.69389363027548
G2261,90.10156997678364,23.69033941754043,0.2525654863219319,-0.1172171127453203,17.104228504817815,25001000.0,25.675910823476094
G2262,90.10147032515847,23.694849936676064,0.23892122184757808,-0.10197588778415691,17.104228504817815,25001000.0,25.749213820818344
G2263,90.10137064880767,23.69936045278931,0.2311078067605168,-0.091381680010145,17.104228504817815,25001000.0,26.043637198552336
G2264,90.1012709477275,23.7038709658797,0.2024876264717061,-0.07811905990194071,17.104228504817815,25001000.0,26.28680625999616
G2265,90.10117122191416,23.708381475946727,0.23979653280773688,-0.0949033019240479,17.104228504817815,25001000.0,26.019653833912166
G2266,90.10107147136397,23.7128919829899,0.26615589418646074,-0.12087041518648421,17.104228504817815,25001000.0,25.703653139933422
G2267,90.10097169607305,23.717402487008744,0.2633481281573103,-0.11605185192362201,17.104228504817815,25001000.0,25.702505040051953
G2268,90.10087189603772,23.72191298800276,0.24093498226377388,-0.1020841721330661,17.104228504817815,25001000.0,25.749213820818344
G2269,90.10077207125416,23.72642348597145,0.2288918443813218,-0.08268901451511251,17.104228504817815,25001000.0,26.339267138064233
G2270,90.10045421089312,23.729329055499484,0.2239289116899629,-0.07899208189155611,17.104228504817815,25001000.0,26.303804219513044
G2308,90.09679915425698,23.903029515487948,0.2331468057401157,-0.09342020359252651,17.104228504817815,25001000.0,25.973365439969943
G2309,90.09675874298112,23.90684091834581,0.2153714730289893,-0.07313657847588521,16.808927939410268,25001000.0,26.26244854796895
G2310,90.09665790026212,23.91135129185562,0.21401788079110348,-0.07973731222901621,17.104228504817815,25001000.0,26.263092170466933
G2311,90.09655703263556,23.9158616623196,0.17008151604060598,-0.034832038617635216,16.901271444887556,25001000.0,27.543066344121566
G2312,90.09645614009762,23.920372029737244,0.1949189157430106,-0.07609636687022811,17.104228504817815,25001000.0,26.31876257273083
G2313,90.09635522264448,23.924882394108074,0.2120414352182596,-0.08416052913399391,16.956827000443155,25001000.0,26.240491926100805
G2314,90.09625428027232,23.92939275543161,0.198443136753092,-0.0747506151248363,17.104228504817815,25001000.0,26.325577664249426
G2315,90.09615331297734,23.93390311370737,0.16107831046806878,-0.05662420165204311,16.861138594646008,25001000.0,26.846890337778603
G2316,90.09605232075565,23.93841346893484,0.1770717765640936,-0.0971135124344402,17.104228504817815,25001000.0,25.71393233392954
G2317,90.09595130360348,23.94292382111356,0.19925239340003179,-0.08489729338492011,16.57442503965879,25001000.0,26.001743536067266
G2318,90.09585026151696,23.94743417024302,0.2259641413306383,-0.0883923928373093,17.104228504817815,25001000.0,26.15772005872395
G2319,90.09574919449231,23.95194451632275,0.1719948141893814,-0.03731114993314492,16.365776275805473,25001000.0,27.23641137016175
G2320,90.09564810252564,23.95645485935225,0.1268246163596798,0.0012518485424470862,17.104228504817815,25001000.0,28.552975295061504
G2321,90.09554698561315,23.960965199331056,0.22458240322759118,-0.11155634331748411,16.089491319691916,25001000.0,25.541986470321195
G2322,90.09544584375104,23.965475536258644,0.2118631686083736,-0.0933167162478052,17.104228504817815,25001000.0,25.855998022789585
G2323,90.09534467693544,23.96998587013456,0.23319184721798758,-0.0883052167047393,16.215051638124322,25001000.0,26.102975164515655
G2324,90.09524348516248,23.974496200958303,0.24286434571753418,-0.09559186276406811,17.104228504817815,25001000.0,25.89058595711118
G2325,90.0951422684284,23.97900652872937,0.20471596148438728,-0.082312625336035,16.402587870008375,25001000.0,26.0435385937219
G2326,90.09504102672928,23.98351685344731,0.2296317109585871,-0.095485541910293,17.104228504817815,25001000.0,25.86626311458756
G2327,90.09493976006134,23.98802717511161,0.2253153695335079,-0.09479378620410431,16.46947851559466,25001000.0,25.811958846773944
G2328,90.0948384684207,23.99253749372179,0.2306868976236001,-0.08837767805596451,17.104228504817815,25001000.0,26.21286012004066
G2329,90.09473715180356,23.99704780927736,0.2476653806235559,-0.1019046427028724,16.460558884501125,25001000.0,25.734099056540927
G2330,90.09463581020606,24.00155812177784,0.2460354583545627,-0.0977185998006637,17.104228504817815,25001000.0,25.95130028083554
G2331,90.09453444362433,24.00606843122273,0.26238327817685075,-0.1089240524662185,16.241138594646,25001000.0,25.72778313793674
G2332,90.09443305205454,24.01057873761156,0.27480969292261676,-0.11319022811392851,17.104228504817815,25001000.0,25.977281061451965
G2333,90.09433163549284,24.015089040943828,0.26700685330073165,-0.11384597525444881,16.15968931928373,25001000.0,25.663405822252216
G2334,90.0942301939354,24.01959934121906,0.23361629938217268,-0.10530284608517751,17.104228504817815,25001000.0,25.649381030087806
G2335,90.09412233840246,24.02410383134926,0.22139984222447648,-0.0957159416603001,16.342660333776475,25001000.0,25.710379463676126
G2336,90.0929223996255,24.02812941142736,0.232365102600926,-0.09984618588237751,17.104228504817815,25001000.0,25.775549185056207
G2337,90.09194926165983,24.031400571074222,0.2735190055439958,-0.11985722024862441,17.104228504817815,25001000.0,25.891538247326732
G2350,90.11094814010151,23.566178880605683,-0.04093050060257131,-0.053281748404632415,17.104228504817815,25001000.0,22.0484426074776
G2351,90.1092805116833,23.56881795676769,-0.059508112814063305,-0.04419220803067422,17.104228504817815,25001000.0,21.891303334367574
G2352,90.10904583478928,23.573156034091248,-0.0799867311431484,-0.019370302381589214,17.104228504817815,25001000.0,21.73856833644443
G2353,90.10894699145857,23.57766665114864,-0.07464013194031921,-0.04093978075381021,17.104228504817815,25001000.0,21.928342525910285
G2354,90.10884812354097,23.58217726519768,-0.05686336065200691,-0.07088323781319851,17.104228504817815,25001000.0,21.700787370240402
G2355,90.10874923103285,23.58668787623789,0.034291242299911893,-0.05230420992925841,17.104228504817815,25001000.0,24.105218082704752
G2356,90.1086503139304,23.591198484268777,0.11062440353869749,-0.04207493090867851,17.104228504817815,25001000.0,27.198582792009734
G2357,90.10855137222998,23.595709089289848,0.2217358610699663,-0.0921051726262657,17.104228504817815,25001000.0,25.91653579336225
G2358,90.1084524059278,23.600219691300623,0.23122019695011778,-0.11357232508937021,17.104228504817815,25001000.0,25.649381030087806
G2359,90.10835341502016,23.6047302903006,0.2247124202462697,-0.10837469338997671,17.104228504817815,25001000.0,25.665163232023794
G2360,90.10825439950332,23.609240886289296,0.2239919428443101,-0.1008278883011606,17.104228504817815,25001000.0,25.747615459572724
G2361,90.10815535937355,23.613751479266217,0.2263688233653988,-0.0907094100372557,17.104228504817815,25001000.0,25.988497137235626
G2362,90.10805629462712,23.61826206923088,0.20539265303395268,-0.0748127539364488,17.104228504817815,25001000.0,26.35719268582975
G2363,90.10795720526032,23.622772656182786,0.22475650166965408,-0.0929467074065608,17.104228504817815,25001000.0,25.918225378653233
G2364,90.10785809126938,23.62728324012144,0.22654458943310218,-0.09917960019186091,17.104228504817815,25001000.0,25.748945217461223
G2365,90.10775895265056,23.631793821046365,0.2242217885286986,-0.09486023412864651,16.522891103007254,25001000.0,25.811958846773944
G2366,90.10765978940016,23.63630439895708,0.2383187667058651,-0.10031798332793891,17.104228504817815,25001000.0,25.783656890212264
G2367,90.10756060151442,23.64081497385306,0.2542364027816686,-0.11891404763407311,16.396448212564366,25001000.0,25.58311198720613
G2368,90.10746138898962,23.64532554573385,0.2524310345454437,-0.1117925250103364,17.104228504817815,25001000.0,25.69389363027548
G2369,90.107362151822,23.649836114598948,0.2392282557682599,-0.10213106083915151,16.223198795314914,25001000.0,25.642947288939055
G2370,90.1072628900078,23.65434668044786,0.2340482111357781,-0.098842883390717,17.104228504817815,25001000.0,25.850091761389226
G2371,90.10716360354331,23.658857243280096,0.17239692934529288,-0.0676961708943526,16.297357303473433,25001000.0,26.240746047573484
G2372,90.1070642924248,23.663367803095174,0.2198253438775358,-0.0947089546266749,17.104228504817815,25001000.0,25.899119263147114
G2373,90.10696495664848,23.667878359892605,0.21955343313108389,-0.0877309100518345,16.533660333776453,25001000.0,25.96520057508736
G2374,90.10686559621062,23.67238891367189,0.20111256609643008,-0.08645020474515441,17.104228504817815,25001000.0,26.094263193929766
G2375,90.1067662111075,23.67689946443254,0.2185381421806809,-0.1107646990396412,15.866275718391847,25001000.0,25.55324061144104
G2376,90.10666680133534,23.68141001217408,0.27454821442705835,-0.1319105911114366,17.104228504817815,25001000.0,25.800933066620235
G2377,90.1065673668904,23.685920556896004,0.27147037350147585,-0.12489378332985371,16.19735264146877,25001000.0,25.711439372579655
G2378,90.10646790776892,23.690431098597823,0.2535285361508128,-0.1141754429550595,17.104228504817815,25001000.0,25.66503482291432
G2379,90.10636842396715,23.694941637279072,0.2177591513675306,-0.097519361470425,16.27512065123679,25001000.0,25.65226102239473
G2380,90.10626891548137,23.69945217293923,0.2458770605184957,-0.0964881964409367,17.104228504817815,25001000.0,26.0321132218227
G2381,90.10616938230775,23.70396270557782,0.25704901724825496,-0.111960042998546,16.280472833776486,25001000.0,25.641261114124582
G2382,90.10606982444264,23.70847323519436,0.26644399819942777,-0.1177280971852339,17.104228504817815,25001000.0,25.66020190534342
G2383,90.10597024188218,23.712983761788344,0.2635471088648252,-0.1211477928995953,16.011690184522735,25001000.0,25.575646675331352
G2384,90.10570918352954,23.71716749495377,0.25200829008678105,-0.1042865510241886,17.104228504817815,25001000.0,25.804227252090193
G2385,90.10429588931058,23.722019603750645,0.2400234193746024,-0.101274111267174,17.104228504817815,25001000.0,25.784016717614747
G2386,90.10483621707596,23.7269902781504,0.24772837377290818,-0.0979635103506294,17.104228504817815,25001000.0,25.95130028083554
G2387,90.10404878969702,23.728949529275383,0.26209755892716274,-0.0998604327555789,17.104228504817815,25001000.0,26.064423560128265
G2424,90.10347570018637,23.899448022447487,0.24807313088375,-0.10477655197611371,17.104228504817815,25001000.0,25.700701136047496
G2425,90.10179314326432,23.90245147521477,0.2266731403733086,-0.10184449587589951,17.104228504817815,25001000.0,25.712989380636422
G2426,90.1016647765033,23.906933539066955,0.2057666933668286,-0.10549831638781151,17.104228504817815,25001000.0,25.65429052627412
G2427,90.10156410361076,23.911443932185257,0.2380808403753616,-0.1172310934040134,17.104228504817815,25001000.0,25.653980796933034
G2428,90.10146340585251,23.91595432225905,0.1832266922887483,-0.048497918951233315,17.104228504817815,25001000.0,27.07808258177952
G2429,90.10136268322482,23.92046470928785,0.1929817993256397,-0.07691732523560231,17.104228504817815,25001000.0,26.31876257273083
G2430,90.1012619357238,23.924975093271144,0.2062559589736013,-0.07999778565269261,17.104228504817815,25001000.0,26.230647918741546
G2431,90.10116116334568,23.929485474208462,0.2166451020009336,-0.07939903629687221,17.104228504817815,25001000.0,26.3171695750755
G2432,90.1010603660866,23.93399585209933,0.21713694681757909,-0.08010213121162231,17.104228504817815,25001000.0,26.273703704836837
G2433,90.1009595439428,23.93850622694323,0.2313641819010657,-0.10070401037067521,17.104228504817815,25001000.0,25.77590901245869
G2434,90.1008586969104,23.943016598739693,0.2216319771048954,-0.0942064050334027,17.104228504817815,25001000.0,25.91653579336225
G2435,90.10075782498562,23.94752696748824,0.2153482826911567,-0.0820407050869716,17.104228504817815,25001000.0,26.263092170466933
G2436,90.1006569281646,23.95203733318836,0.1889845283693242,-0.057256815055781715,17.104228504817815,25001000.0,26.92937247426043
G2437,90.10055600644354,23.95654769583958,0.1847324862133505,-0.08518413145963821,17.104228504817815,25001000.0,26.132682147718103
G2438,90.1004550598186,23.961058055441413,0.2240234164552466,-0.08800698939371361,17.104228504817815,25001000.0,26.097800817137642
G2439,90.10035408828595,23.96556841199337,0.25812063496227006,-0.1104688941451524,17.104228504817815,25001000.0,25.761828864222696
G2440,90.1002530918418,23.97007876549497,0.25739660781088264,-0.106764418848031,17.104228504817815,25001000.0,25.795913023630934
G2441,90.1001520704823,23.97458911594573,0.2392444987413434,-0.11252002268461771,17.104228504817815,25001000.0,25.643104796371258
G2442,90.1000510242036,23.979099463345143,0.26109532555371234,-0.11812395183006981,17.104228504817815,25001000.0,25.605253533824897
G2443,90.09994995300188,23.98360980769274,0.25834575763414125,-0.10839470511899801,17.104228504817815,25001000.0,25.779118820159255
G2444,90.09984885687332,23.988120148988028,0.26003320260993507,-0.1069510757963735,17.104228504817815,25001000.0,25.80498201158986
G2445,90.09974773581403,23.99263048723052,0.2462363411349452,-0.10181244819219151,17.104228504817815,25001000.0,25.840365588420216
G2446,90.09964658982024,23.99714082241973,0.24482739536880768,-0.09629478616688601,17.104228504817815,25001000.0,25.974516882146464
G2447,90.09954541888813,24.001651154555177,0.2330982182877237,-0.09866701009773371,17.104228504817815,25001000.0,25.850091761389226
G2448,90.0994442230138,24.006161483636365,0.2489121506887361,-0.1002926274857859,17.104228504817815,25001000.0,25.997801064364623
G2449,90.0993430021934,24.010671809662814,0.26034570909242716,-0.1030891887309598,17.104228504817815,25001000.0,25.879495659597996
G2450,90.09924175642314,24.01518213263403,0.2017852640968168,-0.08555597710316651,17.104228504817815,25001000.0,26.132682147718103
G2451,90.09896751464898,24.019551123797218,0.1902201608283512,-0.11037453746970691,17.104228504817815,25001000.0,25.65429052627412
G2452,90.09758262722308,24.022914209404185,0.23361912855931288,-0.09914143251277201,17.104228504817815,25001000.0,25.775549185056207
G2467,90.1143035795117,23.565936636623054,-0.03189077502644301,-0.06245732999610231,17.104228504817815,25001000.0,22.651387016967732
G2468,90.11403809356408,23.568736414134147,-0.05839838263619751,-0.04120456041881131,18.547054273170403,25001000.0,22.05566828226995
G2469,90.11393944152329,23.573247053677107,-0.0731861631443825,-0.037398773419937914,17.104228504817815,25001000.0,21.720837997920963
G2470,90.11384076494078,23.5777576902135,-0.0606649608566195,-0.0701750162341852,18.032884214373468,25001000.0,21.700787370240402
G2471,90.11374206381284,23.58226832374285,-0.04102726253341711,-0.06323444114502332,17.104228504817815,25001000.0,21.90350526119415
G2472,90.1136433381358,23.586778954264656,0.10008332045657299,-0.01600653360077141,17.14266033377649,25001000.0,28.05993360468427
G2473,90.11354458790588,23.591289581778423,0.11244209975128919,-0.07204661716236181,17.104228504817815,25001000.0,25.64616254696843
G2474,90.11344581311938,23.59580020628368,0.2307840522635777,-0.1122282185312107,16.434425039658805,25001000.0,25.526204268385207
G2475,90.1133470137726,23.60031082777992,0.2247909349264946,-0.10937061610191631,17.104228504817815,25001000.0,25.665163232023794
G2476,90.1132481898618,23.60482144626665,0.2200435487980977,-0.10000052820416301,16.36631705019434,25001000.0,25.6199541464301
G2477,90.11314934138323,23.60933206174341,0.2118035967355413,-0.08981232511905131,17.104228504817815,25001000.0,25.89089997768595
G2478,90.11305046833324,23.61384267420967,0.2136346159128865,-0.09227177166098241,16.430197647209326,25001000.0,25.71527518938241
G2479,90.11295157070803,23.61835328366497,0.1834816395364522,-0.06373197971768702,17.104228504817815,25001000.0,26.756975400551237
G2480,90.11285264850392,23.6228638901088,0.2141446007531877,-0.0922808896354913,16.458257348701835,25001000.0,25.71527518938241
G2481,90.11275370171718,23.62737449354069,0.22881838318745168,-0.09769527166877151,17.104228504817815,25001000.0,25.781252093425852
G2482,90.11265473034403,23.631885093960133,0.24413739134184878,-0.11047003937508151,16.601044949161093,25001000.0,25.497856193673616
G2483,90.1125557343808,23.636395691366648,0.23827880688191738,-0.1055499599301051,17.104228504817815,25001000.0,25.643104796371258
G2484,90.11245671382376,23.64090628575975,0.24315954770437678,-0.10960980759353571,16.272205788321884,25001000.0,25.51992803466866
G2485,90.1123576686691,23.64541687713893,0.2332187627213175,-0.08837323713450691,17.104228504817815,25001000.0,26.21286012004066
G2486,90.11225859891316,23.64992746550373,0.2240951141991151,-0.0784188481368364,16.154327000443146,25001000.0,26.202029061548714
G2487,90.1121595045522,23.654438050853635,0.23860968536070648,-0.0957243808684579,17.104228504817815,25001000.0,25.940038332684466
G2488,90.11206038558244,23.658948633188167,0.21247746236530898,-0.08872778228264691,16.475198795314924,25001000.0,25.850999642578724
G2489,90.1119612420002,23.66345921250684,0.21914593593975798,-0.09968970854704051,17.104228504817815,25001000.0,25.729839101955104
G2490,90.11186207380167,23.66796978880914,0.2343844496028211,-0.10382897945099841,17.104228504817815,25001000.0,25.643104796371258
G2491,90.1117628809832,23.672480362094603,0.2384669856977519,-0.0986296385717347,17.104228504817815,25001000.0,25.858199466545283
G2492,90.11166366354097,23.67699093236273,0.216294691853758,-0.09665164967821421,17.104228504817815,25001000.0,25.737588636991774
G2493,90.11156442147126,23.68150149961305,0.25396217903809026,-0.12735063595276472,17.104228504817815,25001000.0,25.67778267178642
G2494,90.11146515477034,23.686012063845048,0.2609295068713858,-0.11742493798936271,17.104228504817815,25001000.0,25.691535927367205
G2495,90.11136586343446,23.690522625058243,0.2571882191282078,-0.11353643738785281,17.104228504817815,25001000.0,25.760093049824356
G2496,90.11126654745988,23.695033183252164,0.26931655437590984,-0.12366075047367171,17.104228504817815,25001000.0,25.584628293672317
G2497,90.11116720684284,23.69954373842629,0.25586934834752706,-0.10454281128716,17.104228504817815,25001000.0,25.87042667163907
G2498,90.1110678415796,23.70405429058016,0.2506283538623752,-0.10834107383934061,17.104228504817815,25001000.0,25.729713604082058
G2499,90.11096845166638,23.708564839713265,0.26864761740047555,-0.12051831220861911,17.104228504817815,25001000.0,25.70001548812024
G2500,90.11086903709948,23.713075385825125,0.27024759895810846,-0.13004833340945282,17.104228504817815,25001000.0,25.845048272921
G2501,90.11052381942946,23.7165100633151,0.25401778377534584,-0.10771409143263201,17.104228504817815,25001000.0,25.75506192056128
G2503,90.10809368372357,23.727957220340183,0.18001436812231741,-0.06846747857195189,17.104228504817815,25001000.0,26.485811326347566
G2540,90.1089625111678,23.89478875438273,0.2017317140924915,-0.042049359309498116,17.104228504817815,25001000.0,27.337248290813854
G2541,90.10694965225412,23.898232612138155,0.21763053155641648,-0.074977259585446,16.509049222665368,25001000.0,26.299583556269734
G2542,90.10667131312968,23.9025155878714,0.2277743240668452,-0.09894764283853791,17.104228504817815,25001000.0,25.781252093425852
G2543,90.10657083488736,23.907026003607896,0.2210709069779779,-0.102138853895284,16.98238255599867,25001000.0,25.547684488548644
G2544,90.10647033182508,23.911536416301672,0.2285875538751808,-0.1003987729701323,17.104228504817815,25001000.0,25.748945217461223
G2545,90.106369803939,23.91604682595225,0.20949011194023628,-0.07402025642476091,16.885438111554237,25001000.0,26.304559715783796
G2546,90.10626925122531,23.920557232559148,0.1458960173199663,-0.020133500890180116,17.104228504817815,25001000.0,27.980751828283694
G2547,90.10616867368026,23.92506763612187,0.1723203813375012,-0.0643850330222927,16.77432700044315,25001000.0,26.669159473764132
G2548,90.10606807129996,23.92957803663993,0.2315415466448574,-0.11370393386582411,17.104228504817815,25001000.0,25.649381030087806
G2549,90.10596744408066,23.934088434112844,0.2263501163136466,-0.09862051890382281,16.550517476633587,25001000.0,25.674985561546563
G2550,90.10586679201852,23.93859882854013,0.236277709983382,-0.09430411647035501,17.104228504817815,25001000.0,26.002462021959833
G2551,90.10576611510974,23.94310921992129,0.23841563733024249,-0.09793301926345761,16.3562317623479,25001000.0,25.74831451102028
G2552,90.10566541335048,23.94761960825584,0.2022000138706975,-0.0923757430186012,17.104228504817815,25001000.0,25.855998022789585
G2553,90.10556468673693,23.9521299935433,0.1775108084584977,-0.07729291021722991,16.301660333776482,25001000.0,26.037758561393026
G2554,90.10546393526528,23.95664037578318,0.2427293368904703,-0.0990239603497717,17.104228504817815,25001000.0,25.807133717758635
G2555,90.10536315893172,23.961150754975,0.2409686230807579,-0.09724668225788531,16.09854268671765,25001000.0,25.807367415297822
G2556,90.1052623577324,23.965661131118264,0.2441725197442255,-0.1097545378598785,17.104228504817815,25001000.0,25.643104796371258
G2557,90.10516153166355,23.970171504212484,0.27367209967673706,-0.1152118007304715,16.12809511638514,25001000.0,25.819212071111128
G2558,90.1050606807213,23.97468187425718,0.22426027071673948,-0.0920985413301416,17.104228504817815,25001000.0,25.939146134466903
G2559,90.10495980490182,23.979192241251862,0.24711217472205468,-0.09687227163066421,16.33537461949075,25001000.0,25.904086653233794
G2560,90.10485890420132,23.98370260519605,0.23326056016265678,-0.08627385209215391,17.104228504817815,25001000.0,26.267269357601105
G2561,90.10475797861596,23.98821296608925,0.2065957756576144,-0.10543061543524701,16.575921203341665,25001000.0,25.530043728044483
G2562,90.1046570281419,23.992723323930985,0.22215585175911298,-0.0809097706533039,17.104228504817815,25001000.0,26.25988243351986
G2563,90.10455605277532,23.99723367872076,0.21188486411090768,-0.07069370330767451,16.45592120334166,25001000.0,26.250427320464745
G2564,90.1044550525124,24.001744030458084,0.2204427305975625,-0.08539631945373231,17.104228504817815,25001000.0,26.16665137626154
G2565,90.10435402734927,24.006254379142483,0.2204373005991351,-0.09416060190661561,16.460307392600015,25001000.0,25.792852731267825
G2566,90.10425297728216,24.010764724773463,0.2509204225793188,-0.0954812978438216,17.104228504817815,25001000.0,26.073494094175178
G2567,90.10415190230718,24.01527506735055,0.2166961957227263,-0.0811199154712288,16.379109609138794,25001000.0,26.083952719759637
G2568,90.1040328041521,24.01830909358448,0.226741736482265,-0.08394765572920931,17.104228504817815,25001000.0,26.517432526739967
G2584,90.11907870342412,23.565868041103503,-0.030825061764641906,-0.06617320616666941,17.104228504817815,25001000.0,22.48502067170101
G2585,90.11893155812928,23.56882726053053,-0.062198133746832404,-0.043173448287748814,17.104228504817815,25001000.0,21.94743509181251
G2586,90.118833072799,23.57333791951834,-0.06179724739222761,-0.054048832360159414,17.104228504817815,25001000.0,21.84079159749873
G2587,90.11873456296844,23.57784857550088,-0.04890455390333431,-0.07478577020220711,17.104228504817815,25001000.0,21.700787370240402
G2588,90.11863602863389,23.58235922847765,0.01266290244162969,-0.012192555264875013,17.104228504817815,25001000.0,25.713367629286072
G2589,90.1185374697916,23.586869878448177,0.06825147351838169,-0.028801435369432114,17.104228504817815,25001000.0,26.904610870372863
G2590,90.1184388864379,23.59138052541195,0.1813730230229636,-0.08615378885893411,17.104228504817815,25001000.0,26.081942614940488
G2591,90.11834027856908,23.595891169368493,0.2154874627375599,-0.1066053959564983,17.104228504817815,25001000.0,25.620949503842382
G2592,90.1182416461814,23.600401810317315,0.2116952472597449,-0.08961630741382111,17.104228504817815,25001000.0,25.89089997768595
G2593,90.11814298927116,23.60491244825792,0.2098672907048085,-0.0972162052347862,17.104228504817815,25001000.0,25.770929659423512
G2594,90.11804430783464,23.60942308318983,0.21484707664924818,-0.0940555063795538,17.104228504817815,25001000.0,25.839229442799397
G2595,90.11794560186812,23.613933715112545,0.17726370229829458,-0.061183900905606214,17.104228504817815,25001000.0,26.878016825613557
G2596,90.11784687136786,23.618444344025583,0.1528436663346729,-0.03858912581792832,17.104228504817815,25001000.0,27.02567212710112
G2597,90.1177481163302,23.62295496992845,0.20371773382293948,-0.07218942475300191,17.104228504817815,25001000.0,26.35719268582975
G2598,90.11764933675136,23.62746559282066,0.23259892285527078,-0.0943216130483732,17.104228504817815,25001000.0,25.973365439969943
G2599,90.11755053262762,23.631976212701723,0.25028677073957356,-0.1116509721652537,17.104228504817815,25001000.0,25.69389363027548
G2600,90.11745170395528,23.636486829571147,0.2435559915579613,-0.10962661407555331,17.104228504817815,25001000.0,25.643104796371258
G2601,90.11735285073064,23.640997443428443,0.23633176545141288,-0.0949054336666375,17.104228504817815,25001000.0,26.01154171949996
G2602,90.1172539729499,23.64550805427313,0.2431709422546507,-0.093789528671679,17.104228504817815,25001000.0,25.97020145833888
G2603,90.1171550706094,23.65001866210471,0.2122687945192249,-0.09215491850797801,17.104228504817815,25001000.0,25.855998022789585
G2604,90.11705614370535,23.654529266922697,0.2363797857581684,-0.10611824385887031,17.104228504817815,25001000.0,25.643104796371258
G2605,90.1169571922341,23.659039868726595,0.2390245307290402,-0.1047520147021056,17.104228504817815,25001000.0,25.643104796371258
G2606,90.11685821619184,23.66355046751593,0.23524260320175638,-0.10259517527960331,17.104228504817815,25001000.0,25.623202607095642
G2607,90.11675921557487,23.668061063290203,0.23729268295709138,-0.1160119135977202,16.77109783377645,25001000.0,25.561018190418263
G2608,90.11666019037948,23.672571656048923,0.24068126160144168,-0.10850537122451201,17.104228504817815,25001000.0,25.643104796371258
G2609,90.11656114060192,23.677082245791617,0.2363041899273882,-0.1030023405405524,15.855438111554264,25001000.0,25.51992803466866
G2610,90.1164620662384,23.68159283251778,0.25131307842464595,-0.11374657871071171,17.104228504817815,25001000.0,25.69389363027548
G2611,90.11636296728526,23.68610341622692,0.26288858628969286,-0.1191569097799507,16.146549222665357,25001000.0,25.575646675331352
G2612,90.11626384373872,23.69061399691856,0.25730467182587674,-0.12445703320660001,17.104228504817815,25001000.0,25.709617914160532
G2613,90.11616469559506,23.695124574592214,0.2519087800821453,-0.1115242564767436,16.100472833776475,25001000.0,25.57071686857288
G2614,90.1160655228505,23.69963514924737,0.25502745569285257,-0.109138074842842,17.104228504817815,25001000.0,25.778623067694376
G2615,90.11596632550136,23.704145720883577,0.25634403254561045,-0.10954330021335691,16.04797283377647,25001000.0,25.659791131994602
G2616,90.11586710354383,23.70865628950032,0.26999402185788174,-0.12000509984536481,17.104228504817815,25001000.0,25.84865077999889
G2617,90.11576785697422,23.71316685509712,0.25907858511717535,-0.1184691268900324,15.869352641468794,25001000.0,25.587581674270915
G2618,90.11622342847994,23.71705370740965,0.20687943077146198,-0.0783243000831289,17.104228504817815,25001000.0,26.318421281576484
G2619,90.11766074534154,23.72248816043622,0.2500205229800795,-0.1088798696349742,17.104228504817815,25001000.0,25.7124236481455
G2620,90.1174225237597,23.724847692223403,0.2523762030887873,-0.104575030944446,17.104228504817815,25001000.0,25.804227252090193
G2654,90.11423656620804,23.88176014737155,0.32786216951112834,-0.1733949253635339,17.104228504817815,25001000.0,25.62776992549154
G2655,90.11372699193878,23.8847358468807,0.29344185159701586,-0.1449108833156952,17.104228504817815,25001000.0,25.80903478192251
G2656,90.1129991829157,23.889708442471665,0.2581363959598811,-0.107593785845754,17.104228504817815,25001000.0,25.779118820159255
G2657,90.11181728120444,23.89361919788486,0.2194684381865594,-0.0759048599479096,17.104228504817815,25001000.0,26.319358930460687
G2658,90.11167751021732,23.898097438369376,0.2443943151172753,-0.09769967448104591,17.104228504817815,25001000.0,25.879936085767245
G2659,90.11157722654148,23.90260787668789,0.2021141132036454,-0.0708855311370742,17.104228504817815,25001000.0,26.325577664249426
G2660,90.11147691809136,23.907118311965498,0.1872096350132457,-0.1087924765174153,17.104228504817815,25001000.0,25.65429052627412
G2661,90.11137658486314,23.9116287442017,0.2019090091880225,-0.10200005765228101,17.104228504817815,25001000.0,25.671756418260784
G2662,90.11127622685302,23.916139173396022,0.2042356822408461,-0.07843912589455371,17.104228504817815,25001000.0,26.31169066475054
G2663,90.1111758440572,23.920649599547986,0.1559829355811935,-0.055767615776470415,17.104228504817815,25001000.0,26.905004887472817
G2664,90.1110754364719,23.92516002265708,0.2220892178625547,-0.0902904852194038,17.104228504817815,25001000.0,25.937016152328006
G2665,90.11097500409328,23.92967044272284,0.23762264312665748,-0.1120136800207097,17.104228504817815,25001000.0,25.643104796371258
G2666,90.11087454691754,23.93418085974475,0.2408946420343377,-0.0981277433526375,17.104228504817815,25001000.0,25.858199466545283
G2667,90.1107740649409,23.93869127372236,0.25368865337833585,-0.11338009733598291,17.104228504817815,25001000.0,25.69389363027548
G2668,90.11067355815952,23.943201684655165,0.2225644413840667,-0.08934202900059501,17.104228504817815,25001000.0,25.951437748258616
G2669,90.11057302656964,23.94771209254268,0.1997513009763817,-0.0736205191088264,17.104228504817815,25001000.0,26.325577664249426
G2670,90.11047247016737,23.952222497384422,0.21565425270640598,-0.08939086455774391,17.104228504817815,25001000.0,25.874131397695763
G2671,90.11037188894896,23.956732899179897,0.23224600523834968,-0.093988990986808,17.104228504817815,25001000.0,25.973365439969943
G2672,90.1102712829106,23.96124329792864,0.2422295542359312,-0.1013816555923048,17.104228504817815,25001000.0,25.784016717614747
G2673,90.11017065204842,23.965753693630127,0.2396922583641929,-0.09982604323480121,17.104228504817815,25001000.0,25.783656890212264
G2674,90.11006999635866,23.97026408628391,0.26459639413174674,-0.12064730648035801,17.104228504817815,25001000.0,25.694478611031126
G2675,90.1099693158375,23.974774475889483,0.25597276902895066,-0.1041866606165987,17.104228504817815,25001000.0,25.87042667163907
G2676,90.10986861048109,23.97928486244636,0.2655342264284127,-0.11292125804455111,17.104228504817815,25001000.0,25.758440234580007
G2677,90.10976788028564,23.983795245954063,0.25642397191855776,-0.1173974257715592,17.104228504817815,25001000.0,25.709543326575172
G2678,90.10966712524728,23.988305626412103,0.21006450467126958,-0.1012914116599915,17.104228504817815,25001000.0,25.70807208248807
G2679,90.10956634536228,23.99281600382,0.2309819346825168,-0.0905066578853696,17.104228504817815,25001000.0,26.043637198552336
G2680,90.10946554062672,23.997326378177245,0.193153875009457,-0.0846221446342331,17.104228504817815,25001000.0,26.177856952970412
G2681,90.10936471103685,24.00183674948338,0.19603417827164218,-0.1033623575614212,17.104228504817815,25001000.0,25.65429052627412
G2682,90.1092638565888,24.006347117737903,0.2323299922324689,-0.0879750663871497,17.104228504817815,25001000.0,26.223414848540738
G2683,90.10916297727874,24.01085748294033,0.2467162689842713,-0.09867897957385131,17.104228504817815,25001000.0,25.95130028083554
G2684,90.10906262675049,24.01536618439648,0.2240122380310697,-0.09055536981907701,17.104228504817815,25001000.0,25.937016152328006
G2685,90.11013707145987,24.01958070359473,0.22753299709531688,-0.0857380192490048,17.104228504817815,25001000.0,26.277152217667716
G2686,90.11055277982162,24.02433132267321,0.2271856536831202,-0.0837052811364172,17.104228504817815,25001000.0,26.36590772223259
G2687,90.11097946341432,24.026726284663592,0.18001436812231741,-0.06846747857195189,17.104228504817815,25001000.0,26.485811326347566
G2701,90.12400975103024,23.56572424714457,-0.048801357610782206,-0.058967844580318715,17.104228504817815,25001000.0,21.810361464590216
G2702,90.12382504719103,23.56891795321208,-0.05221509456918041,-0.059261352271873916,18.144327000443155,25001000.0,21.810361464590216
G2703,90.123726728575,23.57342863161187,-0.028988710624165505,-0.041275289796020014,17.104228504817815,25001000.0,23.35483887288335
G2704,90.12362838550008,23.577939307007668,-0.02932158298512961,-0.04490989287321241,17.23855585616454,25001000.0,23.073970614388653
G2705,90.1235300179626,23.582449979398987,0.04996361789862809,0.011669245396275086,17.104228504817815,25001000.0,28.523933049393783
G2706,90.12343162595884,23.586960648785343,0.080753487514465,-0.03553370078031692,16.89519879531494,25001000.0,27.194391973712385
G2707,90.12333320948508,23.59147131516623,0.18316377406255588,-0.0848295466223667,17.104228504817815,25001000.0,26.14239005904627
G2708,90.12323476853764,23.59598197854118,0.2247937696158425,-0.11314782816620501,16.459175485291638,25001000.0,25.541986470321195
G2709,90.12313630311276,23.600492638909696,0.25472620100576926,-0.1174810845045921,17.104228504817815,25001000.0,25.71436105580061
G2710,90.1230378132068,23.605003296271285,0.2301989216036445,-0.10026020941060551,16.59119879531491,25001000.0,25.62060684458689
G2711,90.12293929881602,23.609513950625463,0.1903574738150489,-0.06977929959481201,17.104228504817815,25001000.0,26.4761034150194
G2712,90.1228407599367,23.61402460197174,0.1719612096814461,-0.05767794695885441,16.71796802608415,25001000.0,26.85807310874162
G2713,90.12274219656511,23.618535250309616,0.1647541041894896,-0.059495297655894216,17.104228504817815,25001000.0,26.853649238825945
G2714,90.1226436086976,23.62304589563862,0.1986266494287668,-0.07882908392202771,16.770583410699516,25001000.0,26.125848890564484
G2715,90.1225449963304,23.62755653795825,0.2017711318107496,-0.07878540189843701,17.104228504817815,25001000.0,26.253110301769787
G2716,90.1224463594598,23.632067177268027,0.2390153675787873,-0.09824232140024661,16.765968026084153,25001000.0,25.77611286059229
G2717,90.1223476980821,23.63657781356745,0.24333433480578828,-0.09721043477313741,17.104228504817815,25001000.0,25.902247960127994
G2718,90.12224901219356,23.641088446856045,0.2412752600744241,-0.10140899704035221,16.257357303473412,25001000.0,25.674131762089743
G2719,90.12215030179048,23.645599077133312,0.210471877479704,-0.0968888711169535,17.104228504817815,25001000.0,25.770929659423512
G2720,90.12205156686912,23.65010970439877,0.20038698165574628,-0.06920607507496701,16.18978154589766,25001000.0,26.231038136245317
G2721,90.12195280742576,23.654620328651923,0.2349675356288467,-0.10514028144947261,17.104228504817815,25001000.0,25.643104796371258
G2722,90.1218540234567,23.659130949892283,0.2453514666927856,-0.1111463240320744,16.47366033377645,25001000.0,25.50301072633676
G2723,90.1217552149582,23.663641568119367,0.24391411464012658,-0.10050806514771521,17.104228504817815,25001000.0,25.55845029517407
G2724,90.12165638192651,23.66815218333268,0.24771958307463568,-0.11826065398363181,16.873597833776472,25001000.0,25.568161698472736
G2725,90.12155752435795,23.67266279553174,0.24720781541566939,-0.11033406177783481,17.104228504817815,25001000.0,25.62618748803936
G2726,90.12145864224875,23.67717340471605,0.21690852374261999,-0.10802516240326561,15.861787317903492,25001000.0,25.492978661902942
G2727,90.1213597355952,23.68168401088514,0.25047237449450926,-0.10325588701224171,17.104228504817815,25001000.0,25.804227252090193
G2728,90.12126080439356,23.6861946140385,0.2378649602666084,-0.11196953403719061,15.915724849905502,25001000.0,25.51992803466866
G2729,90.12116184864011,23.69070521417565,0.25690919315501,-0.1177480166473368,17.104228504817815,25001000.0,25.709543326575172
G2730,90.12106286833112,23.69521581129611,0.25587134730358524,-0.1170691431941392,15.80812187223799,25001000.0,25.5907113908754
G2731,90.1209638634628,23.69972640539937,0.2142656166899108,-0.08039937998458921,17.104228504817815,25001000.0,26.263092170466933
G2732,90.12086483403148,23.704236996484976,0.2440265500438523,-0.09952878933189921,17.104228504817815,25001000.0,25.84387474767543
G2733,90.1207657800334,23.708747584552405,0.26905698053477795,-0.1176146364305014,17.104228504817815,25001000.0,25.805667451211413
G2734,90.12066670146484,23.713258169601183,0.25743853528743976,-0.1042870956738883,17.104228504817815,25001000.0,25.85363246816739
G2735,90.120567598322,23.717768751630835,0.2206394971296962,-0.11185964373608191,17.104228504817815,25001000.0,25.67641737314364
G2736,90.1204684706012,23.72227933064085,0.2382203300479387,-0.08840330900888671,17.104228504817815,25001000.0,26.259148513982883
G2737,90.12120612537784,23.72607993296508,0.21986816939414439,-0.0998106185557889,17.104228504817815,25001000.0,25.729839101955104
G2738,90.12239399841452,23.7297249416118,0.21929223454694838,-0.09507796754066611,17.104228504817815,25001000.0,25.899119263147114
G2770,90.11783284097508,23.87597853996673,0.29256334520082566,-0.138520839251772,17.104228504817815,25001000.0,25.815953069043946
G2771,90.1171181257633,23.880234504399493,0.25394101887975357,-0.1016562830039972,15.762660333776495,25001000.0,25.865162715213614
G2772,90.11688347205788,23.884658159817047,0.2418866378520333,-0.103411323459485,17.104228504817815,25001000.0,25.643104796371258
G2773,90.11678343231068,23.8891686267582,0.2426038009379708,-0.09872680665247731,16.479327000443135,25001000.0,25.736928523971162
G2774,90.11668336784244,23.893679090661227,0.18899024794664218,-0.061694337373723214,17.104228504817815,25001000.0,26.79466573214736
G2775,90.11658327864934,23.898189551525626,0.2172604836692501,-0.08880947351082631,16.69218088172167,25001000.0,25.886533393964616
G2776,90.11648316472764,23.9027000093509,0.2202649876371916,-0.0844049118630215,17.104228504817815,25001000.0,26.21182618151385
G2777,90.11638302607348,23.90721046413659,0.1673812733919799,-0.1095849163520588,17.19371667180465,25001000.0,25.249692078178004
G2778,90.11628286268314,23.911720915882185,0.15727410074499168,-0.1183330825328536,17.104228504817815,25001000.0,25.26056807873978
G2779,90.11618267455276,23.91623136458722,0.1862996954315073,-0.05714715437638311,16.87849366710978,25001000.0,26.871257924566216
G2780,90.11608246167862,23.92074181025119,0.2006533507139359,-0.085812791075747,17.104228504817815,25001000.0,26.132682147718103
G2781,90.11598222405684,23.92525225287361,0.23271233141292338,-0.1042122543647021,16.728771444887542,25001000.0,25.56729442413481
G2782,90.1158819616837,23.92976269245401,0.2314385181337684,-0.11913168191536731,17.104228504817815,25001000.0,25.646737828818686
G2783,90.11578167455536,23.934273128991894,0.2170938232856143,-0.0941508466552379,16.365829347860966,25001000.0,25.739956021644296
G2784,90.115681362668,23.938783562486773,0.25093203546933296,-0.1180794684132056,17.104228504817815,25001000.0,25.675910823476094
G2785,90.11558102601784,23.94329399293817,0.2484418812375828,-0.1324429275261725,16.206674418283484,25001000.0,25.47633208752233
G2786,90.11548066460112,23.947804420345587,0.221155781393225,-0.08787319561482881,17.104228504817815,25001000.0,26.05988230525299
G2787,90.11538027841397,23.952314844708543,0.2329179536272538,-0.09231491104186221,16.211946048062174,25001000.0,25.884401240258608
G2788,90.1152798674526,23.956825266026563,0.2287319537265026,-0.08656253193296881,17.104228504817815,25001000.0,26.225033657232714
G2789,90.11517943171324,23.96133568429915,0.21565685198497578,-0.07553228847535191,16.114182072906914,25001000.0,26.228358319189123
G2790,90.11507897119203,23.965846099525816,0.24637737644764468,-0.09244765924594271,17.104228504817815,25001000.0,26.19538533989556
G2791,90.1149784858852,23.97035651170609,0.2513881511648779,-0.09580610114391491,16.209946048062164,25001000.0,25.94033498241558
G2792,90.11487797578891,23.974866920839464,0.2377491577466514,-0.09281570370156021,17.104228504817815,25001000.0,26.019653833912166
G2793,90.1147774408994,23.97937732692547,0.2395784717470496,-0.0959074870708035,16.4345174766336,25001000.0,25.833771800805177
G2794,90.11467688121282,23.98388772996361,0.2202366343509243,-0.095538608844592,17.104228504817815,25001000.0,25.84715699908144
G2795,90.11457629672532,23.988398129953413,0.2280677968796423,-0.0942357447509959,16.660848739573595,25001000.0,25.835961922242422
G2796,90.11447568743316,23.992908526894382,0.1840290945375902,-0.1046068203942625,17.104228504817815,25001000.0,25.65429052627412
G2797,90.11437505333248,23.99741892078604,0.1794281772036483,-0.111270314249898,16.651391677060047,25001000.0,25.50833793094814
G2798,90.11427439441948,24.00192931162789,0.2116715074927211,-0.09562350512193471,17.104228504817815,25001000.0,25.793715621285152
G2799,90.11417371069032,24.006439699419463,0.21737242084931419,-0.0799563705961782,16.552954451423517,25001000.0,26.124760611867043
G2800,90.11407300214115,24.010950084160253,0.2430399129381658,-0.0961639355710307,17.104228504817815,25001000.0,25.903327887351217
G2801,90.11397226876824,24.015460465849795,0.21935912724570208,-0.0826426001788164,16.45207209848232,25001000.0,26.088195305440095
G2802,90.1138715105677,24.019970844487588,0.2291688859563531,-0.08997548596937831,17.104228504817815,25001000.0,25.989219126519572
G2803,90.11375176968244,24.02445696721821,0.19101933845811989,-0.0985846679073052,16.678555856164536,25001000.0,25.651063861218205
G2804,90.11243994326972,24.02676923717284,0.18001436812231741,-0.06846747857195189,17.104228504817815,25001000.0,26.485811326347566
G2818,90.12896234349611,23.56568339594913,-0.043676158429683906,-0.06353726253068831,17.104228504817815,25001000.0,21.90350526119415
G2819,90.12871856070797,23.5690084921757,-0.021974038171661808,-0.033037526510285416,17.104228504817815,25001000.0,23.68417344034501
G2820,90.12862040880988,23.573519189954588,0.03046809104629709,0.052106383470181684,17.104228504817815,25001000.0,28.048528162041695
G2821,90.12852223249432,23.57802988473077,0.02152691755074679,0.03683558721998249,17.104228504817815,25001000.0,27.237260202843917
G2822,90.12842403175762,23.58254057650376,0.031124408231791592,-0.029302136925476015,17.104228504817815,25001000.0,26.11109004213731
G2823,90.12832580659604,23.58705126527306,0.1714356309026632,-0.0815870694192663,17.104228504817815,25001000.0,26.16234473138433
G2824,90.12822755700594,23.59156195103819,0.2241516024519683,-0.100191389245565,17.104228504817815,25001000.0,25.748945217461223
G2825,90.12812928298356,23.59607263379866,0.24641925630463138,-0.11892662443757361,17.104228504817815,25001000.0,25.612108530280683
G2826,90.12803098452524,23.600583313553976,0.2390672699168761,-0.11121546037770641,17.104228504817815,25001000.0,25.643104796371258
G2827,90.12793266162728,23.60509399030365,0.2277174700493457,-0.10060726473060691,17.104228504817815,25001000.0,25.749305044863707
G2828,90.12783431428592,23.60960466404721,0.2177623051784851,-0.09302071761494171,17.104228504817815,25001000.0,25.899119263147114
G2829,90.12773594249752,23.61411533478414,0.2144979909785188,-0.0909247243430559,17.104228504817815,25001000.0,25.859709801765153
G2830,90.12763754625836,23.61862600251397,0.1933140726361683,-0.0740025756056885,17.104228504817815,25001000.0,26.325577664249426
G2831,90.1275391255647,23.623136667236206,0.22169367127861328,-0.0861925435134529,17.104228504817815,25001000.0,26.14564895268834
G2832,90.12744068041286,23.62764732895036,0.2208400684267371,-0.09366438150032831,17.104228504817815,25001000.0,25.899119263147114
G2833,90.1273422107991,23.632157987655937,0.2322187239538894,-0.09938365139619351,17.104228504817815,25001000.0,25.775549185056207
G2834,90.12724371671976,23.63666864335246,0.2377247198139447,-0.1010430564959862,17.104228504817815,25001000.0,25.784016717614747
G2835,90.12714519817106,23.641179296039443,0.2457195540328176,-0.10284391786321741,17.104228504817815,25001000.0,25.68079894677188
G2836,90.12704665514931,23.64568994571638,0.2208140529620315,-0.10113239430044861,17.104228504817815,25001000.0,25.730198929357588
G2837,90.12694808765086,23.6502005923828,0.1955174953581953,-0.06988303327389851,17.104228504817815,25001000.0,26.4761034150194
G2838,90.12684949567192,23.654711236038203,0.25634099951206185,-0.11017609067618611,17.104228504817815,25001000.0,25.778623067694376
G2839,90.12675087920876,23.659221876682103,0.2438002640219989,-0.1144761572681988,17.104228504817815,25001000.0,25.643104796371258
G2840,90.12665223825772,23.663732514314017,0.23057620453288238,-0.1067371113669442,17.104228504817815,25001000.0,25.649381030087806
G2841,90.12655357281508,23.668243148933453,0.2411738379819225,-0.10802558625851731,17.104228504817815,25001000.0,25.643104796371258
G2842,90.12645488287706,23.672753780539928,0.2255333613346495,-0.0922490298054867,17.104228504817815,25001000.0,25.939146134466903
G2843,90.12635616843995,23.677264409132945,0.1756031909170589,-0.0864064193481331,17.104228504817815,25001000.0,26.081942614940488
G2844,90.1262574295001,23.68177503471201,0.26283505572926885,-0.1150859921830705,17.104228504817815,25001000.0,25.702505040051953
G2845,90.1261586660537,23.68628565727667,0.2486276544850116,-0.11401145124264851,17.104228504817815,25001000.0,25.62618748803936
G2846,90.12605987809704,23.6907962768264,0.26143254504805646,-0.112365773192537,17.104228504817815,25001000.0,25.76235528048414
G2847,90.12596106562644,23.69530689336073,0.2511729915146367,-0.10449367438992761,17.104228504817815,25001000.0,25.804227252090193
G2848,90.12586222863813,23.69981750687916,0.20407197241291128,-0.07930989742159901,17.104228504817815,25001000.0,26.284725323350113
G2849,90.1257633671284,23.704328117381216,0.1974708958879299,-0.05363906711940821,15.784526005418257,25001000.0,26.762708055035727
G2850,90.12566448109348,23.7088387248664,0.27341067538926006,-0.1162851884425467,15.747212572582415,25001000.0,25.819212071111128
G2851,90.12556557052967,23.713349329334225,0.26706858654434285,-0.11743175310957611,17.104228504817815,25001000.0,25.731688034702806
G2852,90.12546663543324,23.71785993078421,0.2620359934723739,-0.10719547821432311,16.083946048062188,25001000.0,25.745073093873298
G2853,90.12536767580043,23.722370529215866,0.2264269942317993,-0.1013893407807859,17.104228504817815,25001000.0,25.749305044863707
G2854,90.12526869162755,23.7268811246287,0.25643038061987156,-0.11327496140393191,16.101946048062217,25001000.0,25.641261114124582
G2855,90.12539162026432,23.73126233563084,0.2717265577635006,-0.11340462557338951,17.104228504817815,25001000.0,25.9380440068109
G2856,90.12550415608082,23.734079618249456,0.24745892449743528,-0.0929408290728982,17.104228504817815,25001000.0,26.19538533989556
G2886,90.12354276251664,23.871902412663072,0.29694180022663474,-0.14005735661334712,15.721827000443142,25001000.0,25.769633804542806
G2887,90.1220361007382,23.87579378308133,0.28427962091368336,-0.129500319873727,17.104228504817815,25001000.0,25.90776660601362
G2888,90.1218886016355,23.880239568989065,0.2666335594786868,-0.1143786437321508,16.030160333776475,25001000.0,25.56306088553167
G2889,90.12178875619604,23.88475005843637,0.24096807417239538,-0.1145936436068469,17.104228504817815,25001000.0,25.643104796371258
G2890,90.12168888608112,23.88926054484734,0.17839800794368968,-0.10081400704166621,16.739030196790196,25001000.0,25.568988151041104
G2891,90.12158899128706,23.893771028221465,0.11313089366624969,-0.030609842046332315,17.104228504817815,25001000.0,27.46771492738673
G2892,90.12148907181,23.89828150855828,0.15686831547001298,-0.08896431395272761,16.879578141995665,25001000.0,25.682163058664884
G2893,90.12138912764615,23.90279198585729,0.255889979788294,-0.1082056116590912,17.104228504817815,25001000.0,25.795913023630934
G2894,90.1212891587918,23.90730246011802,0.1662920369779222,-0.05987236687532621,17.17182700044313,25001000.0,26.853649238825945
G2895,90.12118916524312,23.911812931339966,0.1816630397457986,-0.1336002392357564,17.104228504817815,25001000.0,25.61292438636574
G2896,90.12108914699633,23.91632339952266,0.1990696516171052,-0.0839061253957129,16.665057594050467,25001000.0,26.211692912819156
G2897,90.12098910404762,23.9208338646656,0.2257894227883992,-0.09459109812730891,17.104228504817815,25001000.0,25.918225378653233
G2898,90.1208890363932,23.92534432676831,0.24859661554428208,-0.1134798803011669,17.104228504817815,25001000.0,25.62618748803936
G2899,90.12078894402931,23.92985478583031,0.2313763102026411,-0.1029414029573157,17.104228504817815,25001000.0,25.623202607095642
G2900,90.12068882695216,23.934365241851097,0.2496468668633573,-0.1169627711757092,17.104228504817815,25001000.0,25.69404239589441
G2901,90.1205886851579,23.9388756948302,0.2430521872871124,-0.11180099468510771,17.104228504817815,25001000.0,25.643104796371258
G2902,90.1204885186428,23.943386144767125,0.2081061408891168,-0.07447228166754401,17.104228504817815,25001000.0,26.418636311164505
G2903,90.120388327403,23.9478965916614,0.2410108738391634,-0.1099485864518321,17.104228504817815,25001000.0,25.643104796371258
G2904,90.12028811143476,23.95240703551252,0.2321247710238806,-0.09018612973393181,17.104228504817815,25001000.0,26.058058794482946
G2905,90.12018787073428,23.95691747632001,0.2413162647805928,-0.1005697944375007,17.104228504817815,25001000.0,25.675925491946884
G2906,90.1200876052977,23.961427914083387,0.26563439989630405,-0.11369872674070311,17.104228504817815,25001000.0,25.748772697594916
G2907,90.11998731512126,23.96593834880215,0.28161864105123546,-0.1258401118043167,17.104228504817815,25001000.0,25.892989641372047
G2908,90.11988700020116,23.97044878047584,0.24167773324887648,-0.09332688217736261,17.104228504817815,25001000.0,26.019653833912166
G2909,90.1197866605336,23.97495920910396,0.22434386736656048,-0.08795869541730131,17.104228504817815,25001000.0,26.097800817137642
G2910,90.11968629611478,23.97946963468601,0.21158874219975018,-0.0734957795266779,17.104228504817815,25001000.0,26.418636311164505
G2911,90.11958590694088,23.98398005722153,0.23117495822482678,-0.091273685036626,17.104228504817815,25001000.0,26.043637198552336
G2912,90.11948549300809,23.98849047671001,0.232186275779109,-0.1050643180045204,17.104228504817815,25001000.0,25.649381030087806
G2913,90.11938505431256,23.99300089315098,0.233612848575529,-0.09110927497917251,17.104228504817815,25001000.0,26.043637198552336
G2914,90.11928459085055,23.99751130654396,0.25185853076365755,-0.1166549051939366,17.104228504817815,25001000.0,25.66503482291432
G2915,90.11918410261823,24.002021716888446,0.239961230107364,-0.1011138118422835,17.104228504817815,25001000.0,25.784016717614747
G2916,90.11908358961178,24.00653212418397,0.22333262353390368,-0.08478106506136661,17.104228504817815,25001000.0,26.184067906476677
G2917,90.11898305182736,24.01104252843004,0.25198249595845945,-0.0947100363955871,17.104228504817815,25001000.0,26.09651675372
G2918,90.1188824892612,24.01555292962618,0.23736414292062968,-0.09515686424578651,17.104228504817815,25001000.0,26.00151590201377
G2919,90.11878190190949,24.02006332777188,0.23443241041720259,-0.09734755147608641,17.104228504817815,25001000.0,25.885424240808984
G2920,90.1186587163684,24.024234009366552,0.1999617037141529,-0.0704757433741794,17.104228504817815,25001000.0,26.393980904621397
G2921,90.1206749730618,24.02766912346345,0.190902332914594,-0.029345113432650415,17.104228504817815,25001000.0,27.661251633395363
G2933,90.13611779531664,23.556415573365936,-0.03140430796151341,-0.066188105925401,17.104228504817815,25001000.0,22.48502067170101
G2934,90.1356322711589,23.56059942300728,-0.029167012027077707,-0.0668559546144344,17.104228504817815,25001000.0,22.48502067170101
G2935,90.13383790962165,23.5647335210716,-0.00859822702912221,-0.03494449025634101,17.104228504817815,25001000.0,23.807135091622712
G2936,90.13361209863868,23.569098877418305,0.04546324202755419,-0.004939555305246113,17.201599727715887,25001000.0,28.37970842938541
G2937,90.1335141134622,23.573609594543417,0.08632030390675269,0.019074130326928587,17.104228504817815,25001000.0,29.211452053157053
G2938,90.13341610390972,23.578120308667103,0.026590589743600093,-0.007123774579149013,16.952884214373483,25001000.0,26.354648248347583
G2939,90.13331806997748,23.58263101978888,0.05155282701440409,-0.025161730131599513,17.104228504817815,25001000.0,26.947816671614408
G2940,90.13322001166182,23.587141727908246,0.2230295420962505,-0.0865010946055736,16.832811848928003,25001000.0,26.07674716255994
G2941,90.13312192895906,23.591652433024723,0.22912522124269968,-0.1046552015730936,17.104228504817815,25001000.0,25.665163232023794
G2942,90.13302382186546,23.59616313513782,0.2164158971945028,-0.09552661627326371,16.63458341069955,25001000.0,25.705003722322914
G2943,90.1329256903774,23.600673834247058,0.199637294463375,-0.08078347388187,17.104228504817815,25001000.0,26.19903289716122
G2944,90.13282753449111,23.60518453035193,0.2283988167208827,-0.11120868334030351,16.74935264146879,25001000.0,25.5830766260708
G2945,90.13272935420292,23.60969522345196,0.2422693043463654,-0.1172972079626189,17.104228504817815,25001000.0,25.653980796933034
G2946,90.13263114950914,23.614205913546662,0.2230126364173155,-0.09784961404767581,16.778891103007226,25001000.0,25.697475902181875
G2947,90.13253292040604,23.61871660063554,0.1969257750808986,-0.076306730390979,17.104228504817815,25001000.0,26.31876257273083
G2948,90.13243466688998,23.62322728471812,0.2231457781658737,-0.09492495594087921,16.770472833776495,25001000.0,25.834449187409255
G2949,90.1323363889572,23.62773796579388,0.2363226765372139,-0.1006610698540379,17.104228504817815,25001000.0,25.794429571149372
G2950,90.132238086604,23.632248643862365,0.2336444575790898,-0.1121765269390233,16.81141033377648,25001000.0,25.53836807214456
G2951,90.1321397598267,23.63675931892308,0.2400602111258616,-0.1016392786005426,17.104228504817815,25001000.0,25.784016717614747
G2952,90.13204140862156,23.64126999097553,0.262144025902209,-0.1143252040183874,16.368121872237992,25001000.0,25.58367310435218
G2953,90.13194303298494,23.64578066001923,0.24191105984991199,-0.110280043848031,17.104228504817815,25001000.0,25.643104796371258
G2954,90.13184463291306,23.650291326053697,0.2443193586071153,-0.107590659262389,16.340084576200724,25001000.0,25.51992803466866
G2955,90.13174620840223,23.65480198907844,0.2297687181001173,-0.09706975422626171,17.104228504817815,25001000.0,25.81658457284561
G2956,90.13164775944875,23.65931264909296,0.20886544648567548,-0.09528767630571791,16.61981417993033,25001000.0,25.70719909690079
G2957,90.1315492860489,23.663823306096788,0.227639292083485,-0.10903199315477191,17.104228504817815,25001000.0,25.665163232023794
G2958,90.13145078819896,23.668333960089427,0.1999982984264512,-0.10083683440978071,17.04473725685338,25001000.0,25.736432799229856
G2959,90.13135226589525,23.67284461107038,0.2175358793805132,-0.09645297905604981,15.714168270284432,25001000.0,25.740073725162926
G2960,90.13125371913398,23.67735525903917,0.19613411565887698,-0.099989073596755,17.104228504817815,25001000.0,25.707712255085585
G2961,90.1311551479115,23.681865903995323,0.27511213620985225,-0.1234998735399142,15.610785333776478,25001000.0,25.7869414320338
G2962,90.13105655222408,23.686376545938323,0.26385669859519956,-0.11945993908993391,17.104228504817815,25001000.0,25.694478611031126
G2963,90.13095793206796,23.6908871848677,0.2530732600228743,-0.11085791598809801,15.636737256853422,25001000.0,25.645589862666117
G2964,90.13085928743948,23.695397820782965,0.2293367326360406,-0.089198920816543,17.104228504817815,25001000.0,26.07327304482933
G2965,90.13076061833488,23.69990845368362,0.19890469311924008,-0.05861358475258721,15.845307392600006,25001000.0,26.76418787126504
G2966,90.13066192475044,23.7044190835692,0.1769788462432419,-0.059339719358695614,17.104228504817815,25001000.0,26.92937247426043
G2967,90.13056320668242,23.7089297104392,0.2418742213864236,-0.0862785269662539,15.928542686717634,25001000.0,26.203672796018324
G2968,90.13046446412712,23.71344033429312,0.2485899115350855,-0.0996834680935649,17.104228504817815,25001000.0,25.915238942743724
G2969,90.13036569708083,23.7179509551305,0.24074457592876608,-0.10279380870907631,16.346517476633636,25001000.0,25.500025845393044
G2970,90.13026690553978,23.72246157295084,0.231140495244514,-0.1114102052768411,17.104228504817815,25001000.0,25.649381030087806
G2971,90.13016808950026,23.726972187753653,0.1973648017127924,-0.0868958708937744,15.998517476633621,25001000.0,25.899720603208404
G2972,90.13006924895852,23.73148279953845,0.18368850001185108,-0.08578739930615621,17.104228504817815,25001000.0,26.14239005904627
G2973,90.13093549224948,23.73540730302839,0.1752705595562944,-0.0950562720151844,17.104228504817815,25001000.0,25.799000697295615
G2974,90.13186739097932,23.738713962741617,0.09686732242538759,-0.0922396365764188,17.104228504817815,25001000.0,24.771171213083928
G3002,90.12785863843057,23.867379287013968,0.2956227544581301,-0.1378891972364852,17.104228504817815,25001000.0,25.815953069043946
G3003,90.12699488578376,23.871312057665595,0.2940014348659761,-0.14192371841138682,17.104228504817815,25001000.0,25.770165623732066
G3004,90.1268933920703,23.87582078022796,0.2650749608293362,-0.11467408000660251,17.104228504817815,25001000.0,25.719913890233755
G3005,90.12679374085482,23.88033129214529,0.2363844232332756,-0.0923938170408205,17.104228504817815,25001000.0,26.022049621779004
G3006,90.1266940650096,23.884841801028056,0.23591008553472298,-0.09535311088573661,17.104228504817815,25001000.0,25.979128633150484
G3007,90.12659436453076,23.8893523068758,0.1508094430268036,-0.020221840068709616,17.104228504817815,25001000.0,27.980751828283694
G3008,90.12649463941464,23.893862809688,0.18516073253355309,-0.05883772084048791,17.104228504817815,25001000.0,26.92937247426043
G3009,90.1263948896574,23.89837330946421,0.21683954575266098,-0.0919376230581005,17.104228504817815,25001000.0,25.839229442799397
G3010,90.12629511525527,23.90288380620392,0.21644313282273428,-0.07676686552339931,17.104228504817815,25001000.0,26.41182121964591
G3011,90.12619531620447,23.907394299906645,0.1802362091772557,-0.056223395944625616,17.104228504817815,25001000.0,26.92937247426043
G3012,90.12609549250124,23.911904790571903,0.20083491537604528,-0.112045386849452,17.104228504817815,25001000.0,25.65429052627412
G3013,90.12599564414178,23.91641527819921,0.1865075432108402,-0.056966561472659015,17.104228504817815,25001000.0,26.92937247426043
G3014,90.1258957711223,23.920925762788087,0.2114217770386718,-0.0776695903803935,17.104228504817815,25001000.0,26.379864906911237
G3015,90.12579587343905,23.92543624433804,0.25108379136165265,-0.1098800602708624,16.650537046105256,25001000.0,25.63016019173469
G3016,90.12569595108822,23.929946722848573,0.2253828363192131,-0.0808811354911499,17.104228504817815,25001000.0,26.28249277462451
G3017,90.125596004066,23.934457198319222,0.2139119652654766,-0.0759871088163678,16.359913854903226,25001000.0,26.199766179803603
G3018,90.12549603236866,23.93896767074949,0.2475927140027775,-0.0988433640134477,17.104228504817815,25001000.0,25.95130028083554
G3019,90.12539603599238,23.9434781401389,0.2178079261801409,-0.08381209878207091,16.248893210488774,25001000.0,26.11475021982904
G3020,90.12529601493335,23.94798860648696,0.22714576785087529,-0.0939678170530161,17.104228504817815,25001000.0,25.918225378653233
G3021,90.12519596918784,23.952499069793177,0.28075563546328475,-0.13399447448519472,16.146392728142672,25001000.0,25.69562908720974
G3022,90.12509589875198,23.95700953005708,0.2516519885927528,-0.1134899226787137,17.104228504817815,25001000.0,25.69389363027548
G3023,90.12499580362204,23.961519987278184,0.24462748291059389,-0.1082445335769156,16.07910960913878,25001000.0,25.51992803466866
G3024,90.12489568379418,23.966030441455988,0.2298862235709237,-0.09193871493059981,17.104228504817815,25001000.0,25.925446527820238
G3025,90.12479553926464,23.970540892590023,0.25590180354965997,-0.10446037803004371,16.31423176234793,25001000.0,25.751594735939296
G3026,90.12469537002958,23.975051340679805,0.2276530313463468,-0.1177069626840536,17.104228504817815,25001000.0,25.67603923258557
G3027,90.12459517608524,23.979561785724844,0.2386030800947252,-0.09392611832922361,16.480269029428626,25001000.0,25.913387302032877
G3028,90.12449495742784,23.98407222772464,0.24139183718436008,-0.0993538015163313,17.104228504817815,25001000.0,25.783656890212264
G3029,90.1243947140535,23.98858266667873,0.20615542481815538,-0.0824936987405907,16.56137461949075,25001000.0,26.0612263152596
G3030,90.12429444595848,23.993093102586627,0.2077481086547765,-0.0799970750910087,17.104228504817815,25001000.0,26.263092170466933
G3031,90.12419415313896,23.99760353544784,0.23952007816611048,-0.1024196043541222,16.652153087399682,25001000.0,25.7909064515637
G3032,90.12409383559114,24.002113965261884,0.2241220414739312,-0.09357465283949541,17.104228504817815,25001000.0,25.918225378653233
G3033,90.1239934933112,24.00662439202827,0.2224191363112626,-0.08436537150438941,16.466317050194363,25001000.0,26.07780137459739
G3034,90.12389312629534,24.011134815746523,0.2370963021162123,-0.097722659902021,17.104228504817815,25001000.0,25.858199466545283
G3035,90.12379273453976,24.01564523641616,0.2345939589192948,-0.0914611983573608,16.402366216129423,25001000.0,25.937370666673047
G3036,90.12369231804064,24.020155654036685,0.2224038676772151,-0.0918646031455064,17.104228504817815,25001000.0,25.931484172064152
G3037,90.1235918767942,24.024666068607623,0.2289821878257993,-0.0883096392267742,16.609175485291615,25001000.0,26.015682079202954
G3038,90.12406670505116,24.02850943765488,0.2304431618919064,-0.10492697000130481,17.104228504817815,25001000.0,25.649381030087806
G3039,90.12581239688994,24.03153339094685,0.16535368180971238,-0.0906805752677169,17.104228504817815,25001000.0,25.652589334552914
G3048,90.14127416626128,23.54875739681492,-0.06504640363950631,-0.03570988614980841,17.104228504817815,25001000.0,21.720837997920963
G3049,90.1398511910201,23.551862323908264,-0.06165093354415391,-0.035527040506939514,17.104228504817815,25001000.0,21.64075923378838
G3050,90.13881455207787,23.555671526725348,-0.02848987178291991,-0.0675215728421082,17.104228504817815,25001000.0,22.388375301668354
G3051,90.1387012248549,23.56016762706141,-0.02211814116579531,-0.07457177580977731,17.104228504817815,25001000.0,22.412325479835314
G3052,90.13860345506194,23.564678369498694,0.060886536859220894,-0.03500803627881401,17.104228504817815,25001000.0,26.195832931769207
G3053,90.13850566094172,23.56918910893681,0.1461327587080894,-0.027533098408999014,17.104228504817815,25001000.0,27.619127221333706
G3054,90.1384078424906,23.573699845375263,0.095968937516901,-0.026484544315288416,17.104228504817815,25001000.0,27.53944499213034
G3055,90.13830999970482,23.57821057881358,0.026338167189823593,-0.03761845283237791,17.104228504817815,25001000.0,25.339590908393447
G3056,90.13821213258076,23.58272130925125,0.1569148795767831,-0.08375117159763351,17.104228504817815,25001000.0,26.139415571510533
G3057,90.13811424111468,23.58723203668781,0.210642760613624,-0.09472308505786961,17.104228504817815,25001000.0,25.855998022789585
G3058,90.13801632530296,23.59174276112275,0.18983626565700198,-0.07672689643411651,17.104228504817815,25001000.0,26.31876257273083
G3059,90.13791838514187,23.59625348255559,0.2115180573143495,-0.09995945875567701,17.104228504817815,25001000.0,25.707712255085585
G3060,90.13782042062772,23.60076420098585,0.23135475418618048,-0.11660934471524931,17.104228504817815,25001000.0,25.649381030087806
G3061,90.13772243175684,23.605274916413027,0.2305087805795508,-0.11172166919229931,17.104228504817815,25001000.0,25.649381030087806
G3062,90.1376244185255,23.609785628836647,0.24341857539511688,-0.1156256101140882,17.104228504817815,25001000.0,25.643104796371258
G3063,90.13752638093004,23.614296338256214,0.2452855331157052,-0.1165393547725147,17.104228504817815,25001000.0,25.62618748803936
G3064,90.13742831896676,23.61880704467124,0.24276087349857728,-0.11224604457538821,17.104228504817815,25001000.0,25.643104796371258
G3065,90.13733023263195,23.623317748081245,0.221918864130736,-0.1150744453441941,17.104228504817815,25001000.0,25.693833903358776
G3066,90.13723212192194,23.62782844848573,0.21916123574707058,-0.11965304684522281,17.104228504817815,25001000.0,25.67377417187452
G3067,90.13713398683304,23.632339145884213,0.23747050285266538,-0.11123346853908621,17.104228504817815,25001000.0,25.643104796371258
G3068,90.13703582736149,23.63684984027621,0.2414353470044768,-0.1048779005383145,17.104228504817815,25001000.0,25.643104796371258
G3069,90.13693764350364,23.641360531661228,0.2424542498131811,-0.0908393247884956,17.104228504817815,25001000.0,26.124027409873573
G3070,90.13683943525578,23.64587122003877,0.2368216423917724,-0.0999645699513597,17.104228504817815,25001000.0,25.783656890212264
G3071,90.1367412026142,23.65038190540837,0.2405271973796807,-0.1050187186818782,17.104228504817815,25001000.0,25.643104796371258
G3072,90.13664294557522,23.65489258776953,0.22132946865460168,-0.08546987771614861,17.104228504817815,25001000.0,26.16665137626154
G3073,90.13654466413507,23.65940326712176,0.21514087898569828,-0.0990292956925531,17.104228504817815,25001000.0,25.674371232653847
G3074,90.13644635829012,23.66391394346457,0.21208210892376278,-0.0972133192791752,17.104228504817815,25001000.0,25.770929659423512
G3075,90.13634802803664,23.668424616797488,0.1884875995874814,-0.0813518742811162,17.104228504817815,25001000.0,26.19903289716122
G3076,90.13624967337093,23.67293528712001,0.1641616019782363,-0.06816507124636631,17.104228504817815,25001000.0,26.438514579686156
G3077,90.1361512942892,23.67744595443165,0.2417038816014053,-0.0981877268733384,17.104228504817815,25001000.0,25.858199466545283
G3078,90.13605289078784,23.68195661873193,0.26935118305994865,-0.1262899309808075,17.104228504817815,25001000.0,25.56546921044139
G3079,90.13595446286313,23.686467280020363,0.25654665208559124,-0.11287499347949491,17.104228504817815,25001000.0,25.760093049824356
G3080,90.13585601051126,23.69097793829645,0.2376136163424337,-0.09665164448720831,17.104228504817815,25001000.0,25.917252370822826
G3081,90.13575753372862,23.69548859355972,0.1567398024251542,-0.04310670666851402,17.104228504817815,25001000.0,27.28697489064524
G3082,90.13565903251146,23.69999924580966,0.17632898346500178,-0.05256555084715631,17.104228504817815,25001000.0,26.927892658031116
G3083,90.13556050685604,23.704509895045813,0.2525725024688761,-0.11431923836291381,17.104228504817815,25001000.0,25.66503482291432
G3084,90.13546195675866,23.70902054126768,0.2690379658786324,-0.11879496924833241,17.104228504817815,25001000.0,25.726260675090437
G3085,90.13536338221562,23.71353118447476,0.2092282764080414,-0.1052052991774879,17.104228504817815,25001000.0,25.65429052627412
G3086,90.13526478322316,23.71804182466658,0.24027016302215828,-0.10349402716338521,17.104228504817815,25001000.0,25.643104796371258
G3087,90.13516615977758,23.72255246184266,0.13845950166756268,-0.0758073901930632,17.104228504817815,25001000.0,25.95139570743743
G3088,90.13506751187516,23.727063096002503,0.2367216804019015,-0.08991518154448701,17.104228504817815,25001000.0,26.10434718842517
G3089,90.13496883951215,23.731573727145623,0.25244445800011517,-0.10237144010750991,17.104228504817815,25001000.0,25.872458519060736
G3090,90.13487014268487,23.736084355271537,0.26416070505134137,-0.1126956109558149,16.055438111554253,25001000.0,25.639608298880233
G3091,90.13539986658306,23.74008072271634,0.2509743971657103,-0.092864367317377,17.104228504817815,25001000.0,26.21359541029159
G3092,90.13663533153442,23.7440929532477,0.243239898590431,-0.09217605361378421,17.104228504817815,25001000.0,26.10820087072414
G3117,90.13429167923248,23.85976030763793,0.3053508462180783,-0.1504657981093506,17.104228504817815,25001000.0,25.80903478192251
G3118,90.13312307207714,23.86288974041939,0.29786554703398216,-0.1316284142440054,15.675946048062174,25001000.0,25.826111718618023
G3119,90.13201491088464,23.86690892024555,0.28148946664677854,-0.12479464711665661,17.104228504817815,25001000.0,25.892989641372047
G3120,90.13189784343838,23.871401793634067,0.28382883536499026,-0.1296271198366296,15.825331566653206,25001000.0,25.788934670313846
G3121,90.13179838636324,23.875912327985294,0.24399464454755,-0.0988404434921009,17.104228504817815,25001000.0,25.681681154197832
G3122,90.13169890470394,23.88042285930376,0.2268937813165401,-0.11251518121500431,16.22099366710981,25001000.0,25.541986470321195
G3123,90.13159939845669,23.88493338758897,0.2075042727437178,-0.1133923043263597,17.104228504817815,25001000.0,25.65429052627412
G3124,90.13149986761776,23.88944391284045,0.1839032870706338,-0.08843165929437351,16.71766033377648,25001000.0,25.918778304813728
G3125,90.13140031218336,23.89395443505771,0.2332271904570492,-0.10298434296197201,17.104228504817815,25001000.0,25.649381030087806
G3126,90.13130073214968,23.898464954240264,0.2291219682637625,-0.11099796700522821,16.994920607749094,25001000.0,25.644385676793686
G3127,90.13120112751302,23.90297547038763,0.20015879260618388,-0.08893651300825901,17.104228504817815,25001000.0,25.97495389599571
G3128,90.13110149826956,23.90748598349932,0.20337325479698828,-0.07060483971079341,16.77090357701971,25001000.0,26.229931274624448
G3129,90.13100184441556,23.911996493574847,0.2039362808539545,-0.0680608755240199,17.104228504817815,25001000.0,26.507718436599724
G3130,90.13090216594723,23.91650700061373,0.2080079782299803,-0.062356461343339914,16.478200874317025,25001000.0,26.7890937625063
G3131,90.1308024628608,23.921017504615488,0.2036761866386703,-0.06641388987810161,17.104228504817815,25001000.0,26.544187596335657
G3132,90.13070273515248,23.925528005579626,0.2322323357534415,-0.09081364108993281,16.597660333776474,25001000.0,25.915298825678004
G3133,90.13060298281847,23.93003850350566,0.2390497304030708,-0.09792313461180191,17.104228504817815,25001000.0,25.858199466545283
G3134,90.13050320585504,23.93454899839311,0.2038988088334155,-0.08427254555553851,16.428345265283298,25001000.0,25.990747627950768
G3135,90.13040340425836,23.939059490241497,0.2251944264863938,-0.0877779890999137,17.104228504817815,25001000.0,26.09990917657278
G3136,90.13030357802472,23.943569979050324,0.2197043510115348,-0.08562362767424181,16.380715889332038,25001000.0,26.056766420736537
G3137,90.13020372715025,23.94808046481912,0.25441834959697907,-0.10414597896137391,17.104228504817815,25001000.0,25.77641453726029
G3138,90.1301038516312,23.95259094754737,0.2601433725953062,-0.11295677233194941,16.285660333776462,25001000.0,25.650330102083508
G3139,90.1300039514638,23.957101427234623,0.2358539060540732,-0.10041016025107821,17.104228504817815,25001000.0,25.78499004620676
G3140,90.12990402664428,23.961611903880385,0.2426786976828163,-0.10703606492656191,17.104228504817815,25001000.0,25.643104796371258
G3141,90.12980407716876,23.96612237748416,0.2095652756438419,-0.0885997237563416,17.104228504817815,25001000.0,25.97495389599571
G3142,90.12970410303356,23.970632848045483,0.24477883715211168,-0.0954566256890416,17.104228504817815,25001000.0,25.954219566908286
G3143,90.12960410423484,23.97514331556385,0.2403743990175056,-0.0923929301050464,17.104228504817815,25001000.0,26.040574589725836
G3144,90.1295040807688,23.97965378003879,0.2481137943781959,-0.09553939227630921,17.104228504817815,25001000.0,26.02558376197658
G3145,90.12940403263164,23.984164241469813,0.23989698650239838,-0.09732922499102861,17.104228504817815,25001000.0,25.917252370822826
G3146,90.12930395981962,23.988674699856432,0.210960304227866,-0.0879727418254224,17.104228504817815,25001000.0,26.061432747276335
G3147,90.1292038623289,23.99318515519816,0.2368195979134993,-0.1038579546978364,17.104228504817815,25001000.0,25.643104796371258
G3148,90.12910374015566,23.997695607494524,0.2478673808534144,-0.10908245192522961,17.104228504817815,25001000.0,25.62618748803936
G3149,90.12900359329612,24.00220605674504,0.2282907993799958,-0.09625944434565521,17.104228504817815,25001000.0,25.852112464947286
G3150,90.12890342174651,24.006716502949203,0.22236481394128269,-0.0851484348397532,17.104228504817815,25001000.0,26.184067906476677
G3151,90.12880322550303,24.01122694610656,0.23020101555326178,-0.09166760311982561,17.104228504817815,25001000.0,25.98263060689053
G3152,90.12870300456184,24.0157373862166,0.2363645220336302,-0.07656883688272641,17.104228504817815,25001000.0,26.539882225636994
G3153,90.12860275891916,24.020247823278847,0.2433010584300973,-0.09705106399019511,17.104228504817815,25001000.0,25.902247960127994
G3154,90.12850248857116,24.02475825729283,0.2419451827083618,-0.0990535930589084,17.104228504817815,25001000.0,25.783656890212264
G3155,90.12840219351408,24.02926868825804,0.227129044578551,-0.08326239343388421,17.104228504817815,25001000.0,26.36590772223259
G3156,90.12870848164752,24.032318658578685,0.2101142453087615,-0.0693292407366607,17.104228504817815,25001000.0,26.569162061934477
G3164,90.14573998855307,23.543832791877406,-0.06285959437218971,-0.04425663873889801,17.104228504817815,25001000.0,21.891303334367574
G3165,90.1443860102063,23.547048292760813,-0.0675773640542269,-0.036257566538134715,17.104228504817815,25001000.0,21.720837997920963
G3166,90.1437896116058,23.5512361338735,-0.05908725435988071,-0.04276224947849282,18.24584215195827,25001000.0,21.94743509181251
G3167,90.1436920570197,23.55574690158302,-0.03974101684593251,-0.07101770947432881,17.104228504817815,25001000.0,21.84072233879727
G3168,90.14359447815512,23.560257666295627,-0.03445886714556911,-0.06430114984139271,18.43705427317039,25001000.0,21.994812311384578
G3169,90.14349687500834,23.56476842801084,0.04227677541849379,-0.055775765075568313,17.104228504817815,25001000.0,24.504635719109885
G3170,90.14339924757572,23.56927918672814,0.06940731518980049,-0.06358704551902811,17.047054273170403,25001000.0,25.064945710214754
G3171,90.14330159585356,23.57378994244706,0.07056917224172499,-0.06870557218619731,17.104228504817815,25001000.0,25.015789532249375
G3172,90.14320391983824,23.578300695167115,0.12267973161439989,-0.051722776886070417,16.808108094970493,25001000.0,26.47046399375119
G3173,90.14310621952605,23.582811444887813,0.1720807728761093,-0.06613323445665871,17.104228504817815,25001000.0,26.6267701460381
G3174,90.14300849491326,23.587322191608667,0.19397831614729338,-0.0870398146305302,16.901902758018906,25001000.0,26.002395282748445
G3175,90.14291074599626,23.591832935329183,0.20308964696365478,-0.0916659448642962,17.104228504817815,25001000.0,25.870946401491487
G3176,90.14281297277132,23.59634367604888,0.2239918730328569,-0.10862641828943281,16.84381417993032,25001000.0,25.624932113230376
G3177,90.1427151752348,23.60085441376727,0.2337115920158277,-0.1115264561092245,17.104228504817815,25001000.0,25.649381030087806
G3178,90.142617353383,23.60536514848386,0.2467110816911809,-0.1156021447434329,16.78073725685337,25001000.0,25.544100882086365
G3179,90.1425195072122,23.60987588019817,0.2328110097812997,-0.1160602601976291,17.104228504817815,25001000.0,25.649381030087806
G3180,90.14242163671878,23.614386608909705,0.2539616106016966,-0.12461451836249421,16.80873725685339,25001000.0,25.551992749201602
G3181,90.142323741899,23.61889733461798,0.25359317545311466,-0.11951060462282981,17.104228504817815,25001000.0,25.676595606426684
G3182,90.14222582274915,23.62340805732251,0.2504875903993934,-0.1183031042379585,16.853968026084175,25001000.0,25.607009033347694
G3183,90.14212787926562,23.62791877702281,0.21725508392634518,-0.10798408915023391,17.104228504817815,25001000.0,25.627139087165826
G3184,90.14202991144464,23.63242949371839,0.20047558131124568,-0.1171263094933576,16.81141033377648,25001000.0,25.55415356889265
G3185,90.14193191928258,23.63694020740875,0.227176093091323,-0.0917728690970271,16.483692079808208,25001000.0,25.847827981289516
G3186,90.14183390277572,23.64145091809343,0.2516547877442139,-0.11057870940767721,17.104228504817815,25001000.0,25.7124236481455
G3187,90.14173586192034,23.64596162577191,0.24877152111014939,-0.1093783423250967,16.463814179930324,25001000.0,25.530013591056978
G3188,90.14163779671276,23.650472330443733,0.2276146586135606,-0.1079365766556528,17.104228504817815,25001000.0,25.665163232023794
G3189,90.1415397071493,23.65498303210839,0.22539982259701488,-0.0996228231661576,16.791506487622627,25001000.0,25.765639395379168
G3190,90.14144159322626,23.659493730765405,0.2036347780735851,-0.08904617945245931,17.104228504817815,25001000.0,25.97495389599571
G3191,90.14134345493991,23.664004426414287,0.2121457376605547,-0.09242462334584091,16.993114879231,25001000.0,25.709799246207925
G3192,90.14124529228658,23.66851511905456,0.1690838956410538,-0.1026243400157983,17.104228504817815,25001000.0,25.42124388064843
G3193,90.14114710526256,23.67302580868571,0.156974992224544,-0.05492780524547741,15.737660333776462,25001000.0,26.713846459386616
G3194,90.14104889386412,23.67753649530728,0.27810785586968767,-0.1177423747261897,17.104228504817815,25001000.0,25.94592260857885
G3195,90.1409506580876,23.68204717891876,0.28974204432506956,-0.1349789253576976,15.32337461949075,25001000.0,25.787688366787744
G3196,90.14085239792924,23.68655785951968,0.26570438587816425,-0.1158401806021142,17.104228504817815,25001000.0,25.719913890233755
G3197,90.14075411338538,23.69106853710955,0.24450794736404008,-0.10970757036505291,15.70328533377645,25001000.0,25.438777775933335
G3198,90.1406558044523,23.69557921168788,0.20644409209966819,-0.08278253584959691,17.104228504817815,25001000.0,26.230647918741546
G3199,90.14055747112629,23.700089883254165,0.23172039966419658,-0.10251516413445891,16.217361826313805,25001000.0,25.45813461165641
G3200,90.14045911340362,23.70460055180796,0.1986414875693508,-0.1025254582069314,17.104228504817815,25001000.0,25.586220869545322
G3201,90.1403607312806,23.709111217348745,0.2639737200932111,-0.11877651118022561,16.38942503965879,25001000.0,25.575646675331352
G3202,90.1402623247535,23.71362187987604,0.23496448907881198,-0.1009268571834776,17.104228504817815,25001000.0,25.785349873609245
G3203,90.14016389381862,23.71813253938937,0.1382251524129263,-0.0889852270212549,16.04680319091935,25001000.0,25.300411758123996
G3204,90.14006543847223,23.722643195888224,0.2324917116686693,-0.0941619167571068,17.104228504817815,25001000.0,25.973365439969943
G3205,90.13996695871064,23.727153849372144,0.270405082877848,-0.12312256392985141,15.620231762347913,25001000.0,25.801058658894082
G3206,90.1398684545301,23.73166449984063,0.2747289076799452,-0.1365428111808681,17.104228504817815,25001000.0,25.641633122749106
G3207,90.1397699259269,23.736175147293203,0.28870750904312037,-0.13493495942347342,15.601040615466644,25001000.0,25.77862913605877
G3208,90.13967137289733,23.74068579172935,0.28203889269410387,-0.1327799209850542,17.104228504817815,25001000.0,25.863651399712854
G3209,90.13954642973812,23.744605763653134,0.2560186804296697,-0.1051797550228814,17.104228504817815,25001000.0,25.87042667163907
G3233,90.13888374417698,23.8545346256579,0.28867148113542906,-0.1216752927414178,17.104228504817815,25001000.0,25.94736490479139
G3234,90.1374842362077,23.858247329886243,0.28970566405251724,-0.1313204862686032,17.104228504817815,25001000.0,25.863651399712854
G3235,90.1370011942996,23.86247204952823,0.27891913613640457,-0.12038340624191271,17.104228504817815,25001000.0,26.016065493769116
G3236,90.13690195581589,23.866982609307733,0.26343212978741415,-0.10667884428922801,17.104228504817815,25001000.0,25.863905029573072
G3237,90.1368026927974,23.871493166056737,0.25590104268167985,-0.1029799501900427,17.104228504817815,25001000.0,25.87042667163907
G3238,90.13670340524034,23.87600371977478,0.22744969734483858,-0.09133263829083511,17.104228504817815,25001000.0,25.988497137235626
G3239,90.13660409314096,23.88051427046135,0.22508522699567798,-0.0987780384918363,17.104228504817815,25001000.0,25.781252093425852
G3240,90.1365047564955,23.885024818115973,0.2156342005374722,-0.11910775348647361,17.104228504817815,25001000.0,25.618306302573263
G3241,90.1364053953002,23.88953536273816,0.2238989650450125,-0.11676101079644931,17.104228504817815,25001000.0,25.533027132342905
G3242,90.13630600955128,23.89404590432744,0.21462756904765748,-0.10437959892552191,17.104228504817815,25001000.0,25.620949503842382
G3243,90.136206599245,23.898556442883308,0.21967902478544368,-0.0894686731223583,17.104228504817815,25001000.0,25.93402121804348
G3244,90.13610716437756,23.90306697840529,0.2225687283014917,-0.1092115462505577,17.104228504817815,25001000.0,25.693833903358776
G3245,90.13600770494524,23.90757751089291,0.25021280055181366,-0.112751933838972,17.104228504817815,25001000.0,25.69389363027548
G3246,90.13590822094424,23.91208804034566,0.2236014716958888,-0.081571727465752,17.104228504817815,25001000.0,26.25988243351986
G3247,90.1358087123708,23.91659856676308,0.23797325130674268,-0.09232681439500891,17.104228504817815,25001000.0,26.040574589725836
G3248,90.13570917922117,23.921109090144675,0.2027549643570167,-0.0655545736388636,17.104228504817815,25001000.0,26.662687391538466
G3249,90.13560962149154,23.925619610489942,0.2264863857564301,-0.08107100588853751,17.104228504817815,25001000.0,26.36590772223259
G3250,90.13551003917816,23.93013012779843,0.22791953455944458,-0.09196636171378071,17.104228504817815,25001000.0,25.939146134466903
G3251,90.13541043227728,23.934640642069635,0.21715734204028408,-0.1185340885689467,17.104228504817815,25001000.0,25.624495885896707
G3252,90.13531080078508,23.939151153303072,0.2131706843830333,-0.09650413484610491,17.104228504817815,25001000.0,25.770929659423512
G3253,90.1352111446978,23.94366166149827,0.1965295757054787,-0.053873708400237016,17.104228504817815,25001000.0,26.93799248607337
G3254,90.13511146401169,23.948172166654725,0.2523399014972524,-0.10105503560042321,17.104228504817815,25001000.0,25.97899423943226
G3255,90.13501175872294,23.952682668771963,0.1802348823783329,-0.0637365423077551,17.104228504817815,25001000.0,26.756975400551237
G3256,90.13491202882778,23.9571931678495,0.1920794508526811,-0.13053604330559831,17.104228504817815,25001000.0,25.6372894587358
G3257,90.13481227432244,23.96170366388686,0.215191858660062,-0.09894705466953611,16.257660333776442,25001000.0,25.579105431555774
G3258,90.13471249520312,23.96621415688353,0.2467322594012493,-0.09920163660997491,17.104228504817815,25001000.0,25.915238942743724
G3259,90.13461269146605,23.970724646839063,0.22094911895102629,-0.0838809838431864,16.31423176234793,25001000.0,26.256347477249925
G3260,90.1345128631074,23.97523513375296,0.22751420705598438,-0.0879379190301677,17.104228504817815,25001000.0,26.16827478722403
G3261,90.13441301012348,23.979745617624715,0.2277873253371627,-0.0962599583468372,16.485013274952934,25001000.0,25.745845933067997
G3262,90.1343131325104,23.98425609845388,0.2202597766786903,-0.0913461645406929,17.104228504817815,25001000.0,25.91959962211287
G3263,90.13421323026444,23.988766576239943,0.2250522087862509,-0.0972275184505449,16.579152871089917,25001000.0,25.71031804096632
G3264,90.13411330338178,23.99327705098243,0.24303366496121678,-0.10044098948747661,17.104228504817815,25001000.0,25.807133717758635
G3265,90.13401335185866,23.997787522680863,0.2481670066760692,-0.1041642419253443,16.568406602433214,25001000.0,25.577524374344897
G3266,90.13391337569124,24.00229799133476,0.2382997534344682,-0.1040146240816121,17.104228504817815,25001000.0,25.643104796371258
G3267,90.13381337487576,24.006808456943617,0.208291703015128,-0.09030848342193891,16.397357303473456,25001000.0,25.752524128338354
G3268,90.13371334940842,24.011318919506973,0.25157355776696977,-0.10693058469305841,17.104228504817815,25001000.0,25.729713604082058
G3269,90.13361329928544,24.015829379024336,0.26321062006998525,-0.1116623945492101,16.208108094970527,25001000.0,25.683327867444333
G3270,90.13351322450298,24.020339835495204,0.25481258205376994,-0.1074123646413386,17.104228504817815,25001000.0,25.78647521498269
G3271,90.13341312505727,24.02485028891912,0.23062713284573488,-0.0907011066163607,16.547660333776463,25001000.0,25.937370666673047
G3272,90.13331300094453,24.0293607392956,0.2231761960133512,-0.08739298578587391,17.104228504817815,25001000.0,26.077298835468127
G3273,90.13315486891756,24.03243839100606,0.23548060028746198,-0.09286556336120241,17.104228504817815,25001000.0,26.002462021959833
G3279,90.15134037444685,23.535328418435142,-0.03799849632679521,-0.05548911134028901,17.104228504817815,25001000.0,22.099747840283158
G3280,90.15045543340084,23.538383955615817,-0.04404871049820481,-0.04973767041786981,17.104228504817815,25001000.0,22.03204778935897
G3281,90.14912610841478,23.54251247026273,-0.048110608426296206,-0.04756196897043841,18.022660333776486,25001000.0,21.898080017632218
G3282,90.1487799197983,23.546815191009777,-0.04144339664080841,-0.052742687062665515,17.104228504817815,25001000.0,22.0484426074776
G3283,90.14868255601267,23.55132598095696,-0.03726222495258261,-0.06670623193951461,18.30947851559469,25001000.0,21.92832745193943
G3284,90.14858516799364,23.55583676790898,0.037374347146769994,-0.06052745670681062,17.104228504817815,25001000.0,23.895219635395595
G3285,90.14848775573748,23.560347551865355,0.13987847704468978,-0.059223943671504714,18.039478515594652,25001000.0,26.597534175785484
G3286,90.14839031924058,23.5648583328256,0.16105292853415898,-0.06221972398644381,17.104228504817815,25001000.0,26.732607813763625
G3287,90.14829285849925,23.56936911078921,0.179944957872917,-0.081085111262767,16.865236091352216,25001000.0,26.072635722791233
G3288,90.14819537350976,23.573879885755726,0.1908247088905417,-0.089950867123419,17.104228504817815,25001000.0,25.89089997768595
G3289,90.14809786426854,23.578390657724643,0.18953450373411398,-0.08172746273388841,16.837347833776477,25001000.0,26.08495630178051
G3290,90.14800033077184,23.58290142669548,0.2049958415346608,-0.08727798963989021,17.104228504817815,25001000.0,26.05835732843494
G3291,90.14790277301606,23.58741219266775,0.21168593618863918,-0.10058252609676141,17.104228504817815,25001000.0,25.761914737442446
G3292,90.14780519099746,23.591922955640943,0.20944789839954658,-0.1019049917601386,17.104228504817815,25001000.0,25.671756418260784
G3293,90.1477075847124,23.59643371561461,0.228415849213434,-0.1149936841464742,17.104228504817815,25001000.0,25.665163232023794
G3294,90.14760995415718,23.60094447258824,0.2378403774469847,-0.1109216055758328,17.104228504817815,25001000.0,25.643104796371258
G3295,90.14751229932811,23.60545522656135,0.2530201185473713,-0.116436520008645,17.104228504817815,25001000.0,25.66503482291432
G3296,90.14741462022158,23.609965977533456,0.2395798000068194,-0.1243618912011601,17.104228504817815,25001000.0,25.616463450143357
G3297,90.14731691683384,23.614476725504066,0.2460467444715701,-0.1203182327804973,17.104228504817815,25001000.0,25.612108530280683
G3298,90.14721918916123,23.618987470472693,0.2497162613069929,-0.1192941590507624,17.104228504817815,25001000.0,25.694727178845
G3299,90.14712143720008,23.623498212438843,0.25315593806786335,-0.1200906686953735,17.104228504817815,25001000.0,25.676595606426684
G3300,90.1470236609467,23.628008951402045,0.21143154811300569,-0.1102214376930944,17.104228504817815,25001000.0,25.65429052627412
G3301,90.1469258603974,23.63251968736181,0.22637683203860448,-0.0849615843330993,17.104228504817815,25001000.0,26.290093195189407
G3302,90.14682803554848,23.63703042031764,0.21528263183460208,-0.09514370904483371,17.104228504817815,25001000.0,25.802196447343384
G3303,90.14673018639628,23.641541150269056,0.2270013649969603,-0.10545617572249301,17.104228504817815,25001000.0,25.665163232023794
G3304,90.14663231293709,23.64605187721556,0.26356537457038975,-0.11459034136210831,17.104228504817815,25001000.0,25.702505040051953
G3305,90.14653441516722,23.65056260115669,0.25645292614552484,-0.113220682560854,17.104228504817815,25001000.0,25.760093049824356
G3306,90.146436493083,23.655073322091926,0.2393791101827624,-0.1034698591163828,17.104228504817815,25001000.0,25.643104796371258
G3307,90.14633854668072,23.659584040020807,0.21883841626596298,-0.0912423372281991,17.104228504817815,25001000.0,25.91959962211287
G3308,90.14624057595668,23.66409475494284,0.2221049681154238,-0.09587006046779031,17.104228504817815,25001000.0,25.837680949416267
G3309,90.1461425809072,23.66860546685753,0.2434782001233627,-0.1124046990659014,17.104228504817815,25001000.0,25.643104796371258
G3310,90.14604456152858,23.6731161757644,0.2320409863125519,-0.09366694180202591,17.104228504817815,25001000.0,25.973365439969943
G3311,90.14594651781712,23.677626881662952,0.25617165687266236,-0.1175669544313561,17.104228504817815,25001000.0,25.709543326575172
G3312,90.14584844976912,23.68213758455272,0.29710808173983627,-0.14281846101784912,17.104228504817815,25001000.0,25.770165623732066
G3313,90.14575035738088,23.6866482844332,0.27485098341199676,-0.1276174880647371,17.104228504817815,25001000.0,25.845048272921
G3314,90.14565224064872,23.6911589813039,0.2415293777401435,-0.10322886623994351,17.104228504817815,25001000.0,25.643104796371258
G3315,90.14555409956893,23.69566967516436,0.2679788444490275,-0.11851470367876021,17.104228504817815,25001000.0,25.726260675090437
G3316,90.14545593413774,23.70018036601406,0.22633814359732998,-0.10222171255515461,17.104228504817815,25001000.0,25.712989380636422
G3317,90.14535774435156,23.704691053852542,0.2380187506040389,-0.1118475042218176,17.104228504817815,25001000.0,25.643104796371258
G3318,90.1452595302066,23.709201738679305,0.2399861115078693,-0.09694590276768941,17.104228504817815,25001000.0,25.917252370822826
G3319,90.14516129169915,23.713712420493863,0.16426189356468318,-0.09640957231357,17.104228504817815,25001000.0,25.597516883024664
G3320,90.14506302882558,23.718223099295745,0.25842396590128425,-0.11211505830660781,17.104228504817815,25001000.0,25.743298846352676
G3321,90.14496474158211,23.722733775084443,0.254227085058392,-0.1444192240642968,17.104228504817815,25001000.0,25.679950223149074
G3322,90.14486642996503,23.727244447859484,0.22629856312425808,-0.1165903420660324,17.104228504817815,25001000.0,25.665163232023794
G3323,90.14476809397068,23.73175511762037,0.199160321642048,-0.07498748034768861,17.104228504817815,25001000.0,26.325577664249426
G3324,90.14466973359532,23.736265784366644,0.28284403967745436,-0.13864038942524332,17.104228504817815,25001000.0,25.789784341956295
G3325,90.1445713488352,23.74077644809778,0.26349041536971346,-0.1175460483943808,17.104228504817815,25001000.0,25.68081412416393
G3326,90.14467961578846,23.745100636153225,0.2545941622258003,-0.1033045246274024,17.104228504817815,25001000.0,25.574585765537613
G3327,90.14589414678268,23.747806669947696,0.27632188145293407,-0.1276604950751943,17.104228504817815,25001000.0,25.845048272921
G3348,90.144649379613,23.846758517533203,0.18001436812231741,-0.06846747857195189,17.104228504817815,25001000.0,26.485811326347566
G3349,90.14311919442416,23.849695616267184,0.2848940371592595,-0.12486559553328011,17.104228504817815,25001000.0,25.892989641372047
G3350,90.14213039081038,23.85356617718229,0.27278341817907736,-0.1146164617200438,15.526956108424343,25001000.0,25.974596145229537
G3351,90.14200477383528,23.858052645209888,0.2694187639220091,-0.11211571905409261,17.104228504817815,25001000.0,25.746340185071844
G3352,90.141905729279,23.86256322734928,0.2384248624151332,-0.09099934572893961,15.86526596757929,25001000.0,26.019895968141228
G3353,90.14180666023348,23.86707380645997,0.2122931159590388,-0.07756302900430341,17.104228504817815,25001000.0,26.379864906911237
G3354,90.141707566695,23.87158438254146,0.2336676855148934,-0.086202584183725,16.140126087201136,25001000.0,26.1573844020761
G3355,90.14160844865978,23.87609495559328,0.2141631001211983,-0.08679125321109811,17.104228504817815,25001000.0,26.05835732843494
G3356,90.14150930612408,23.88060552561493,0.1466262763221674,-0.015795641963497913,16.509167183091535,25001000.0,28.100032832820254
G3357,90.14141013908416,23.885116092605934,0.2088787979261052,-0.0655863374317487,17.104228504817815,25001000.0,26.76007394625965
G3358,90.14131094753624,23.88962665656581,0.2087968782501086,-0.08490131084948731,16.689773009832805,25001000.0,26.08286294303268
G3359,90.1412117314766,23.89413721749406,0.10964274254908289,-0.032145332002577215,17.104228504817815,25001000.0,27.46771492738673
G3360,90.14111249090142,23.898647775390216,0.1516844933040285,-0.029158696205173414,16.986674418283513,25001000.0,27.27792675864182
G3361,90.141013225807,23.903158330253785,0.2383956912007491,-0.10004786997465681,17.104228504817815,25001000.0,25.783656890212264
G3362,90.14091393618956,23.90766888208428,0.21235511086187328,-0.0771238015871484,16.634957631073775,25001000.0,26.28438295798279
G3363,90.14081462204534,23.912179430881217,0.1859122891925649,-0.0708718375783625,17.104228504817815,25001000.0,26.325577664249426
G3364,90.14071528337058,23.91668997664412,0.2190905264495816,-0.09061460085109041,16.492254928371068,25001000.0,25.81333309023358
G3365,90.14061592016152,23.9212005193725,0.21677521358801008,-0.0778214461613501,17.104228504817815,25001000.0,26.379864906911237
G3366,90.14051653241437,23.925711059065865,0.2371746675129536,-0.08970253527196881,16.563065739181894,25001000.0,25.99808065654588
G3367,90.1404171201254,23.930221595723747,0.2320144421339249,-0.09133761961881781,17.104228504817815,25001000.0,26.043637198552336
G3368,90.14031768329082,23.934732129345647,0.2358710098601139,-0.11178837372213561,16.555793667109782,25001000.0,25.51992803466866
G3369,90.14021822190686,23.939242659931093,0.2039180757941038,-0.08490908026588881,17.104228504817815,25001000.0,26.132682147718103
G3370,90.14011873596978,23.943753187479583,0.2521415372394399,-0.1098541038637429,16.49766033377645,25001000.0,25.5892468864429
G3371,90.14001922547575,23.948263711990656,0.2388374730363674,-0.0980206264040922,17.104228504817815,25001000.0,25.858199466545283
G3372,90.13991969042108,23.952774233463806,0.219008132446356,-0.07716312157429031,16.50023176234791,25001000.0,26.26236186411673
G3373,90.13982013080197,23.95728475189857,0.20848029839931279,-0.1035920028718324,17.104228504817815,25001000.0,25.65429052627412
G3374,90.13972054661456,23.96179526729445,0.2376459937428407,-0.10003773843324161,16.415374619490734,25001000.0,25.677390358332975
G3375,90.13962093785518,23.96630577965096,0.2265876006878089,-0.0843425271544191,17.104228504817815,25001000.0,26.335268000441715
G3376,90.13952130452004,23.970816288967622,0.2004794703300766,-0.0764394191785669,16.4345174766336,25001000.0,26.104104454392598
G3377,90.1394216466053,23.97532679524396,0.2281599680336596,-0.0962232408856401,17.104228504817815,25001000.0,25.852112464947286
G3378,90.13932196410722,23.97983729847948,0.2295357921315398,-0.09402892521949771,16.46707209848236,25001000.0,25.79825924012728
G3379,90.13922225702204,23.98434779867369,0.2332274994530213,-0.10110696581860151,17.104228504817815,25001000.0,25.77590901245869
G3380,90.13912252534595,23.988858295826127,0.21472990238858009,-0.0932208002184654,16.581968026084184,25001000.0,25.710891069925065
G3381,90.13902276907515,23.99336878993629,0.2143878452655475,-0.0978991677366411,17.104228504817815,25001000.0,25.706678108618476
G3382,90.1389229882059,23.99787928100371,0.2066101611668221,-0.07968117425628901,17.104228504817815,25001000.0,26.230647918741546
G3383,90.1388231827344,24.002389769027896,0.2390282470795459,-0.1004000082054374,17.104228504817815,25001000.0,25.783656890212264
G3384,90.13872335265684,24.00690025400836,0.2457544750690384,-0.09768065640983671,17.104228504817815,25001000.0,25.937532425443482
G3385,90.13862349796946,24.01141073594462,0.23012173342427908,-0.09535112229772141,17.104228504817815,25001000.0,25.92342808356561
G3386,90.13852361866846,24.015921214836204,0.2321014558614269,-0.08823445996784621,17.104228504817815,25001000.0,26.21286012004066
G3387,90.13842371475003,24.020431690682614,0.24694978829531608,-0.10182292590360391,17.104228504817815,25001000.0,25.840365588420216
G3388,90.13832378621042,24.024942163483377,0.245166443752258,-0.09913599252327751,17.104228504817815,25001000.0,25.901471087351666
G3389,90.1382238330458,24.02945263323801,0.25913450054814785,-0.1189619631897278,17.104228504817815,25001000.0,25.70641360997069
G3390,90.13820561519915,24.03286545701638,0.2358222101709725,-0.1025868117721691,17.104228504817815,25001000.0,25.623202607095642
G3394,90.1563091537284,23.526191905237667,-0.05663147949476141,-0.053003083066388616,17.104228504817815,25001000.0,21.84079159749873
G3395,90.15545121680717,23.529336965801008,-0.057200014739017105,-0.049379446502769715,17.104228504817815,25001000.0,21.8243967793801
G3396,90.15431202019032,23.53357153922681,-0.05260217406297491,-0.05213955519020302,17.104228504817815,25001000.0,21.8393949047538
G3397,90.15386704386034,23.537883237992297,-0.044620588431220805,-0.05578287711736581,17.104228504817815,25001000.0,22.018012474569087
G3398,90.15376989497716,23.54239405313414,-0.04351763603505241,-0.061743061102458814,17.104228504817815,25001000.0,22.018012474569087
G3399,90.15367272190927,23.546904865283068,-0.027975456467705606,-0.06704878782775801,17.104228504817815,25001000.0,22.48502067170101
G3400,90.153575524653,23.5514156744386,0.079573839908235,-0.04933564812675691,17.104228504817815,25001000.0,26.17605295634902
G3401,90.15347830320468,23.555926480600245,0.18305931718467508,-0.0826059359954628,17.104228504817815,25001000.0,26.208740808489388
G3402,90.15338105756064,23.56043728376752,0.18985391320217979,-0.07533944350723701,17.104228504817815,25001000.0,26.325577664249426
G3403,90.15328378771724,23.56494808393992,0.18692912488992658,-0.10295922616418801,17.104228504817815,25001000.0,25.628112103281957
G3404,90.15318649367084,23.569458881116976,0.21900330980879598,-0.1068413723403169,17.104228504817815,25001000.0,25.67641737314364
G3405,90.15308917541772,23.5739696752982,0.23267078859463078,-0.10321317568430391,17.104228504817815,25001000.0,25.649381030087806
G3406,90.15299183295429,23.578480466483096,0.2093052087756827,-0.0969932199733802,17.104228504817815,25001000.0,25.770929659423512
G3407,90.1528944662768,23.582991254671185,0.22557579596849428,-0.106940621952301,17.104228504817815,25001000.0,25.665163232023794
G3408,90.15279707538164,23.58750203986198,0.2290152858330111,-0.1143698877730004,16.918891103007212,25001000.0,25.609201186337298
G3409,90.15269966026511,23.592012822054983,0.2237193291194582,-0.10650668849759011,17.104228504817815,25001000.0,25.693833903358776
G3410,90.1526022209236,23.596523601249714,0.2348140304591708,-0.1160250522423467,16.930891103007212,25001000.0,25.587142750684762
G3411,90.15250475735336,23.601034377445693,0.22516467356596398,-0.1116231978618859,16.865968026084175,25001000.0,25.596261441895393
G3412,90.15240726955076,23.605545150642424,0.26256596247108516,-0.12505454554696602,17.104228504817815,25001000.0,25.687695469048432
G3413,90.15230975751211,23.61005592083943,0.22120287939303318,-0.09339281222386091,16.78812187223801,25001000.0,25.91581344106506
G3414,90.15221222123378,23.61456668803621,0.2354926997817916,-0.1217143140379851,17.104228504817815,25001000.0,25.62344845300602
G3415,90.15211466071204,23.61907745223228,0.233483137812818,-0.1100940429524964,16.795539121655253,25001000.0,25.53836807214456
G3416,90.15201707594323,23.62358821342716,0.235376105350672,-0.11595566836489561,17.104228504817815,25001000.0,25.643104796371258
G3417,90.1519194669237,23.62809897162036,0.1993678725334058,-0.11854801727682311,16.720472833776483,25001000.0,25.552988276610456
G3418,90.15182183364976,23.632609726811395,0.1913960652904077,-0.06236738742193521,17.104228504817815,25001000.0,26.756975400551237
G3419,90.15172417611768,23.63712047899978,0.21157230756679088,-0.0834332763611412,16.51304494916107,25001000.0,26.09396311179764
G3420,90.15162649432382,23.64163122818503,0.2219757038027137,-0.1202307470602241,17.104228504817815,25001000.0,25.691190702089656
G3421,90.15152878826451,23.64614197436665,0.23132067936015488,-0.1240151675582551,16.586751242867393,25001000.0,25.493271663654646
G3422,90.15143105793604,23.650652717544155,0.23156479537266308,-0.09781600260972831,17.104228504817815,25001000.0,25.850091761389226
G3423,90.15133330333477,23.65516345771706,0.2406447144702098,-0.1156594500547928,16.75190275801893,25001000.0,25.561018190418263
G3424,90.15123552445692,23.65967419488488,0.1967931781349204,-0.0788866830660518,17.104228504817815,25001000.0,26.253110301769787
G3425,90.1511377212989,23.66418492904713,0.2073213916689246,-0.0822053269546511,16.806751242867364,25001000.0,26.10690440727138
G3426,90.15103989385698,23.668695660203333,0.2451602803093756,-0.0960577535355909,17.104228504817815,25001000.0,25.99766525694425
G3427,90.15094204212744,23.67320638835298,0.25612270321713,-0.10771839535115811,15.80703533377644,25001000.0,25.67708108793116
G3428,90.15084416610668,23.6777171134956,0.25909997307625965,-0.1143473624054996,17.104228504817815,25001000.0,25.714440038991516
G3429,90.1507462657909,23.682227835630705,0.2643742533002308,-0.1233004070225977,15.37516033377645,25001000.0,25.65342482353178
G3430,90.15064834117648,23.68673855475781,0.25641923723359755,-0.129408868057269,17.104228504817815,25001000.0,25.724394878802105
G3431,90.15055039225967,23.69124927087642,0.2477794740107481,-0.0946288145605397,15.694078244224185,25001000.0,26.117863310488712
G3432,90.15045241903684,23.69575998398606,0.2178859368768232,-0.08609649894177691,17.104228504817815,25001000.0,26.13981722418686
G3433,90.15035442150428,23.700270694086235,0.25901375306386976,-0.11233389008802021,16.294973766612287,25001000.0,25.624466910652902
G3434,90.15025639965825,23.70478140117647,0.25579265899362397,-0.11362599967203721,17.104228504817815,25001000.0,25.760093049824356
G3435,90.15015835349504,23.709292105256264,0.1797050576810349,-0.0962681094979317,16.538517476633587,25001000.0,25.61852161438038
G3436,90.15006028301102,23.71380280632514,0.230218204626392,-0.0932979604458462,17.104228504817815,25001000.0,25.94676147237496
G3437,90.1499621882024,23.718313504382625,0.27528069717660947,-0.1341721197009959,16.124517476633596,25001000.0,25.43734384840899
G3438,90.14986406906556,23.722824199428207,0.27026320603258525,-0.1410255041200919,17.104228504817815,25001000.0,25.762601957610656
G3439,90.14976592559675,23.727334891461417,0.22178219692608608,-0.09776560067757441,15.538819754066282,25001000.0,25.722661979878836
G3440,90.14966775779229,23.73184558048176,0.18570051034520368,-0.066818116891783,17.104228504817815,25001000.0,26.512572574755332
G3441,90.14956956564843,23.73635626648877,0.27050154166249707,-0.1345428201056996,15.297660333776461,25001000.0,25.705904300850374
G3442,90.14947134916152,23.740866949481934,0.2682523840392514,-0.1180187880574549,17.104228504817815,25001000.0,25.726191814968246
G3443,90.14929944636896,23.7450192569611,0.28023111979174586,-0.1251525379566623,17.104228504817815,25001000.0,25.892989641372047
G3444,90.14712955178553,23.74768694840508,0.2464428505967149,-0.11012139757101211,17.104228504817815,25001000.0,25.62618748803936
G3463,90.14971921095032,23.83763296779668,0.18001436812231741,-0.06846747857195189,17.104228504817815,25001000.0,26.485811326347566
G3464,90.14904080180692,23.840755785041,0.28041311976880284,-0.12069065083255061,17.104228504817815,25001000.0,26.016065493769116
G3465,90.1477979076272,23.84492330095689,0.29343442072504977,-0.1353831473949002,17.104228504817815,25001000.0,25.83897180585271
G3466,90.14710684088897,23.849122435906203,0.28732874378008466,-0.1266740463845058,17.104228504817815,25001000.0,25.892989641372047
G3467,90.14700801461636,23.85363304339584,0.2564469134596722,-0.1096244305997206,17.104228504817815,25001000.0,25.778623067694376
G3468,90.1469091639038,23.85814364785904,0.2613369963238725,-0.1087054194392564,17.104228504817815,25001000.0,25.78088529835416
G3469,90.14681028874764,23.862654249295304,0.26064997713142996,-0.106457230619346,17.104228504817815,25001000.0,25.80498201158986
G3470,90.14671138914404,23.86716484770416,0.25491273197702047,-0.09948794472078251,17.104228504817815,25001000.0,26.021005788439638
G3471,90.1466124650893,23.871675443085103,0.2334945624549799,-0.09361599297377511,17.104228504817815,25001000.0,25.973365439969943
G3472,90.14651351657967,23.87618603543768,0.22384888440050169,-0.0887763438432019,17.104228504817815,25001000.0,26.035491666568376
G3473,90.14641454361144,23.880696624761388,0.16594771780890738,-0.04760732201469521,17.104228504817815,25001000.0,27.09365388799013
G3474,90.1463155461808,23.885207211055743,0.14839456410196028,-0.04228548711827532,17.104228504817815,25001000.0,27.287594819779795
G3475,90.14621652428404,23.88971779432025,0.1839492900410013,-0.041700177298037815,17.104228504817815,25001000.0,27.351844249387824
G3476,90.1461174779174,23.89422837455445,0.16172298032008958,-0.04533604271675151,17.104228504817815,25001000.0,27.230828617807333
G3477,90.14601840707712,23.898738951757856,0.1935976435228843,-0.05427098312278551,17.104228504817815,25001000.0,26.927892658031116
G3478,90.14591931175949,23.903249525929965,0.20419270412823448,-0.0988955820738194,17.104228504817815,25001000.0,25.740019131050214
G3479,90.14582019196068,23.9077600970703,0.1691610273328223,-0.044593239802641814,17.104228504817815,25001000.0,27.230828617807333
G3480,90.145721047677,23.912270665178383,0.182990306429128,-0.11169390531292711,17.104228504817815,25001000.0,25.663998437602288
G3481,90.14562187890466,23.91678123025373,0.18764567321146078,-0.07044592944381521,17.104228504817815,25001000.0,26.393980904621397
G3482,90.14552268563992,23.921291792295847,0.193654736143596,-0.054753268064068314,17.104228504817815,25001000.0,26.92937247426043
G3483,90.14542346787904,23.92580235130425,0.2042211475950047,-0.08364103638687621,17.104228504817815,25001000.0,26.230647918741546
G3484,90.14532422561824,23.93031290727848,0.210258212868331,-0.0755575424765873,17.104228504817815,25001000.0,26.418636311164505
G3485,90.14522495885372,23.93482346021802,0.14408555707551068,-0.045383142985438316,17.104228504817815,25001000.0,27.120616506892866
G3486,90.1451256675818,23.939334010122405,0.2452369642903886,-0.10630996979546081,17.104228504817815,25001000.0,25.62618748803936
G3487,90.14502635179863,23.943844556991152,0.23456449108666239,-0.09827014279248851,17.104228504817815,25001000.0,25.850091761389226
G3488,90.14492701150054,23.94835510082377,0.23275050099576078,-0.10081677901939451,17.104228504817815,25001000.0,25.77590901245869
G3489,90.1448276466837,23.952865641619773,0.2007137126883154,-0.0755449225351016,17.104228504817815,25001000.0,26.325577664249426
G3490,90.14472825734434,23.957376179378684,0.2232567663835788,-0.08285440288645471,17.104228504817815,25001000.0,26.25988243351986
G3491,90.14462884347871,23.96188671410002,0.2345056430948474,-0.09304241293009961,17.104228504817815,25001000.0,25.973365439969943
G3492,90.14452940508306,23.96639724578329,0.20942322972066038,-0.0776049800998739,17.104228504817815,25001000.0,26.379864906911237
G3493,90.1444299421536,23.970907774428028,0.2265611624673807,-0.0924740905951478,17.104228504817815,25001000.0,25.939146134466903
G3494,90.14433045468654,23.97541830003373,0.2313896381488317,-0.09236773747650781,17.104228504817815,25001000.0,25.994286195783612
G3495,90.14423094267812,23.97992882259992,0.2361840584379209,-0.09276344140784491,17.104228504817815,25001000.0,26.002462021959833
G3496,90.1441314061246,23.984439342126123,0.22710422642722,-0.1070917698578655,17.104228504817815,25001000.0,25.665163232023794
G3497,90.14403184502214,23.98894985861184,0.2210518584243117,-0.09616159726997761,17.104228504817815,25001000.0,25.833006349441167
G3498,90.143932259367,23.9934603720566,0.19442995624695278,-0.0770168960006847,17.104228504817815,25001000.0,26.31876257273083
G3499,90.14383264915544,23.99797088245992,0.2306592191409387,-0.1045726792332923,16.53945137855257,25001000.0,25.526204268385207
G3500,90.1437330143836,24.002481389821305,0.2435301390342066,-0.0974529151810551,17.104228504817815,25001000.0,25.84319505585045
G3501,90.14363335504775,24.00699189414028,0.2130001801880315,-0.0762212418969589,16.41706331885112,25001000.0,26.221835181079225
G3502,90.14353367114413,24.011502395416365,0.22686870508812068,-0.1020962353314683,17.104228504817815,25001000.0,25.712989380636422
G3503,90.14343396266892,24.01601289364908,0.25460048323760515,-0.10374655918659001,16.24810809497049,25001000.0,25.568630581455928
G3504,90.14333422961832,24.020523388837923,0.2623506959511038,-0.1325460843555094,17.104228504817815,25001000.0,25.65835722738924
G3505,90.14323447198856,24.02503388098243,0.2467008605992376,-0.11536481447096121,16.506275718391834,25001000.0,25.50301072633676
G3506,90.14313468977588,24.02954437008211,0.2357578664025942,-0.1006466584740731,17.104228504817815,25001000.0,25.785349873609245
G3507,90.14293197630708,24.032902405638502,0.2347705763935789,-0.10032711157480521,17.104228504817815,25001000.0,25.775549185056207
G3511,90.15920191811726,23.52478699369717,-0.05866777049069011,-0.05806939564221551,17.104228504817815,25001000.0,21.810361464590216
G3512,90.15895342966834,23.52895104274385,-0.05445955394539321,-0.058499859903364114,17.104228504817815,25001000.0,21.810361464590216
G3513,90.15885649551116,23.53346188304048,-0.03915192070900501,-0.06334129459344641,18.595755571871706,25001000.0,22.111889731234704
G3514,90.15875953721788,23.537972720346417,-0.03753793600888311,-0.06086363625309201,17.104228504817815,25001000.0,22.099747840283158
G3515,90.15866255478494,23.542483554661207,0.01864058338069519,-0.07015405612777241,18.535506487622598,25001000.0,23.828739143624837
G3516,90.15856554820864,23.546994385984355,0.1539007950163639,-0.0729917992604418,17.104228504817815,25001000.0,26.274873421961132
G3517,90.15846851748536,23.55150521431537,0.2091070992439188,-0.09978626290837171,17.628108094970486,25001000.0,25.747740710119455
G3518,90.1583714626114,23.556016039653763,0.2181594988968024,-0.10734687009271371,17.104228504817815,25001000.0,25.67641737314364
G3519,90.15827438358316,23.56052686199905,0.2116406436573966,-0.0996308421168285,17.275869289000383,25001000.0,25.707712255085585
G3520,90.15817728039696,23.56503768135074,0.217444131645639,-0.11320522544363881,16.71858341069955,25001000.0,25.594330767190645
G3521,90.15808015304914,23.56954849770836,0.2495774415294613,-0.1180153309560383,17.104228504817815,25001000.0,25.69404239589441
G3522,90.15798300153604,23.574059311071416,0.2384180459764859,-0.1142985714528318,16.89953533377647,25001000.0,25.587142750684762
G3523,90.15788582585404,23.578570121439405,0.2256350444996218,-0.1074035173258971,17.104228504817815,25001000.0,25.665163232023794
G3524,90.15778862599944,23.583080928811864,0.2356097654290732,-0.10959747839224261,17.013352641468742,25001000.0,25.62232724114115
G3525,90.15769140196858,23.587591733188304,0.23703163928965848,-0.10717315312653361,17.104228504817815,25001000.0,25.643104796371258
G3526,90.15759415375784,23.59210253456821,0.22373795006089628,-0.1052393431931035,17.098583410699547,25001000.0,25.693833903358776
G3527,90.1574968813635,23.59661333295113,0.2256565767041518,-0.1074792970723908,17.104228504817815,25001000.0,25.665163232023794
G3528,90.15739958478191,23.601124128336565,0.2345615293077375,-0.10937806405972031,17.077968026084164,25001000.0,25.643104796371258
G3529,90.15730226400945,23.60563492072401,0.24595922647596488,-0.11800241015945641,17.104228504817815,25001000.0,25.637063488601136
G3530,90.1572049190424,23.610145710113017,0.1842438928366749,-0.080901770598892,16.99250881862494,25001000.0,26.05283412057956
G3531,90.15710754987713,23.614656496503063,0.211474386363091,-0.0929794811657334,17.104228504817815,25001000.0,25.855998022789585
G3532,90.15701015650993,23.619167279893688,0.22774829768116678,-0.10237615673776701,16.784429564545718,25001000.0,25.621643331345798
G3533,90.15691273893714,23.623678060284384,0.20196793617261818,-0.09264516061309061,17.104228504817815,25001000.0,25.855998022789585
G3534,90.15681529715512,23.62818883767468,0.2224387477470736,-0.1055042506476215,17.104228504817815,25001000.0,25.693833903358776
G3535,90.15671783116018,23.632699612064084,0.2179771376302323,-0.085736023409859,17.104228504817815,25001000.0,26.178236177975197
G3536,90.15662034094863,23.63721038345212,0.26770350109087476,-0.12660295528870222,17.104228504817815,25001000.0,25.656154929454072
G3537,90.15652282651683,23.641721151838272,0.2134103224347124,-0.1271371674500353,17.104228504817815,25001000.0,25.6372894587358
G3538,90.15642528786108,23.64623191722208,0.2288640610854725,-0.11545655858036241,17.104228504817815,25001000.0,25.665163232023794
G3539,90.1563277249777,23.65074267960306,0.2462191955566179,-0.1138516956087537,17.104228504817815,25001000.0,25.62618748803936
G3540,90.156230137863,23.655253438980715,0.22510366530429018,-0.10171340295318841,17.104228504817815,25001000.0,25.948605173083212
G3541,90.15613252651332,23.659764195354555,0.2087219114332806,-0.0757721870864589,17.104228504817815,25001000.0,26.418636311164505
G3542,90.156034890925,23.66427494872411,0.21340010140692808,-0.08254126321883441,17.104228504817815,25001000.0,26.263092170466933
G3543,90.15593723109431,23.66878569908888,0.2319560334284605,-0.0954758431048268,17.104228504817815,25001000.0,25.935102782550935
G3544,90.1558395470176,23.673296446448383,0.26511570662724104,-0.1116628592214393,17.104228504817815,25001000.0,25.802159803144107
G3545,90.15574183869118,23.67780719080213,0.26312919230325327,-0.1166850924561251,17.104228504817815,25001000.0,25.68081412416393
G3546,90.15564410611135,23.682317932149648,0.27263996453223605,-0.1218137792261556,17.104228504817815,25001000.0,25.88464657169877
G3547,90.15554634927445,23.68682867049044,0.26252671236954556,-0.12872769275928012,17.104228504817815,25001000.0,25.702472433690005
G3548,90.15544856817672,23.69133940582402,0.25997559175581847,-0.11059872816636401,17.104228504817815,25001000.0,25.787692055653302
G3549,90.15535076281456,23.69585013814991,0.24698165821418988,-0.10577018052646911,17.104228504817815,25001000.0,25.62618748803936
G3550,90.15525293318424,23.70036086746761,0.2377385160992632,-0.1034328851139475,17.104228504817815,25001000.0,25.643104796371258
G3551,90.15515507928204,23.70487159377665,0.2399348841484359,-0.0993656687138221,17.104228504817815,25001000.0,25.783656890212264
G3552,90.15505720110434,23.709382317076543,0.1696305574382532,-0.0822227478674241,17.104228504817815,25001000.0,26.16234473138433
G3553,90.1549592986474,23.713893037366784,0.2607892488861325,-0.106750517381484,17.104228504817815,25001000.0,25.80498201158986
G3554,90.1548613719075,23.71840375464692,0.2696357929339879,-0.1304062405873062,17.104228504817815,25001000.0,25.704984757415094
G3555,90.15476342088098,23.722914468916432,0.26655124656642776,-0.12320509277523911,17.104228504817815,25001000.0,25.63908173317248
G3556,90.15466345100246,23.727423309905145,0.28461962460142054,-0.15804073035733532,17.104228504817815,25001000.0,25.782644385466142
G3557,90.15412204805747,23.731810728296583,0.25379743791322795,-0.12658937215432,17.104228504817815,25001000.0,25.663005707144848
G3558,90.15439121851688,23.7365131804718,0.30336938407653347,-0.1573471539041904,17.104228504817815,25001000.0,25.75795360994619
G3559,90.15437137383464,23.740957295878715,0.31022665276112604,-0.1527739301739889,17.104228504817815,25001000.0,25.80903478192251
G3560,90.15418567786412,23.74524760885636,0.2926027975831926,-0.1369608840040847,17.104228504817815,25001000.0,25.901534880458307
G3578,90.15209357033773,23.828502607990625,0.26386118594023106,-0.1098830365173235,17.104228504817815,25001000.0,25.846615073636514
G3579,90.1527687519854,23.83114027999884,0.28235117081970745,-0.1222757642873357,17.104228504817815,25001000.0,25.94736490479139
G3580,90.15254668490267,23.83580521618337,0.27607436553746945,-0.1190241504323377,15.565013274952918,25001000.0,25.88739154190255
G3581,90.15220815744438,23.84019198161109,0.28906234485839466,-0.1261269279438546,17.104228504817815,25001000.0,25.892989641372047
G3582,90.15210954927696,23.844702614410853,0.30078818156277926,-0.1419884094655997,15.51354268671767,25001000.0,25.905174918522743
G3583,90.15201091671894,23.84921324418642,0.26737206645991446,-0.11196293864333501,17.104228504817815,25001000.0,25.83562486350118
G3584,90.15191225976652,23.853723870937323,0.2850376595725704,-0.12505646625781522,15.605660333776456,25001000.0,25.83050068189549
G3585,90.151813578416,23.858234494663066,0.26140088377664006,-0.1064356179449387,17.104228504817815,25001000.0,25.79817525429072
G3586,90.15171487266367,23.86274511536318,0.24868465626708258,-0.09475471973552331,15.910517476633602,25001000.0,25.97204015144468
G3587,90.15161614250574,23.867255733037176,0.24020701715107448,-0.1072630727525969,17.104228504817815,25001000.0,25.643104796371258
G3588,90.15151738793853,23.871766347684563,0.2357162792224182,-0.1115694754275357,16.290811018707956,25001000.0,25.51992803466866
G3589,90.15141860895824,23.876276959304867,0.1823493807874518,-0.058868628216949916,17.104228504817815,25001000.0,26.92937247426043
G3590,90.15131980556116,23.8807875678976,0.16982806675965148,-0.04936237793571401,16.6039617036395,25001000.0,26.8511897094145
G3591,90.15122097774358,23.88529817346227,0.222741898464172,-0.0888740118307319,17.104228504817815,25001000.0,26.035491666568376
G3592,90.15112212550171,23.8898087759984,0.1990707874009316,-0.062333678463091215,16.692254928371057,25001000.0,26.68890719919567
G3593,90.15102324883183,23.89431937550551,0.209760479181371,-0.07759372662501551,17.104228504817815,25001000.0,26.379864906911237
G3594,90.1509243477302,23.898829971983112,0.2386471031550847,-0.09693430964291691,16.657374619490753,25001000.0,25.834988914412016
G3595,90.15082542219304,23.90334056543072,0.2164179914294343,-0.1329573810793103,17.104228504817815,25001000.0,25.586891628694293
G3596,90.15072647221668,23.90785115584786,0.23160145101948398,-0.11530927042893531,16.642254928371045,25001000.0,25.567117573676995
G3597,90.15062749779727,23.91236174323404,0.2363326730003048,-0.0998483363750027,17.104228504817815,25001000.0,25.79406974374689
G3598,90.15052849893117,23.916872327588777,0.13479566082944258,-0.0016352389921266137,16.573127000443122,25001000.0,28.479136451097713
G3599,90.1504294756145,23.921382908911585,0.1788368079810637,-0.049550635763724614,17.104228504817815,25001000.0,27.0591200636972
G3600,90.15033042784364,23.925893487201986,0.18510905757954288,-0.058376900171835715,16.503065739181892,25001000.0,26.80088294388355
G3601,90.15023135561472,23.93040406245949,0.1809255565404396,-0.04039080427769121,17.104228504817815,25001000.0,27.351844249387824
G3602,90.15013225892407,23.93491463468363,0.2113679907391557,-0.0766452189876661,16.5102630735025,25001000.0,26.242692160976613
G3603,90.15003313776792,23.939425203873903,0.238701116807271,-0.096298722422366,17.104228504817815,25001000.0,25.952780262924502
G3604,90.1499339921425,23.943935770029828,0.2055317875317782,-0.07610125748566711,16.421495950214847,25001000.0,26.142411289394122
G3605,90.14983482204404,23.948446333150937,0.2220511771857198,-0.12795876165612502,17.104228504817815,25001000.0,25.674246195031078
G3606,90.1497356274688,23.952956893236724,0.2380751239408594,-0.1168645024697784,16.448927939410254,25001000.0,25.637564544739426
G3607,90.149636408413,23.957467450286725,0.2250871038858282,-0.09446505227002491,17.104228504817815,25001000.0,25.918225378653233
G3608,90.14953716487292,23.96197800430045,0.20280345760301338,-0.07818218515965561,16.39508890520503,25001000.0,26.092004399029545
G3609,90.14943789684472,23.96648855527741,0.23334738408445038,-0.09242995125646161,17.104228504817815,25001000.0,25.994286195783612
G3610,90.14933860432474,23.970999103217142,0.2226035012473751,-0.0870803793234077,16.41794604806219,25001000.0,25.97103230358884
G3611,90.14923928730911,23.97550964811914,0.23210364908035538,-0.0848561631728692,17.104228504817815,25001000.0,26.305688311389442
G3612,90.14913994579416,23.980020189982927,0.2254927893580458,-0.08597485337788141,16.397968026084158,25001000.0,26.061992761913704
G3613,90.14904057977604,23.98453072880803,0.2387559081654804,-0.10418857176725531,17.104228504817815,25001000.0,25.643104796371258
G3614,90.14894118925102,23.98904126459396,0.2425254162108703,-0.1035640487341652,16.430160333776456,25001000.0,25.51992803466866
G3615,90.14884177421531,23.993551797340224,0.1936568188527241,-0.0766091853077557,17.104228504817815,25001000.0,26.31876257273083
G3616,90.1487423346652,23.998062327046352,0.21392904073033958,-0.09377315244604381,16.39181417993032,25001000.0,25.71527518938241
G3617,90.14864287059685,24.002572853711857,0.2211366463753223,-0.09488201102048001,17.104228504817815,25001000.0,25.899119263147114
G3618,90.1485433820065,24.00708337733625,0.20886193989666849,-0.0708402343790588,16.361189745541168,25001000.0,26.228358319189123
G3619,90.14844386889038,24.011593897919067,0.2441751247112256,-0.09299398938313971,17.104228504817815,25001000.0,26.124021144827264
G3620,90.14834433124472,24.016104415459804,0.2406756833978232,-0.09372042788026531,16.22942503965882,25001000.0,25.909768878387162
G3621,90.14824476906574,24.020614929958,0.27764595278279286,-0.1227476930711264,17.104228504817815,25001000.0,25.895802060012002
G3622,90.1477199330006,24.024594955795088,0.248054264460704,-0.12063119343849181,17.104228504817815,25001000.0,25.612108530280683
G3623,90.14640739024708,24.029586942346462,0.21539699435438758,-0.1376313108803453,17.104228504817815,25001000.0,25.62201802781976
G3624,90.14653265268905,24.03274941753903,0.2559598846943086,-0.1172345094416415,17.104228504817815,25001000.0,25.709543326575172
G3628,90.16361345558688,23.525375683116177,-0.049951232601895205,-0.0686136723662718,17.104228504817815,25001000.0,21.700787370240402
G3629,90.16384561438196,23.52904033331228,-0.04801734542630431,-0.0674418759095353,17.104228504817815,25001000.0,21.756178716140457
G3630,90.16374884659588,23.53355119274645,-0.039464197114868205,-0.0716013516728704,17.104228504817815,25001000.0,21.84072233879727
G3631,90.16365205471512,23.53806204919122,0.06107672126339219,-0.05209454076773731,17.104228504817815,25001000.0,24.816638117443706
G3632,90.16355523873604,23.54257290264608,0.1688581324626898,-0.0662179554050139,17.104228504817815,25001000.0,26.47498373942209
G3633,90.16345839865498,23.547083753110577,0.2057065423519052,-0.10370489428203761,17.104228504817815,25001000.0,25.65429052627412
G3634,90.16336153446834,23.55159460058421,0.20848461181813918,-0.10377393263269451,17.104228504817815,25001000.0,25.65429052627412
G3635,90.16326464617242,23.556105445066475,0.2064676525446389,-0.10413361420150331,17.104228504817815,25001000.0,25.65429052627412
G3636,90.16316773376364,23.560616286556908,0.22014396635621908,-0.1065760361701734,17.104228504817815,25001000.0,25.67641737314364
G3637,90.16307079723826,23.565127125055017,0.2301977594174344,-0.10975366631902611,17.104228504817815,25001000.0,25.665163232023794
G3638,90.16297383659273,23.56963796056032,0.2035078662384074,-0.10637486328113471,17.104228504817815,25001000.0,25.65429052627412
G3639,90.1628768518233,23.57414879307231,0.23482862513278538,-0.113472749559873,17.104228504817815,25001000.0,25.643104796371258
G3640,90.16277984292638,23.57865962259052,0.2437815700192361,-0.11694626828051231,17.104228504817815,25001000.0,25.653980796933034
G3641,90.16268280989831,23.583170449114466,0.2304692753848549,-0.10932838918553421,17.104228504817815,25001000.0,25.649381030087806
G3642,90.16258575273544,23.587681272643643,0.24583609615504848,-0.1075702909201672,17.104228504817815,25001000.0,25.62618748803936
G3643,90.16248867143408,23.592192093177577,0.23404834318705428,-0.11285655771983921,17.104228504817815,25001000.0,25.649381030087806
G3644,90.16239156599065,23.596702910715784,0.2302771751465354,-0.1159578503420534,17.104228504817815,25001000.0,25.649381030087806
G3645,90.16229443640138,23.60121372525778,0.1899886114919577,-0.11006332429192811,17.104228504817815,25001000.0,25.65429052627412
G3646,90.16219728266267,23.605724536803056,0.24575031256605379,-0.11692181903971001,17.104228504817815,25001000.0,25.637063488601136
G3647,90.1621001047709,23.61023534535116,0.1932597942312842,-0.094224211012781,17.104228504817815,25001000.0,25.855998022789585
G3648,90.16200290272236,23.61474615090158,0.17899353878399618,-0.08496051390592721,17.104228504817815,25001000.0,26.120361568728825
G3649,90.16190567651336,23.61925695345384,0.2035271615593793,-0.1095392834129248,17.104228504817815,25001000.0,25.65429052627412
G3650,90.1618084261403,23.62376775300746,0.18832275319172379,-0.10348134684033801,17.104228504817815,25001000.0,25.65429052627412
G3651,90.16171115159948,23.628278549561937,0.24889339778076028,-0.11872754208076931,16.51311487923104,25001000.0,25.55854876026525
G3652,90.16161385288724,23.6327893431168,0.25345627072455745,-0.12105885356155521,17.104228504817815,25001000.0,25.676595606426684
G3653,90.16151652999989,23.63730013367156,0.25464535476728334,-0.11987429070517941,16.52432700044315,25001000.0,25.58311198720613
G3654,90.1614191829338,23.641810921225723,0.24258651037517628,-0.11577938119450451,17.104228504817815,25001000.0,25.643104796371258
G3655,90.16132181168528,23.646321705778806,0.2227945027184167,-0.0946711850339539,16.808429564545662,25001000.0,25.805522835419005
G3656,90.16122441625066,23.650832487330334,0.2073749920580549,-0.08439605133501021,17.104228504817815,25001000.0,26.2103012046958
G3657,90.16112699662628,23.65534326587981,0.2117817998063194,-0.08155138058167091,16.69705427317038,25001000.0,26.135653908803814
G3658,90.16102955280842,23.659854041426755,0.1834828248701348,-0.057741075914055716,17.104228504817815,25001000.0,26.92937247426043
G3659,90.16093208479346,23.66436481397068,0.1982211446161647,-0.071073735816192,16.650387606503756,25001000.0,26.18310943000488
G3660,90.16083459257771,23.6688755835111,0.2482399024398829,-0.1040622487737296,17.104228504817815,25001000.0,25.700701136047496
G3661,90.16073707615747,23.67338635004753,0.22881474242719668,-0.0902727019983273,15.927501603617742,25001000.0,25.864912575063958
G3662,90.1606395355291,23.67789711357948,0.2222877811584769,-0.0773871082314016,17.104228504817815,25001000.0,26.34359565836175
G3663,90.16054197068888,23.68240787410648,0.2747938667379878,-0.1290382984699713,15.553968026084164,25001000.0,25.831644521147027
G3664,90.16044438163316,23.68691863162801,0.27926321116926106,-0.13540790825775842,17.104228504817815,25001000.0,25.67388756439047
G3665,90.16034676835824,23.69142938614363,0.27404209097112814,-0.12183759425229591,15.797954451423522,25001000.0,25.765814635998996
G3666,90.16024913086042,23.695940137652823,0.27121325751764036,-0.1237963425997908,17.104228504817815,25001000.0,25.849430391510356
G3667,90.16015146913604,23.70045088615512,0.2526108181384581,-0.10896181840308031,16.12316758015325,25001000.0,25.5892468864429
G3668,90.16005378318144,23.70496163165002,0.25420786889598546,-0.1115024634980454,17.104228504817815,25001000.0,25.7192419467547
G3669,90.1599560729929,23.70947237413705,0.2376929890586943,-0.1001381075111183,16.42566033377645,25001000.0,25.677390358332975
G3670,90.1598583385667,23.713983113615715,0.19059948017212539,-0.08837986158926031,17.104228504817815,25001000.0,25.991156999438555
G3671,90.15976057989924,23.718493850085547,0.1897275639094459,-0.0899818826762033,16.44108890520502,25001000.0,25.742273644497416
G3672,90.15966279698674,23.723004583546047,0.2053897070301238,-0.10468229305253081,17.104228504817815,25001000.0,25.65429052627412
G3673,90.15810565441248,23.726450780926115,0.27793400882988756,-0.1555290093937485,17.104228504817815,25001000.0,25.833725557442463
G3675,90.15768089501884,23.737532451073577,0.29789812735138205,-0.15901099688978632,17.104228504817815,25001000.0,25.75795360994619
G3676,90.15744230330868,23.74035420424927,0.27362664301751094,-0.12268093589379381,17.104228504817815,25001000.0,25.86354761837064
G3677,90.15698511019762,23.74424409216223,0.2864063897543099,-0.12866311254582422,17.104228504817815,25001000.0,25.90776660601362
G3696,90.15684317538545,23.83297585504467,0.30895299332043424,-0.1369333350621111,17.104228504817815,25001000.0,25.64285468710445
G3697,90.15721033372824,23.83577194060867,0.29520179767370247,-0.133162752527433,15.521088905205007,25001000.0,25.85178436390326
G3698,90.15711191914627,23.840282595656497,0.29336322300965145,-0.1336587460719783,17.104228504817815,25001000.0,25.865188115677235
G3699,90.1570134802192,23.84479324768191,0.2827080374160907,-0.12109256994896621,15.497080623631547,25001000.0,25.95357653429256
G3700,90.15691501694327,23.84930389668444,0.28667485998674036,-0.126287832757929,17.104228504817815,25001000.0,25.892989641372047
G3701,90.1568165293148,23.85381454266359,0.2462693298479824,-0.09292865480508511,17.104228504817815,25001000.0,26.19538533989556
G3702,90.15671801733004,23.858325185618867,0.24513521409730998,-0.09488921876053161,17.104228504817815,25001000.0,26.064538827931912
G3703,90.15661948098528,23.86283582554981,0.21489245261334058,-0.0786496988564907,17.104228504817815,25001000.0,26.3171695750755
G3704,90.15652092027676,23.867346462455924,0.22467672018338708,-0.0911534490073249,17.104228504817815,25001000.0,25.95962649343266
G3705,90.15642233520076,23.87185709633672,0.2018897696706446,-0.0788402203144537,17.104228504817815,25001000.0,26.253110301769787
G3706,90.15632372575358,23.876367727191724,0.1643163419872352,-0.06408765898351142,17.104228504817815,25001000.0,26.586547228906902
G3707,90.15622509193145,23.88087835502045,0.11947677989639989,-0.004035308045664614,17.104228504817815,25001000.0,28.448414719966685
G3708,90.15612643373063,23.885388979822405,0.16660445995808928,-0.03808416529824681,17.104228504817815,25001000.0,27.408997001854665
G3709,90.1560277511474,23.88989960159712,0.2299815944700206,-0.0855926981682345,17.104228504817815,25001000.0,26.26345261102105
G3710,90.15592904417804,23.894410220344103,0.1948499757934245,-0.06726525041594511,17.104228504817815,25001000.0,26.480561284252758
G3711,90.15583031281878,23.89892083606287,0.2104149470783458,-0.08184261662612631,17.104228504817815,25001000.0,26.263092170466933
G3712,90.1557315570659,23.903431448752947,0.2408495863015061,-0.1267826668127758,17.104228504817815,25001000.0,25.612081331554002
G3713,90.15563277691568,23.907942058413845,0.2133249239044055,-0.12401935911241001,17.104228504817815,25001000.0,25.622512494094227
G3714,90.15553397236432,23.91245266504507,0.2116874838617456,-0.0812952945745282,17.104228504817815,25001000.0,26.263092170466933
G3715,90.15543514340813,23.91696326864615,0.14985899969651229,-0.020040660571220816,17.104228504817815,25001000.0,27.980751828283694
G3716,90.15533629004334,23.921473869216605,0.15554846353627158,-0.020161565946381015,17.104228504817815,25001000.0,28.038089002265792
G3717,90.1552374122662,23.925984466755946,0.185794983420798,-0.055714549198799014,17.104228504817815,25001000.0,26.92937247426043
G3718,90.155138510073,23.930495061263684,0.1662956564745376,-0.03750170091804492,17.104228504817815,25001000.0,27.521290754214856
G3719,90.15503958345997,23.93500565273935,0.24621131907221208,-0.1076476435696493,17.104228504817815,25001000.0,25.62618748803936
G3720,90.15494063242332,23.93951624118245,0.2255306896029277,-0.0963018143981052,17.104228504817815,25001000.0,25.852112464947286
G3721,90.15484165695936,23.94402682659251,0.15888941954329558,-0.029694354229710514,17.104228504817815,25001000.0,27.661251633395363
G3722,90.15474265706432,23.948537408969035,0.1276987317411652,-0.0007790001654611135,17.104228504817815,25001000.0,28.52068036363843
G3723,90.15464363273443,23.953047988311543,0.2051680401825545,-0.0792218211608415,17.104228504817815,25001000.0,26.284725323350113
G3724,90.15454458396596,23.957558564619568,0.2484245399145213,-0.1063131223031275,17.104228504817815,25001000.0,25.62618748803936
G3725,90.15444551075517,23.96206913789262,0.232943837968556,-0.09623308997792651,17.104228504817815,25001000.0,25.92095213291066
G3726,90.15434641309824,23.9665797081302,0.2270162747287566,-0.0907493085294081,17.104228504817815,25001000.0,25.988497137235626
G3727,90.15424729099146,23.971090275331843,0.19471643513553,-0.07265889212603041,17.104228504817815,25001000.0,26.325577664249426
G3728,90.15414814443108,23.97560083949706,0.23656258216065448,-0.08947532973687551,17.104228504817815,25001000.0,26.10434718842517
G3729,90.15404897341332,23.98011140062537,0.2164891568670165,-0.08930230753653351,17.104228504817815,25001000.0,25.874131397695763
G3730,90.1539497779344,23.98462195871629,0.2013594272376064,-0.08702349329856221,17.104228504817815,25001000.0,26.05835732843494
G3731,90.15385055799057,23.98913251376933,0.2009785722751574,-0.08887966665945671,17.104228504817815,25001000.0,25.97495389599571
G3732,90.15375131357808,23.99364306578402,0.1970792386928058,-0.07619193241103411,17.104228504817815,25001000.0,26.31876257273083
G3733,90.15365204469316,23.99815361475988,0.2222070250886462,-0.09172759905466521,17.104228504817815,25001000.0,25.931484172064152
G3734,90.15355275133209,24.00266416069641,0.23590716416262558,-0.09595790539612041,17.104228504817815,25001000.0,25.91765106382118
G3735,90.15345343349098,24.007174703593137,0.25034525688659237,-0.10267107887926581,17.104228504817815,25001000.0,25.784325062814577
G3736,90.15335409116616,24.011685243449577,0.26451579618676574,-0.11201217986253811,17.104228504817815,25001000.0,25.802159803144107
G3737,90.15325472435386,24.01619578026526,0.26623722179492026,-0.10849516801211721,17.104228504817815,25001000.0,25.810429765904377
G3738,90.15315235888606,24.02070347721199,0.24834788730949858,-0.10985928380817521,17.104228504817815,25001000.0,25.62618748803936
G3739,90.15207146437668,24.0235608810661,0.26521556042487165,-0.12397258397487351,17.104228504817815,25001000.0,25.724263402461162
G3745,90.1671331983157,23.526387638065035,-0.045389409513446506,-0.0754514103909958,17.104228504817815,25001000.0,21.84072233879727
G3746,90.1686846088877,23.5292050790799,-0.00451508643536771,-0.04679011057332711,18.01704494916109,25001000.0,23.495177840083713
G3747,90.16864122177527,23.53364034897293,0.1081603233398948,-0.056250299258731117,17.104228504817815,25001000.0,26.443598845601183
G3748,90.16854459631064,23.538151224523645,0.1723382489734924,-0.06675081767524621,18.007814179930307,25001000.0,26.56230894111737
G3749,90.1684479467891,23.54266209708572,0.2200011488166029,-0.0956231516835299,17.104228504817815,25001000.0,25.82026441920113
G3750,90.16835127320697,23.54717296665869,0.2233245702841207,-0.11308735293906651,16.999130922011744,25001000.0,25.673056348128668
G3751,90.16825457556058,23.551683833242063,0.21845653638543258,-0.1080603020118626,17.104228504817815,25001000.0,25.67641737314364
G3752,90.16815785384637,23.556194696835338,0.2232090773373415,-0.1117319077190233,16.929044949161124,25001000.0,25.63787185767228
G3753,90.16806110806066,23.56070555743804,0.2239949846290579,-0.11538860023038211,17.104228504817815,25001000.0,25.693833903358776
G3754,90.16796433819978,23.565216415049683,0.2231429607750827,-0.11010281358295951,16.904327000443146,25001000.0,25.63787185767228
G3755,90.16786754426012,23.56972726966978,0.2514418303492107,-0.12459406077355381,17.104228504817815,25001000.0,25.663005707144848
G3756,90.16777072623805,23.574238121297835,0.21973254268489228,-0.125544888383916,17.183597833776474,25001000.0,25.642052700174368
G3757,90.16767388412988,23.578748969933383,0.2494253256758558,-0.12035708271943521,17.104228504817815,25001000.0,25.694727178845
G3758,90.16757701793202,23.583259815575914,0.25090153056138276,-0.12279301095054071,17.220121872238025,25001000.0,25.680827822569675
G3759,90.16748012764076,23.587770658224965,0.24401536529727788,-0.11981615060711921,17.104228504817815,25001000.0,25.62902583861258
G3760,90.16738321325248,23.592281497880027,0.23836014167151628,-0.1221721942271043,17.303417909534033,25001000.0,25.612012696516462
G3761,90.16728627476354,23.596792334540623,0.2341979783835258,-0.1275055747057191,17.104228504817815,25001000.0,25.629793321760108
G3762,90.16718931217028,23.60130316820629,0.1793564499020433,-0.1164415873428557,17.077968026084164,25001000.0,25.59729320078015
G3763,90.16709232546904,23.605813998876503,0.1727784770045334,-0.060929874559644014,17.104228504817815,25001000.0,26.878016825613557
G3764,90.16699531465618,23.610324826550805,0.19551565161167128,-0.10862884447871621,17.44372093983705,25001000.0,25.69431898130799
G3765,90.166898279728,23.61483565122869,0.195176442746973,-0.1188899936669885,17.104228504817815,25001000.0,25.63507488256345
G3766,90.16680122068092,23.61934647290969,0.1873901840455265,-0.11781121709517481,17.332811848928003,25001000.0,25.665166526835897
G3767,90.1667041375112,23.62385729159332,0.1996590815060113,-0.12017801104669641,17.104228504817815,25001000.0,25.63507488256345
G3768,90.16660703021525,23.62836810727907,0.26078657130980876,-0.1297091594291467,16.598569424685564,25001000.0,25.56548370289932
G3769,90.16650989878936,23.63287891996648,0.27811861989435455,-0.13603157565662752,17.104228504817815,25001000.0,25.67388756439047
G3770,90.1664127432299,23.63738972965505,0.2352944110158235,-0.1230995026862538,16.740048393477963,25001000.0,25.54447563287382
G3771,90.1663155635332,23.64190053634432,0.2264533493122492,-0.1014339987529059,17.104228504817815,25001000.0,25.749305044863707
G3772,90.16621835969558,23.646411340033755,0.19858742068719828,-0.08426625813919841,16.881352641468737,25001000.0,26.063780357589703
G3773,90.1661211317134,23.650922140722912,0.1847200583499525,-0.06849490073398201,17.104228504817815,25001000.0,26.4761034150194
G3774,90.16602387958297,23.65543293841129,0.1928215785167943,-0.0730776015348563,16.7804295645457,25001000.0,26.198316253044123
G3775,90.16592660330063,23.65994373309841,0.2226229229664635,-0.0961419412603936,17.104228504817815,25001000.0,25.850422879656303
G3776,90.16582930286272,23.66445452478379,0.221694348187958,-0.09205454584446761,17.104228504817815,25001000.0,25.91653579336225
G3777,90.16573197826555,23.66896531346693,0.25575752688227155,-0.1083576764874906,17.104228504817815,25001000.0,25.795913023630934
G3778,90.1656346295055,23.67347609914735,0.19318721542336148,-0.10703236848423281,17.104228504817815,25001000.0,25.65429052627412
G3779,90.16553725657884,23.67798688182457,0.21852924145935068,-0.10431610815573951,17.104228504817815,25001000.0,25.67641737314364
G3780,90.16543985948192,23.682497661498104,0.26862435922952155,-0.12581734773067182,17.104228504817815,25001000.0,25.656154929454072
G3781,90.16534243821108,23.687008438167464,0.24964057501853398,-0.10902747710172801,17.104228504817815,25001000.0,25.712025202693795
G3782,90.1652449927626,23.691519211832173,0.27757875657777875,-0.12682864745084912,17.104228504817815,25001000.0,25.877302714562365
G3783,90.16514752313284,23.696029982491737,0.26496982511966666,-0.1132209391155405,17.104228504817815,25001000.0,25.758440234580007
G3784,90.16505002931814,23.70054075014567,0.26071630767976256,-0.1149862618658371,17.104228504817815,25001000.0,25.713226843255228
G3785,90.16495251131477,23.705051514793485,0.2576182748468377,-0.1216493162884525,17.104228504817815,25001000.0,25.707532040292886
G3786,90.16485496911903,23.70956227643472,0.26899606842920315,-0.11807058777901681,17.104228504817815,25001000.0,25.726191814968246
G3787,90.16475740272736,23.714073035068854,0.2357592367369649,-0.0957098797686053,17.104228504817815,25001000.0,25.91765106382118
G3788,90.16465981213597,23.718583790695423,0.28991123159612814,-0.12830010447665652,17.104228504817815,25001000.0,25.90776660601362
G3789,90.16456308260172,23.723093239681475,0.25588328528292315,-0.1196971329824136,17.104228504817815,25001000.0,25.723207813442368
G3790,90.16599757534742,23.725622845959894,0.21952691293459028,-0.1074656657908236,17.104228504817815,25001000.0,25.67641737314364
G3813,90.16306018610716,23.832445671684862,0.3396816002711033,-0.1669748239252841,17.104228504817815,25001000.0,25.472460002128056
G3814,90.16211395057302,23.835862379743432,0.30525481807089816,-0.1435278018745815,17.104228504817815,25001000.0,25.929494219437895
G3815,90.16201570519328,23.840373053982624,0.26739953471695466,-0.11496050160045221,17.104228504817815,25001000.0,25.75337895059083
G3816,90.16191743551023,23.8448837252007,0.2423094544682383,-0.08997881152162501,17.104228504817815,25001000.0,26.10434718842517
G3817,90.16181914152018,23.84939439339716,0.2715839658480553,-0.11725331762007711,17.104228504817815,25001000.0,25.91635309092288
G3818,90.16172082321938,23.85390505857154,0.2734198379851139,-0.12077836925648221,15.655688502790525,25001000.0,25.829049287850175
G3819,90.16162248060412,23.858415720723336,0.23096836317992328,-0.1120342596334663,17.104228504817815,25001000.0,25.649381030087806
G3820,90.16152411367064,23.86292637985208,0.2162493335355859,-0.0911550105832737,15.993602362762006,25001000.0,25.73213712470245
G3821,90.16142572241525,23.86743703595729,0.22585604798433778,-0.0897481644367786,17.104228504817815,25001000.0,26.002918733166236
G3822,90.16132730683422,23.871947689038468,0.2080793196570144,-0.0780503558607756,16.36127144488753,25001000.0,26.167809867068932
G3823,90.16122886692384,23.87645833909515,0.1507854476881497,-0.0767674339385547,17.104228504817815,25001000.0,26.1401834103284
G3824,90.16113040268036,23.88096898612684,0.1602900817116519,-0.028002264074885513,16.62266033377645,25001000.0,27.480287377119016
G3825,90.16103191410008,23.88547963013305,0.19874213751853398,-0.06436050441156961,17.104228504817815,25001000.0,26.76204216937151
G3826,90.16093340117924,23.88999027111331,0.19615423308099858,-0.062406333992226615,16.492382555998716,25001000.0,26.638585698216612
G3827,90.16083486391412,23.894500909067126,0.18616072158728308,-0.05356220995860611,17.104228504817815,25001000.0,26.927892658031116
G3828,90.160736302301,23.899011543994025,0.2288840917058461,-0.09844250607704191,16.512308221100426,25001000.0,25.674985561546563
G3829,90.16063771633613,23.90352217589352,0.2367466221493004,-0.101041997534942,17.104228504817815,25001000.0,25.784016717614747
G3830,90.16053910601578,23.90803280476513,0.2367785088867427,-0.100407673218057,16.689822495938614,25001000.0,25.701393433801453
G3831,90.1604404713362,23.91254343060836,0.1793262366977565,-0.05802756631893342,17.104228504817815,25001000.0,26.92937247426043
G3832,90.1603418122937,23.917054053422746,0.12450510978625909,-0.017301505941331514,16.64549817161432,25001000.0,27.981358623455897
G3833,90.1602431288845,23.921564673207783,0.157800836783559,-0.028652052049708512,17.104228504817815,25001000.0,27.676464395315804
G3834,90.16014442110487,23.92607528996301,0.1732158129963859,-0.05040071441530412,16.40468736080348,25001000.0,26.83400344413559
G3835,90.1600456889511,23.930585903687927,0.1979195155478986,-0.058303096557359914,17.104228504817815,25001000.0,26.939472302302683
G3836,90.1599469324194,23.935096514382067,0.236622408699949,-0.0875896795553413,16.350537046105245,25001000.0,26.161926646393095
G3837,90.15984815150608,23.939607122044936,0.2402806838114322,-0.09634604985680051,17.104228504817815,25001000.0,25.952780262924502
G3838,90.15974934620732,23.94411772667605,0.228256232758006,-0.07551977663336351,16.418803190919306,25001000.0,26.37665703283149
G3839,90.15965051651943,23.948628328274943,0.2191645858601553,-0.0886433562256631,17.104228504817815,25001000.0,26.01807513635324
G3840,90.1595516624387,23.95313892684112,0.2153341087796947,-0.11870989507725971,16.44971915730585,25001000.0,25.48178664533579
G3841,90.1594527839613,23.95764952237409,0.2143952116957961,-0.1105327025388674,17.104228504817815,25001000.0,25.620949503842382
G3842,90.15935388108352,23.962160114873388,0.2204868274599402,-0.1097989869080431,16.344231762347903,25001000.0,25.55324061144104
G3843,90.15925495380162,23.96667070433851,0.241534792392566,-0.10402424866320001,17.104228504817815,25001000.0,25.643104796371258
G3844,90.15915600211184,23.971181290769,0.2282094023297319,-0.10327294095295861,16.279425039658832,25001000.0,25.541986470321195
G3845,90.15905702601042,23.97569187416436,0.2336257589299798,-0.0980762823385444,17.104228504817815,25001000.0,25.850091761389226
G3846,90.1589580254936,23.98020245452411,0.2205776583491726,-0.0888558306298834,16.31453533377649,25001000.0,25.908190180828235
G3847,90.15885900055764,23.984713031847765,0.21599065726186578,-0.1030294419662341,17.104228504817815,25001000.0,25.620949503842382
G3848,90.1587599511988,23.98922360613485,0.2124645290897077,-0.09294854454480311,16.45411194667966,25001000.0,25.7320437693726
G3849,90.15866087741328,23.99373417738488,0.2226736034154396,-0.09703369191675561,17.104228504817815,25001000.0,25.814894987554627
G3850,90.15856177919734,23.998244745597365,0.2064025754957806,-0.08175192548357221,16.44859783377646,25001000.0,26.0435385937219
G3851,90.15846265654724,24.002755310771843,0.22234195493809888,-0.09655423043503511,17.104228504817815,25001000.0,25.814894987554627
G3852,90.1583635094592,24.0072658729078,0.23929371581586859,-0.10255233092651801,16.393542686717666,25001000.0,25.45813461165641
G3853,90.15826433792948,24.011776432004783,0.2184413250243469,-0.0825380233525048,17.104228504817815,25001000.0,26.27620194899864
G3854,90.15816514195426,24.016286988062305,0.23156590214519748,-0.0853927584013318,16.200048393477942,25001000.0,26.195803355864438
G3855,90.15764730855588,24.01995318055606,0.27756725108967084,-0.151636573154812,17.104228504817815,25001000.0,25.833725557442463
G3862,90.17419812650364,23.52611228852601,0.16004753095462468,-0.034823170382948215,17.104228504817815,25001000.0,27.543066344121566
G3863,90.17363188852904,23.52922022364852,0.1642504925532562,-0.030835997400106115,17.104228504817815,25001000.0,27.543066344121566
G3864,90.173533621008,23.533729351716858,0.20775170495802658,-0.0985184033141241,17.104228504817815,25001000.0,25.740019131050214
G3865,90.17343716196316,23.538240246340656,0.18923649030364229,-0.07749492528206381,17.104228504817815,25001000.0,26.28680625999616
G3866,90.17334067890276,23.54275113797709,0.2037485428077576,-0.07611674150255461,17.104228504817815,25001000.0,26.350377594311155
G3867,90.17324417182311,23.54726202662566,0.23341988501937408,-0.1083170709521407,17.104228504817815,25001000.0,25.649381030087806
G3868,90.1731476407207,23.5517729122859,0.22113024671322098,-0.10469948190116571,17.104228504817815,25001000.0,25.67641737314364
G3869,90.1730510855918,23.556283794957302,0.2158491306751009,-0.1027476928489589,17.104228504817815,25001000.0,25.59477108085022
G3870,90.1729545064328,23.560794674639403,0.22457499431339908,-0.11657149640399381,17.104228504817815,25001000.0,25.665163232023794
G3871,90.17285790324009,23.5653055513317,0.21331966652818468,-0.10665326761670511,17.104228504817815,25001000.0,25.65429052627412
G3872,90.17276127600998,23.56981642503371,0.2674842619099966,-0.1259551833402985,17.104228504817815,25001000.0,25.656154929454072
G3873,90.17266462473889,23.57432729574496,0.2620037794555822,-0.1226334997872915,17.104228504817815,25001000.0,25.70551758447326
G3874,90.17256794942313,23.57883816346494,0.24654583828350798,-0.1229128098450548,17.104228504817815,25001000.0,25.59820917400536
G3875,90.17247125005908,23.583349028193187,0.2556744208268831,-0.1208033374933327,17.104228504817815,25001000.0,25.723207813442368
G3876,90.1723745266431,23.58785988992921,0.1984507619656273,-0.101367019715038,17.104228504817815,25001000.0,25.70807208248807
G3877,90.17227777917157,23.592370748672508,0.2357809905269909,-0.1207386566852808,17.104228504817815,25001000.0,25.64046159510214
G3878,90.1721810076408,23.596881604422613,0.22402955582228598,-0.1101272566690144,17.104228504817815,25001000.0,25.665163232023794
G3879,90.17208421204715,23.601392457179035,0.2307811565359717,-0.11623628580119251,17.104228504817815,25001000.0,25.649381030087806
G3880,90.17198739238702,23.605903306941286,0.12796584322861468,-0.025298194076440014,17.104228504817815,25001000.0,27.62160573345291
G3881,90.17189054865672,23.610414153708884,0.1602755406457409,-0.09625737002640851,17.104228504817815,25001000.0,25.597516883024664
G3882,90.1717936808526,23.614924997481346,0.1653051566165541,-0.12514971241858422,17.104228504817815,25001000.0,25.270482029037368
G3883,90.17169678897103,23.619435838258177,0.21404334180307238,-0.1298097526964515,17.104228504817815,25001000.0,25.620520878745612
G3884,90.17159987300838,23.62394667603889,0.19720842576723188,-0.1262222377421902,17.104228504817815,25001000.0,25.622512494094227
G3885,90.17150293296092,23.628457510823026,0.1887441273891893,-0.11935798532735711,17.104228504817815,25001000.0,25.63507488256345
G3886,90.17140596882508,23.632968342610067,0.26509443911410435,-0.12086151770099221,17.104228504817815,25001000.0,25.71188746121293
G3887,90.17130898059716,23.637479171399548,0.23757635406648128,-0.11643513624591141,17.104228504817815,25001000.0,25.643104796371258
G3888,90.17121196827348,23.641989997190976,0.20870372872280818,-0.0890591828684443,17.104228504817815,25001000.0,25.97495389599571
G3889,90.17111493185044,23.646500819983867,0.21901954564991588,-0.10452319600752831,17.104228504817815,25001000.0,25.67641737314364
G3890,90.17101787132437,23.65101163977774,0.240258210907525,-0.0995474340519967,17.104228504817815,25001000.0,25.783656890212264
G3891,90.17092078669155,23.6555224565721,0.25145119605453026,-0.11467875544369811,17.104228504817815,25001000.0,25.66503482291432
G3892,90.1708236779484,23.66003327036647,0.2638830778668413,-0.1130270854594754,17.104228504817815,25001000.0,25.758440234580007
G3893,90.1707265450912,23.66454408116037,0.25700944809589255,-0.1087143630502919,16.422508818624948,25001000.0,25.659791131994602
G3894,90.17062938811634,23.669054888953298,0.25731763872181707,-0.11215451400381751,17.104228504817815,25001000.0,25.760093049824356
G3895,90.17053220702012,23.673565693744784,0.22341421603532538,-0.10366484489699501,15.85953533377645,25001000.0,25.570657141656177
G3896,90.17043500179884,23.67807649553434,0.2297363488304385,-0.11025885656187721,17.104228504817815,25001000.0,25.665163232023794
G3897,90.1703377724489,23.68258729432149,0.2442675550515061,-0.10472462287140101,15.783910333776445,25001000.0,25.51992803466866
G3898,90.1702405189666,23.687098090105724,0.25829130712127085,-0.11217721105027981,17.104228504817815,25001000.0,25.743298846352676
G3899,90.17014324134828,23.691608882886577,0.24650895685340068,-0.1058001157238112,15.903033468104837,25001000.0,25.50301072633676
G3900,90.17004593959024,23.69611967266357,0.249374461737284,-0.1034958227438178,17.104228504817815,25001000.0,25.80382880663849
G3901,90.16994861368885,23.700630459436194,0.2744290774942056,-0.1240349709741195,15.93394604806221,25001000.0,25.730598455810583
G3902,90.1698512636404,23.705141243204,0.26071629553723236,-0.114755104843554,17.104228504817815,25001000.0,25.713226843255228
G3903,90.16975388944122,23.709652023966463,0.26689786318611675,-0.11862669022038991,16.267374619490766,25001000.0,25.626520585870228
G3904,90.16965649108768,23.714162801723123,0.26101876724747397,-0.1103884586230741,17.104228504817815,25001000.0,25.787692055653302
G3905,90.16955906857604,23.7186735764735,0.1821389977879338,-0.09668212052730271,16.366517476633618,25001000.0,25.606364323599983
G3906,90.16946162190268,23.72318434821709,0.20776671127981658,-0.09499480321967871,17.104228504817815,25001000.0,25.855998022789585
G3907,90.16952726712236,23.72619610227319,0.24369319700352848,-0.1000141485494819,17.104228504817815,25001000.0,25.807133717758635
G3929,90.16797686711456,23.82877019236889,0.29549846280560677,-0.1435691941639191,17.104228504817815,25001000.0,25.929494219437895
G3930,90.1671421767416,23.831466868642828,0.3134302645463687,-0.1536216514711648,17.104228504817815,25001000.0,25.80903478192251
G3931,90.16701759171735,23.835952663188856,0.34541172441944407,-0.172479704787316,15.68920962955113,25001000.0,25.55915919645313
G3932,90.1669195155436,23.8404633565864,0.27650571365211235,-0.11922480191686731,17.104228504817815,25001000.0,25.915732818804546
G3933,90.16682141510834,23.844974046964108,0.26928403441908116,-0.1141257036248256,15.572026530959562,25001000.0,25.773224786505388
G3934,90.16672329040784,23.849484734321496,0.26895535158834155,-0.11865174732678581,17.104228504817815,25001000.0,25.726260675090437
G3935,90.16662514143842,23.853995418658084,0.2679959090586044,-0.1216982185156429,15.71968931928373,25001000.0,25.580389004226294
G3936,90.16652696819637,23.85850609997338,0.2296011836932495,-0.11781629589845681,17.104228504817815,25001000.0,25.67603923258557
G3937,90.1664287706779,23.863016778266907,0.2415156897087786,-0.11813952054479701,16.102583410699566,25001000.0,25.530804035230435
G3938,90.1663305488794,23.867527453538184,0.22239372295295629,-0.09704499113467631,17.104228504817815,25001000.0,25.814894987554627
G3939,90.16623230279706,23.87203812578672,0.197525560749073,-0.07395865048864461,16.45128352218225,25001000.0,26.102581386750966
G3940,90.1661340324272,23.87654879501205,0.1780860255457501,-0.06484027115754211,17.104228504817815,25001000.0,26.672395302866633
G3941,90.16603573776612,23.88105946121366,0.24245807911884448,-0.10421196613183241,16.529209629551104,25001000.0,25.51992803466866
G3942,90.16593741881007,23.88557012439109,0.23158065410225978,-0.08917582283996911,17.104228504817815,25001000.0,26.142112712792706
G3943,90.16583907555535,23.890080784543866,0.19943985607108689,-0.07478836850017351,17.104228504817815,25001000.0,26.325577664249426
G3944,90.1657407079982,23.894591441671487,0.1538433565746786,-0.030083487635620913,17.104228504817815,25001000.0,27.661251633395363
G3945,90.16564231613494,23.89910209577347,0.2089176291388058,-0.08731021179204251,17.104228504817815,25001000.0,26.05835732843494
G3946,90.1655438999618,23.90361274684934,0.2326302614564533,-0.09256086372013211,17.104228504817815,25001000.0,25.994286195783612
G3947,90.16544545947508,23.908123394898613,0.2349471295982182,-0.12056244057588021,17.104228504817815,25001000.0,25.64046159510214
G3948,90.16534699467104,23.912634039920803,0.2119832384531298,-0.09633826387880051,17.104228504817815,25001000.0,25.806457551525188
G3949,90.16524850554596,23.917144681915435,0.1198601543471044,0.0011780348509732863,17.104228504817815,25001000.0,28.542621406778043
G3950,90.16514999209608,23.921655320882017,0.14189925726951058,-0.020870215889061215,17.104228504817815,25001000.0,27.832801025933794
G3951,90.16505145431772,23.926165956820068,0.1810695925280443,-0.041799727183706614,17.104228504817815,25001000.0,27.351844249387824
G3952,90.1649528922071,23.93067658972912,0.2159028026523684,-0.08060336330901881,17.104228504817815,25001000.0,26.263092170466933
G3953,90.16485430576051,23.935187219608675,0.2476600910959528,-0.1001071883692316,17.104228504817815,25001000.0,25.915238942743724
G3954,90.1647556949742,23.93969784645825,0.2388577661384563,-0.0984569865740168,17.104228504817815,25001000.0,25.858199466545283
G3955,90.16465705984442,23.94420847027737,0.22996508053075548,-0.0827735035392218,17.104228504817815,25001000.0,26.339267138064233
G3956,90.16455840036744,23.94871909106556,0.26063781966020577,-0.11495113174526671,17.104228504817815,25001000.0,25.713226843255228
G3957,90.16445971653955,23.95322970882232,0.26182147318659954,-0.1329736741990939,17.104228504817815,25001000.0,25.609166850585897
G3958,90.164361008357,23.957740323547178,0.2367233359821391,-0.1063629194837478,17.104228504817815,25001000.0,25.643104796371258
G3959,90.164262275816,23.96225093523965,0.2258561829047549,-0.09107165044835341,17.104228504817815,25001000.0,25.988497137235626
G3960,90.16416351891289,23.96676154389925,0.23062561440550808,-0.0929485809931804,17.104228504817815,25001000.0,25.973365439969943
G3961,90.16406473764384,23.971272149525507,0.2281917301607667,-0.0910852267915698,17.104228504817815,25001000.0,25.988497137235626
G3962,90.16396593200513,23.975782752117933,0.1878943808773754,-0.06514732776070761,17.104228504817815,25001000.0,26.662687391538466
G3963,90.16386710199303,23.98029335167604,0.2302425876850029,-0.1000218986622811,17.104228504817815,25001000.0,25.775549185056207
G3964,90.1637682476038,23.98480394819936,0.2189432365298591,-0.09518560360327401,17.104228504817815,25001000.0,25.8620862676911
G3965,90.16366936883368,23.989314541687392,0.22855730792813478,-0.09558417837130091,17.104228504817815,25001000.0,25.83937053470725
G3966,90.16357046567887,23.993825132139666,0.2240647820379375,-0.0954685263153789,17.104228504817815,25001000.0,25.86626311458756
G3967,90.16347153813572,23.99833571955571,0.2207672022237781,-0.0913198924962305,17.104228504817815,25001000.0,25.91959962211287
G3968,90.16337258620035,24.002846303935023,0.2253288148935469,-0.0943960688887326,17.104228504817815,25001000.0,25.918225378653233
G3969,90.16327360986912,24.00735688527713,0.216397806907247,-0.08278732421677261,17.104228504817815,25001000.0,26.263092170466933
G3970,90.16289305429731,24.01155533840712,0.2229763585689667,-0.093267586102347,17.104228504817815,25001000.0,25.91653579336225
G3971,90.16121860834896,24.01603343983804,0.25958485751445354,-0.10790284847056601,17.104228504817815,25001000.0,25.80498201158986
G3972,90.16106861583478,24.019159573032788,0.30597266174059007,-0.1543997510236946,17.104228504817815,25001000.0,25.80903478192251
G3979,90.1762678642995,23.526785304648943,0.1621083877156267,-0.059948025540753916,17.104228504817815,25001000.0,26.853649238825945
G3980,90.1767739704517,23.52977788335533,0.1873873334795325,-0.0764493065372884,16.956483863188197,25001000.0,26.262800527044334
G3981,90.17710678571702,23.533815516165504,0.2204842457429862,-0.1149786271408747,17.104228504817815,25001000.0,25.67641737314364
G3982,90.1779977387274,23.53864501240475,0.20884927964906788,-0.0962046545309272,16.992153087399657,25001000.0,25.66025877494353
G3983,90.17823343503558,23.542840025317133,0.2152407157821221,-0.10461148824255771,17.104228504817815,25001000.0,25.620949503842382
G3984,90.17809161789104,23.54734191137685,0.1945316741209549,-0.11672883250024581,16.96691406511971,25001000.0,25.598328480587625
G3985,90.17685702697732,23.55137088460788,0.2178208453826325,-0.10967126435048821,17.104228504817815,25001000.0,25.67641737314364
G3986,90.17768366679776,23.556871139723192,0.2469302164896702,-0.1210087947581088,16.947506487622633,25001000.0,25.556146484594187
G3987,90.1778479288387,23.56088363815796,0.2312797382133307,-0.1180430147104816,17.104228504817815,25001000.0,25.660257030649582
G3988,90.17775149231774,23.56539453389803,0.2019368426772088,-0.12300798887736111,17.10719879531493,25001000.0,25.621175526288127
G3989,90.17765503180084,23.569905426649072,0.2481421214400171,-0.12382487161658341,17.104228504817815,25001000.0,25.59954614181146
G3990,90.17755854728436,23.574416316410613,0.226948681799868,-0.1201588757026447,17.333968026084193,25001000.0,25.662520030754674
G3991,90.17746203876465,23.57892720318216,0.23590636052597508,-0.11731824259523621,17.104228504817815,25001000.0,25.653980796933034
G3992,90.17736550623808,23.583438086963223,0.25615995357992527,-0.12278280496224231,17.717035333776465,25001000.0,25.76746848461923
G3993,90.17726894970102,23.587948967753327,0.2490046715285689,-0.1275638424989297,17.104228504817815,25001000.0,25.660436188906445
G3994,90.17717236914984,23.59245984555197,0.1818825469008742,-0.1186492812829952,17.56578533377646,25001000.0,25.662782758608042
G3995,90.17707576458088,23.596970720358687,0.23049993289646048,-0.1240246714737226,17.104228504817815,25001000.0,25.634175440349463
G3996,90.17697913599056,23.601481592172984,0.2204120080205764,-0.1211362293747262,17.42297283377647,25001000.0,25.71380262690839
G3997,90.17688248337517,23.605992460994365,0.24146849217986469,-0.12232386945525961,17.104228504817815,25001000.0,25.612012696516462
G3998,90.17678580673108,23.610503326822368,0.1845330502843933,-0.10983322790607031,17.5493526414688,25001000.0,25.69431898130799
G3999,90.17668910605468,23.615014189656485,0.1943024134280972,-0.1068004427289019,17.104228504817815,25001000.0,25.65429052627412
G4000,90.1765923813423,23.61952504949625,0.18942027637734168,-0.11491065467958711,17.74966033377646,25001000.0,25.69431898130799
G4001,90.17649563259027,23.624035906341163,0.191911217218878,-0.12636824664097301,17.104228504817815,25001000.0,25.622512494094227
G4002,90.17639885979504,23.628546760190748,0.194131833271665,-0.11513701392520151,17.131599727715894,25001000.0,25.65429052627412
G4003,90.17630206295286,23.63305761104452,0.2361298479523565,-0.10837615182434801,17.104228504817815,25001000.0,25.643104796371258
G4004,90.17620524206012,23.637568458901985,0.2422713672812843,-0.11666371678520131,16.922436453179472,25001000.0,25.587142750684762
G4005,90.17610839711315,23.64207930376268,0.2103993661753776,-0.0887073796210039,17.104228504817815,25001000.0,25.97495389599571
G4006,90.17601152810836,23.646590145626085,0.221234314517862,-0.0989752834293017,16.78008457620072,25001000.0,25.68005937196674
G4007,90.17591463504203,23.651100984491748,0.2360838488471034,-0.10722046971897381,17.104228504817815,25001000.0,25.643104796371258
G4008,90.17581771791052,23.65561182035917,0.2537471549674081,-0.11556607091755021,16.557357303473424,25001000.0,25.54185806121172
G4009,90.17572077671022,23.660122653227862,0.19493292337403179,-0.1015598845343328,17.104228504817815,25001000.0,25.70807208248807
G4010,90.1756238114374,23.66463348309736,0.2186228256957044,-0.09324375622407101,16.21856942468557,25001000.0,25.78923430762211
G4011,90.17552682208849,23.66914430996715,0.27520670540342096,-0.1204344040488529,17.104228504817815,25001000.0,25.921107764982704
G4012,90.17542980865971,23.67365513383677,0.25949832435199127,-0.1037633299033385,15.568771444887574,25001000.0,25.917661819627565
G4013,90.17533277114757,23.67816595470573,0.25514266098475635,-0.11104615331102191,17.104228504817815,25001000.0,25.778623067694376
G4014,90.17523570954825,23.682676772573544,0.25577529784407654,-0.1179714850773286,15.820429564545718,25001000.0,25.5907113908754
G4015,90.17513862385816,23.687187587439723,0.26159286305129237,-0.1154507805610717,17.104228504817815,25001000.0,25.702505040051953
G4016,90.17504151407364,23.691698399303792,0.26587063686749235,-0.11602203943777081,15.822072098482321,25001000.0,25.60108195453398
G4017,90.174944380191,23.696209208165264,0.26088312534946284,-0.10933982804822141,17.104228504817815,25001000.0,25.787692055653302
G4018,90.1748472222066,23.700720014023645,0.2629596190457766,-0.1156849764666325,17.104228504817815,25001000.0,25.702505040051953
G4019,90.17475004011676,23.70523081687847,0.24141117947003138,-0.09756888945524361,17.104228504817815,25001000.0,25.858199466545283
G4020,90.17465283391782,23.70974161672924,0.2358612006385737,-0.0979551263423732,17.104228504817815,25001000.0,25.85953262253978
G4021,90.17455560360608,23.71425241357547,0.2302717152219578,-0.0955366069855411,17.104228504817815,25001000.0,25.935102782550935
G4022,90.1744583491779,23.71876320741668,0.2354238309570596,-0.1013972375889056,17.104228504817815,25001000.0,25.785349873609245
G4023,90.17436107062962,23.7232739982524,0.26372575484524385,-0.1020209675600294,17.104228504817815,25001000.0,26.06558419900396
G4024,90.17403666811384,23.726031969533423,0.2432184710607837,-0.09713482074696621,17.104228504817815,25001000.0,25.902247960127994
G4044,90.17292966781548,23.81910380147579,0.26621171887442746,-0.11105662715740401,17.104228504817815,25001000.0,25.767214557345433
G4045,90.17329121810474,23.82255317427941,0.2786985941848856,-0.11646405837496071,17.104228504817815,25001000.0,26.0086258957239
G4046,90.17277890245671,23.82731886651944,0.29631544421473566,-0.14142951660636072,17.104228504817815,25001000.0,25.770165623732066
G4047,90.1720191398676,23.83153207540088,0.28680777469905705,-0.12708945320835302,17.104228504817815,25001000.0,25.90776660601362
G4048,90.17192125711952,23.83604279094184,0.28661099003134477,-0.1364657712970878,17.104228504817815,25001000.0,25.67388756439047
G4049,90.17182335015544,23.84055350346473,0.25510622083575796,-0.1054876272117579,17.104228504817815,25001000.0,25.87042667163907
G4050,90.17172541897165,23.845064212969056,0.27970077668394056,-0.12272243840347011,17.104228504817815,25001000.0,25.926265951463257
G4051,90.17162746356443,23.84957491945435,0.25649095456169535,-0.1068355754807834,17.104228504817815,25001000.0,25.795913023630934
G4052,90.17152948393012,23.85408562292013,0.20624582990733428,-0.08476168754666001,17.104228504817815,25001000.0,26.132682147718103
G4053,90.17143148006495,23.858596323365905,0.2107605378446438,-0.0897986402390635,17.104228504817815,25001000.0,25.89089997768595
G4054,90.17133345196524,23.863107020791187,0.223030981855956,-0.0961921573838735,17.104228504817815,25001000.0,25.850422879656303
G4055,90.1712353996273,23.86761771519551,0.1829875998738049,-0.07777624617621161,17.104228504817815,25001000.0,26.296514171324326
G4056,90.1711373230474,23.872128406578376,0.156011341246548,-0.05773823512334851,17.104228504817815,25001000.0,26.905004887472817
G4057,90.1710392222218,23.87663909493932,0.20865949986350338,-0.0937281079531419,17.104228504817815,25001000.0,25.855998022789585
G4058,90.17094109714684,23.88114978027784,0.236147029370334,-0.11636871250796371,17.104228504817815,25001000.0,25.643104796371258
G4059,90.17084294781876,23.88566046259345,0.1905401750929387,-0.0646609632893753,17.104228504817815,25001000.0,26.662687391538466
G4060,90.17074477423388,23.89017114188569,0.20646224286007528,-0.108091268760826,16.457660333776488,25001000.0,25.512356006506785
G4061,90.17064657638844,23.89468181815407,0.177228366910193,-0.060079329508747115,17.104228504817815,25001000.0,26.878016825613557
G4062,90.17054835427876,23.899192491398104,0.21931208092919688,-0.09021387236049351,16.492589911241254,25001000.0,25.82775468616419
G4063,90.17045010790108,23.90370316161731,0.2341369916211638,-0.0990047296241809,17.104228504817815,25001000.0,25.850091761389226
G4064,90.17035183725172,23.908213828811206,0.21655516000110078,-0.1092152110275823,16.79654922266539,25001000.0,25.509936545899137
G4065,90.17025354232692,23.9127244929793,0.12722116484836368,-0.007191625448101913,17.104228504817815,25001000.0,28.37965933329912
G4066,90.170155223123,23.917235154121133,0.24336935832059178,-0.1168947823337573,16.61903019679019,25001000.0,25.508732194235392
G4067,90.1700568796362,23.921745812236203,0.22475701544298798,-0.0935154008495849,17.104228504817815,25001000.0,25.918225378653233
G4068,90.16995851186282,23.92625646732404,0.24462041223867498,-0.11438561038521941,16.30036303647918,25001000.0,25.51992803466866
G4069,90.16986011979908,23.93076711938416,0.25322539175136516,-0.10403092536439311,17.104228504817815,25001000.0,25.804227252090193
G4070,90.16976170344132,23.935277768416068,0.26421062593929295,-0.1304413728449618,16.26960477822089,25001000.0,25.539525291689465
G4071,90.16966326278576,23.93978841441929,0.2303938077044184,-0.08830920290547321,17.104228504817815,25001000.0,26.21286012004066
G4072,90.1695647978287,23.94429905739335,0.1955990049908647,-0.11092466592415641,16.175993667109793,25001000.0,25.505664193085586
G4073,90.1694663085664,23.94880969733777,0.2291359444585126,-0.09414645726412471,17.104228504817815,25001000.0,25.90452577200657
G4074,90.16936779499513,23.953320334252048,0.25944920487102835,-0.11800165539100431,16.157080623631572,25001000.0,25.493228355424264
G4075,90.16926925711113,23.95783096813572,0.2452530209246308,-0.1119035002883057,17.104228504817815,25001000.0,25.62618748803936
G4076,90.16917069491066,23.962341598988303,0.22588745498873458,-0.0837426277684449,16.122366216129393,25001000.0,26.210847961455276
G4077,90.16907210839004,23.966852226809305,0.22761770039830828,-0.0856799498533205,17.104228504817815,25001000.0,26.277152217667716
G4078,90.16897349754548,23.97136285159825,0.2308718678719095,-0.0875663084986759,16.19458341069955,25001000.0,26.11563825245087
G4079,90.16887486237326,23.975873473354657,0.2249697122886764,-0.0848411188120743,17.104228504817815,25001000.0,26.20667824758133
G4080,90.16877620286962,23.980384092078047,0.21889148636907899,-0.08781486669276821,16.01088614022811,25001000.0,25.955190183049357
G4081,90.16867751903084,23.984894707767936,0.2204243584310705,-0.0891446789372145,17.104228504817815,25001000.0,26.01807513635324
G4082,90.16857881085318,23.98940532042384,0.2011917651707283,-0.08723358694599831,16.38083493695106,25001000.0,25.899720603208404
G4083,90.16848007833288,23.99391593004528,0.23248500178070128,-0.1038863597123425,17.104228504817815,25001000.0,25.649381030087806
G4084,90.1683813214662,23.99842653663177,0.1922906850541186,-0.07181633504945961,16.571506487622656,25001000.0,26.141126088186052
G4085,90.16805071155864,24.00280979184499,0.1892480753407877,-0.0687292176172211,17.104228504817815,25001000.0,26.4761034150194
G4086,90.16692448007257,24.006886411514778,0.2507584218149554,-0.1043237167982932,17.104228504817815,25001000.0,25.804227252090193
G4087,90.16641670812989,24.010710638333588,0.262223327926457,-0.126139258022422,17.104228504817815,25001000.0,25.687695469048432
G4099,90.1810590242341,23.53988604722476,0.2178052923748979,-0.1065309627813545,17.104228504817815,25001000.0,25.67641737314364
G4100,90.18106543549656,23.54257926331213,0.2302204516911879,-0.12060145661571381,17.104228504817815,25001000.0,25.662520030754674
G4101,90.1807096351866,23.545415086551905,0.18001436812231741,-0.06846747857195189,17.104228504817815,25001000.0,26.485811326347566
G4103,90.18132159810445,23.557523500187987,0.2437811410641217,-0.11818821884995981,17.104228504817815,25001000.0,25.653980796933034
G4104,90.18247721985216,23.561162307110912,0.26043975105910744,-0.1274485830132106,17.104228504817815,25001000.0,25.706387479594138
G4105,90.18264510539136,23.565483362745624,0.25166447001450776,-0.12566436118873842,17.104228504817815,25001000.0,25.663005707144848
G4106,90.18254881159127,23.569994274512823,0.2421568761431416,-0.12203203247733671,17.104228504817815,25001000.0,25.612012696516462
G4107,90.18245249383304,23.574505183291777,0.2485461158760936,-0.1214805137768144,17.104228504817815,25001000.0,25.612108530280683
G4108,90.182356152113,23.579016089082,0.2392813990809063,-0.1085118230302443,17.104228504817815,25001000.0,25.643104796371258
G4109,90.18225978642757,23.583526991882994,0.2327675360929252,-0.1200563153541177,17.104228504817815,25001000.0,25.646737828818686
G4110,90.18216339677306,23.588037891694285,0.19886350846986858,-0.1283058253886746,17.104228504817815,25001000.0,25.6372894587358
G4111,90.18206698314587,23.592548788515387,0.19686321212024968,-0.1194152874535299,17.104228504817815,25001000.0,25.63507488256345
G4112,90.1819705455424,23.59705968234581,0.20408584939625188,-0.1265479235087128,17.104228504817815,25001000.0,25.622512494094227
G4113,90.18187408395896,23.60157057318509,0.19405194834580808,-0.1080575951060516,17.104228504817815,25001000.0,25.65429052627412
G4114,90.18177759839196,23.6060814610327,0.1791375491044363,-0.11006079172929811,17.104228504817815,25001000.0,25.59729320078015
G4115,90.18168108883778,23.6105923458882,0.18857180003715748,-0.1192240225314468,17.104228504817815,25001000.0,25.63507488256345
G4116,90.1815845552927,23.61510322775108,0.2209701472915572,-0.11622490274584711,17.104228504817815,25001000.0,25.67641737314364
G4117,90.18148799775317,23.619614106620865,0.1892128862824346,-0.10934786218407601,17.104228504817815,25001000.0,25.65429052627412
G4118,90.18139141621548,23.62412498249706,0.16930945430934538,-0.11823629667183311,17.104228504817815,25001000.0,25.45829830420237
G4119,90.18129481067604,23.6286358553792,0.1782168970878891,-0.1123050532740019,17.104228504817815,25001000.0,25.59729320078015
G4120,90.1811981811312,23.633146725266773,0.238986395825698,-0.1139474175764938,17.104228504817815,25001000.0,25.643104796371258
G4121,90.1811015275773,23.63765759215932,0.2447080313706242,-0.1188381333989745,17.104228504817815,25001000.0,25.62902583861258
G4122,90.18100485001072,23.64216845605635,0.24286430327028158,-0.10650762508764901,17.104228504817815,25001000.0,25.643104796371258
G4123,90.1809081484278,23.64667931695736,0.2422293871547166,-0.1112088139970411,17.104228504817815,25001000.0,25.643104796371258
G4124,90.18081142282487,23.6511901748619,0.2031407475289756,-0.0839643887120967,17.104228504817815,25001000.0,26.3774380094838
G4125,90.18071467319832,23.65570102976945,0.2341738121448539,-0.10543126688327231,17.104228504817815,25001000.0,25.649381030087806
G4126,90.1806178995445,23.660211881679544,0.2174041667061952,-0.10547727963709261,17.104228504817815,25001000.0,25.67641737314364
G4127,90.18052110185974,23.664722730591706,0.20632543163842018,-0.09619950050575711,17.104228504817815,25001000.0,25.806457551525188
G4128,90.1804242801404,23.66923357650544,0.28154841314121337,-0.12643234975680973,17.104228504817815,25001000.0,25.892989641372047
G4129,90.18032743438285,23.673744419420256,0.25147897910093536,-0.11123546968095531,17.104228504817815,25001000.0,25.69389363027548
G4130,90.18023056458335,23.67825525933568,0.26380915451901904,-0.1212443973934042,17.104228504817815,25001000.0,25.694478611031126
G4131,90.18013367073836,23.68276609625123,0.2780050143408124,-0.1240339882663745,17.104228504817815,25001000.0,25.88168483315172
G4132,90.18003675284416,23.687276930166416,0.2663136355622486,-0.1239489789033515,17.104228504817815,25001000.0,25.723436475181085
G4133,90.1799398108971,23.69178776108076,0.2488315519464145,-0.1086574805313225,17.104228504817815,25001000.0,25.653190352759577
G4134,90.17984284489354,23.696298588993763,0.2692484640318867,-0.11943401188259181,17.104228504817815,25001000.0,25.635574956077754
G4135,90.1797458548298,23.70080941390496,0.26042362173284694,-0.11220694150268151,15.876211058414158,25001000.0,25.650330102083508
G4136,90.17964884070224,23.70532023581386,0.2627224790095505,-0.11251657561861471,17.104228504817815,25001000.0,25.758440234580007
G4137,90.17955180250716,23.709831054719977,0.2271380100399878,-0.08626194728994571,16.10480319091934,25001000.0,26.141789285876065
G4138,90.17945474024091,23.714341870622818,0.25802305302767764,-0.10822427894241571,17.104228504817815,25001000.0,25.779118820159255
G4139,90.17935765389988,23.718852683521927,0.20830397540676548,-0.0844146359630753,16.46606613087792,25001000.0,26.041172146026504
G4140,90.17900169779608,23.72307054151557,0.25058232713441936,-0.09937314970914991,17.104228504817815,25001000.0,26.001418575906445
G4141,90.17722627124154,23.72576996091212,0.25230729199152085,-0.1053905322117057,17.104228504817815,25001000.0,25.804227252090193
G4162,90.17720914644944,23.82329423948667,0.27598723745492987,-0.11539718775149081,17.104228504817815,25001000.0,25.967613524466874
G4163,90.17702034972014,23.82711129071898,0.28785360218750766,-0.1256950745715955,15.52403714537067,25001000.0,25.879585889598072
G4164,90.17692266031418,23.83162202836729,0.31286658347072027,-0.1431943671161737,17.104228504817815,25001000.0,25.770165623732066
G4165,90.17682494673768,23.836132762999306,0.28629927212658196,-0.1271140373449823,15.710160333776486,25001000.0,25.809245550514856
G4166,90.17672720898696,23.840643494614515,0.26104045721669317,-0.1188412877120317,17.104228504817815,25001000.0,25.69839365693526
G4167,90.17662944705836,23.84515422321246,0.2507133466221923,-0.1096905396807393,15.555993667109789,25001000.0,25.645589862666117
G4168,90.17653166094816,23.849664948792647,0.2153170215908622,-0.0930587450014613,17.104228504817815,25001000.0,25.839229442799397
G4169,90.17643385065264,23.8541756713546,0.1909179441001184,-0.06103909362781432,15.685601510247038,25001000.0,26.74500103351065
G4170,90.1763360161681,23.858686390897823,0.22846983410411048,-0.11497377973598921,17.104228504817815,25001000.0,25.665163232023794
G4171,90.17623815749086,23.863197107421843,0.2021797838542076,-0.1015619524599496,15.98482451288092,25001000.0,25.55582732565382
G4172,90.17614027461718,23.867707820926185,0.1723157224802693,-0.062415420195021616,17.104228504817815,25001000.0,26.756975400551237
G4173,90.17604236754342,23.872218531410343,0.14450075610918628,-0.058801992807451915,16.352366216129408,25001000.0,26.590005466949332
G4174,90.1759444362658,23.876729238873867,0.2323686480552698,-0.11682987190613531,17.104228504817815,25001000.0,25.700124717574983
G4175,90.17584648078066,23.881239943316253,0.1722128016775868,-0.0738638427530041,16.488927939410274,25001000.0,26.133146277976522
G4176,90.17574850108429,23.885750644737023,0.161572375293879,-0.04515411853923421,17.104228504817815,25001000.0,27.230828617807333
G4177,90.17565049717292,23.890261343135705,0.20942584537917508,-0.09497200431904801,16.438803190919288,25001000.0,25.7320437693726
G4178,90.17555246904293,23.8947720385118,0.23129905023291739,-0.0933968946711807,17.104228504817815,25001000.0,25.973365439969943
G4179,90.17545441669051,23.89928273086484,0.2166390651770955,-0.0846846446917419,16.586231762347865,25001000.0,26.03678802656916
G4180,90.17535634011205,23.903793420194333,0.2206868193219194,-0.11770351062040081,17.104228504817815,25001000.0,25.687293373705415
G4181,90.17525823930376,23.90830410649981,0.2026930793149303,-0.1393759152898695,16.810618080255352,25001000.0,25.51255461952606
G4182,90.17516011426196,23.912814789780764,0.17966621262845078,-0.06255045217007131,17.104228504817815,25001000.0,26.756975400551237
G4183,90.17506196498292,23.917325470036747,0.2955127928326616,-0.1637843155823595,16.43152700044314,25001000.0,25.528189341701893
G4184,90.1749637914629,23.92183614726725,0.24447010317083578,-0.1337327991212435,17.104228504817815,25001000.0,25.63366608822454
G4185,90.1748655936982,23.926346821471807,0.20491495347719288,-0.069837087175111,17.104228504817815,25001000.0,26.507718436599724
G4186,90.17476737168512,23.93085749264993,0.2279614992635932,-0.1032868060745314,17.104228504817815,25001000.0,25.665163232023794
G4187,90.17466912541992,23.935368160801143,0.2343666190478519,-0.11471722235870571,17.104228504817815,25001000.0,25.643104796371258
G4188,90.17457085489887,23.93987882592496,0.23276221874549388,-0.09215304212279701,17.104228504817815,25001000.0,25.994286195783612
G4189,90.17447256011825,23.94438948802089,0.2313989676546726,-0.09053249188009181,17.104228504817815,25001000.0,26.043637198552336
G4190,90.17437424107432,23.948900147088462,0.25595441792715456,-0.12276485096071531,17.104228504817815,25001000.0,25.72744002958536
G4191,90.17427589776338,23.953410803127205,0.21116444983742308,-0.0750049808097135,17.104228504817815,25001000.0,26.418636311164505
G4192,90.1741775301817,23.957921456136617,0.22752156395241618,-0.08874499852069401,17.104228504817815,25001000.0,26.086972651475996
G4193,90.1740791383255,23.962432106116232,0.2518056429578821,-0.1135394899525817,17.104228504817815,25001000.0,25.69389363027548
G4194,90.17398072219112,23.96694275306556,0.19344735068900729,-0.06363367266833352,17.104228504817815,25001000.0,26.756975400551237
G4195,90.17388228177478,23.971453396984128,0.24426981751794788,-0.1007791548080386,17.104228504817815,25001000.0,25.821450411201244
G4196,90.17378381707276,23.975964037871435,0.23448991500149388,-0.0909223879815684,17.104228504817815,25001000.0,26.043637198552336
G4197,90.17368532808136,23.980474675727024,0.2444430641605572,-0.10342342542215521,17.104228504817815,25001000.0,25.643104796371258
G4198,90.1735868147968,23.9849853105504,0.237586078295088,-0.10355682037845541,17.104228504817815,25001000.0,25.643104796371258
G4199,90.17348827721534,23.989495942341087,0.22614794986796738,-0.1031799310181969,17.104228504817815,25001000.0,25.665163232023794
G4200,90.17338971533329,23.9940065710986,0.2163852869006827,-0.0950835276703523,17.104228504817815,25001000.0,25.839229442799397
G4201,90.17327940272232,23.99850405555896,0.21112439982343778,-0.0852921102043985,17.104228504817815,25001000.0,26.16512639944349
G4202,90.1716636709702,24.00083277889191,0.2201231111032582,-0.09052424379900471,17.104228504817815,25001000.0,25.91959962211287
G4221,90.18836967596124,23.56228706006886,0.25887087083559124,-0.1366162355703559,17.104228504817815,25001000.0,25.539800947502506
G4222,90.18753874241952,23.565572037871465,0.23573756066431728,-0.115201314225501,17.113660333776437,25001000.0,25.643104796371258
G4223,90.18744261533988,23.57008296862194,0.2343849733475271,-0.1245947113654286,17.104228504817815,25001000.0,25.608740123401986
G4224,90.18734646434352,23.574593896385423,0.2272954314845318,-0.1010422796325844,17.575236091352252,25001000.0,25.789333499897577
G4225,90.1872502894268,23.579104821161422,0.2360595457119901,-0.1120381750488115,17.104228504817815,25001000.0,25.643104796371258
G4226,90.18715409058608,23.583615742949465,0.249190686078583,-0.1376494531189008,17.92859783377648,25001000.0,25.665908176558197
G4227,90.18705786781778,23.58812666174905,0.2127238520617232,-0.12328467937204081,17.104228504817815,25001000.0,25.622512494094227
G4228,90.18696162111824,23.59263757755971,0.2164388851836771,-0.1398666710423003,17.828597833776456,25001000.0,25.646827452512987
G4229,90.18686535048386,23.59714849038096,0.22336865188642388,-0.1329975269096279,17.104228504817815,25001000.0,25.640616944979758
G4230,90.186769055911,23.601659400212306,0.2299942918910874,-0.13066095258153432,17.64266033377649,25001000.0,25.685603978729965
G4231,90.186672737396,23.60617030705325,0.219875829840985,-0.11753252680091761,17.104228504817815,25001000.0,25.687293373705415
G4232,90.1865763949353,23.610681210903355,0.1819605874986906,-0.1155808437758638,17.369352641468794,25001000.0,25.681998402318712
G4233,90.18648002852522,23.61519211176208,0.24126208150095999,-0.11216603677117401,17.104228504817815,25001000.0,25.643104796371258
G4234,90.18638363816216,23.61970300962898,0.22835411149920698,-0.11717215819702581,17.5708911030072,25001000.0,25.71606768761944
G4235,90.18628722384244,23.62421390450356,0.14955698885413948,-0.11647799037303451,17.104228504817815,25001000.0,24.829533555901605
G4236,90.18619078556246,23.628724796385324,0.1591024480529722,-0.1139122946623738,17.507198795314963,25001000.0,25.289720533211874
G4237,90.1860943233186,23.633235685273803,0.1914386378105453,-0.08529629228567921,17.104228504817815,25001000.0,26.132682147718103
G4238,90.18599783710718,23.637746571168503,0.17546703113738668,-0.1018708179509931,17.038891103007217,25001000.0,25.6431198095086
G4239,90.1859013269246,23.64225745406896,0.22815752755019328,-0.1113748273339066,17.104228504817815,25001000.0,25.665163232023794
G4240,90.1858047927672,23.64676833397466,0.2462557204096193,-0.12378167766140191,16.857054273170405,25001000.0,25.53064435168306
G4241,90.18570823463132,23.651279210885136,0.22796560186881928,-0.1018033752029515,17.104228504817815,25001000.0,25.712989380636422
G4242,90.1856116525134,23.655790084799904,0.21650109911505408,-0.10373167699864641,16.537357303473442,25001000.0,25.497772742139784
G4243,90.18551504640972,23.66030095571848,0.26858583924213925,-0.1118639172365847,17.104228504817815,25001000.0,25.880745472648627
G4244,90.18541841631664,23.66481182364037,0.25549045753246374,-0.1197235498659389,16.06363048303021,25001000.0,25.604375877742594
G4245,90.18532176223056,23.6693226885651,0.27671367698474364,-0.123326374389932,17.104228504817815,25001000.0,25.849430391510356
G4246,90.1852250841478,23.67383355049219,0.2380990174571957,-0.0972216031560804,15.152575588013718,25001000.0,26.069625750883322
G4247,90.18512838206472,23.678344409421147,0.26477403856020065,-0.1177236771546251,17.104228504817815,25001000.0,25.68081412416393
G4248,90.18503165597768,23.68285526535149,0.28051375231744397,-0.1217182349542444,15.567035333776488,25001000.0,25.884875945314832
G4249,90.18493490588304,23.687366118282743,0.2700364838063323,-0.12329315960612881,17.104228504817815,25001000.0,25.83816305733087
G4250,90.18483813177708,23.69187696821441,0.2443535468262175,-0.12133573844221811,15.728803190919308,25001000.0,25.530504783113816
G4251,90.18474133365623,23.69638781514601,0.2542082102629645,-0.11468785188685081,17.104228504817815,25001000.0,25.69038313939354
G4252,90.18464451151682,23.700898659077072,0.2482811863461357,-0.10267572170806501,15.870124101892403,25001000.0,25.55762218506928
G4253,90.18454766535518,23.705409500007107,0.26143219531433515,-0.11575519956694591,17.104228504817815,25001000.0,25.706420085956086
G4254,90.18445079516763,23.70992033793561,0.2348283568177157,-0.0907382826788861,16.19766033377644,25001000.0,25.93375224302733
G4255,90.1843539009506,23.714431172862128,0.2580880440940548,-0.1089974045716173,17.104228504817815,25001000.0,25.761828864222696
G4256,90.18425698270032,23.71894200478617,0.16116062516709279,-0.071634832905174,16.562167376029976,25001000.0,26.10353725285281
G4257,90.18397810646697,23.72180430292593,0.26203557781865566,-0.109826139688944,17.104228504817815,25001000.0,25.846615073636514
G4278,90.18399407893878,23.820208241688626,0.2356628042131751,-0.0805907084507194,17.104228504817815,25001000.0,26.410599420422514
G4279,90.18215234117302,23.822895079781343,0.27892198777895066,-0.11398926393285451,17.104228504817815,25001000.0,26.07973838601843
G4280,90.18192372520376,23.827201068963056,0.28108786389502205,-0.11625635445691,17.104228504817815,25001000.0,26.07973838601843
G4281,90.18182620493128,23.83171182566813,0.3101299618885361,-0.1350715246789406,17.104228504817815,25001000.0,25.83897180585271
G4282,90.18172866053006,23.83622257935817,0.2970741926071809,-0.1326444267547113,17.104228504817815,25001000.0,25.914378492480576
G4283,90.18163109199642,23.840733330032705,0.2591791186553228,-0.11294777098214241,17.104228504817815,25001000.0,25.743298846352676
G4284,90.1815334993267,23.84524407769124,0.25682646337127085,-0.1109979086103096,17.104228504817815,25001000.0,25.778623067694376
G4285,90.18143588251718,23.849754822333296,0.2780578692413039,-0.12303446403979491,17.104228504817815,25001000.0,25.895802060012002
G4286,90.18133824156416,23.8542655639584,0.2231171804027124,-0.09111632354525331,17.104228504817815,25001000.0,25.937016152328006
G4287,90.18124057646396,23.85877630256605,0.2212072637057276,-0.09920098848219161,17.104228504817815,25001000.0,25.729839101955104
G4288,90.18114288721289,23.863287038155782,0.24931413573284938,-0.126360446621005,17.104228504817815,25001000.0,25.663005707144848
G4289,90.1810451738072,23.86779777072712,0.1993500238004882,-0.07019982413807671,17.104228504817815,25001000.0,26.393980904621397
G4290,90.18094743624326,23.872308500279548,0.233522593522561,-0.1005130844257851,17.104228504817815,25001000.0,25.711163828000927
G4291,90.18084967451732,23.876819226812625,0.2339438732421203,-0.0989747585910246,17.104228504817815,25001000.0,25.850091761389226
G4292,90.18075188862572,23.88132995032584,0.1896229715125779,-0.0701154704339897,17.104228504817815,25001000.0,26.393980904621397
G4293,90.18065407856471,23.88584067081873,0.20353988530738099,-0.07983174404762881,17.104228504817815,25001000.0,26.230647918741546
G4294,90.18055624433065,23.8903513882908,0.198015525033406,-0.06941490177791021,17.104228504817815,25001000.0,26.4761034150194
G4295,90.18045838591976,23.89486210274158,0.2347185723633052,-0.1122570703662392,17.104228504817815,25001000.0,25.643104796371258
G4296,90.1803605033284,23.89937281417058,0.2250149773574495,-0.1130573538862509,17.104228504817815,25001000.0,25.665163232023794
G4297,90.18026259655284,23.90388352257732,0.23329121275818648,-0.1480543421262313,17.104228504817815,25001000.0,25.73866508797573
G4298,90.18016466558932,23.908394227961324,0.2195848206000674,-0.10831091564092131,17.104228504817815,25001000.0,25.67641737314364
G4299,90.18006671043422,23.9129049303221,0.1875684707889472,-0.0985115112652305,17.104228504817815,25001000.0,25.740019131050214
G4300,90.17996873108378,23.91741562965917,0.17169323024384628,-0.1340207679237033,17.104228504817815,25001000.0,25.19434264706875
G4301,90.17987072753428,23.921926325972063,0.1602024486521163,-0.06281833714893952,17.104228504817815,25001000.0,26.732607813763625
G4302,90.17977269978202,23.926437019260284,0.17806713826537768,-0.045567925133576014,16.159552225668364,25001000.0,26.828099526793476
G4303,90.17967464782328,23.93094770952336,0.2323062874623657,-0.10802381603952481,17.104228504817815,25001000.0,25.649381030087806
G4304,90.17957657165437,23.93545839676081,0.24369849085215328,-0.1291290908423913,16.038215889332008,25001000.0,25.493249395854228
G4305,90.17947847127152,23.939969080972144,0.2695257691446797,-0.1347820797073743,17.104228504817815,25001000.0,25.545684813543964
G4306,90.17938034667108,23.94447976215689,0.27547360118147307,-0.13295872184592292,16.175993667109793,25001000.0,25.63291075411712
G4307,90.17928219784926,23.94899044031457,0.2707484124856659,-0.133891425615117,17.104228504817815,25001000.0,25.751742689816894
G4308,90.1791840248024,23.953501115444688,0.24644051674595,-0.1121381495325766,15.821777980835266,25001000.0,25.50301072633676
G4309,90.17908582752672,23.958011787546777,0.26929970444971324,-0.1298220793000446,17.104228504817815,25001000.0,25.580246175082962
G4310,90.17898760601857,23.96252245662035,0.2498083644980751,-0.1245297941220346,15.779152871089906,25001000.0,25.544173771445074
G4311,90.17888936027416,23.96703312266492,0.21520004208155138,-0.0835227897955693,17.104228504817815,25001000.0,26.263092170466933
G4312,90.17879109028978,23.971543785680023,0.2598780000344756,-0.12334005559043061,15.876390492506602,25001000.0,25.59193766248372
G4313,90.17869279606172,23.976054445665167,0.2303443975631768,-0.095114508995988,17.104228504817815,25001000.0,25.973365439969943
G4314,90.17859447758624,23.980565102619863,0.2502630897307991,-0.128354855966889,15.817963364079532,25001000.0,25.558950736086647
G4315,90.17849613485964,23.985075756543647,0.2369217666780866,-0.1109858241949186,17.104228504817815,25001000.0,25.643104796371258
G4316,90.17839776787812,23.989586407436025,0.1891248198907751,-0.0766652049209882,16.145660333776476,25001000.0,26.082035453116976
G4317,90.17829937663802,23.99409705529653,0.2263294297596492,-0.1094110444131334,17.104228504817815,25001000.0,25.665163232023794
G4318,90.17824509991362,23.99855883563325,0.20291046993634,-0.085211870666588,16.53258096869709,25001000.0,25.990747627950768
G4319,90.17870843200096,24.001095462047743,0.16539694561187399,-0.052428881262447616,17.104228504817815,25001000.0,26.927892658031116
G4338,90.19233785025514,23.56164222250216,0.2316661036418807,-0.1359393026498665,17.104228504817815,25001000.0,25.522949279087786
G4339,90.1924324033608,23.565660559272533,0.2428969720553243,-0.131945817266822,17.104228504817815,25001000.0,25.612081331554002
G4340,90.19233644300525,23.570171508973395,0.2428902522901588,-0.1270786278039116,17.104228504817815,25001000.0,25.612081331554002
G4341,90.19224045877436,23.57468245568852,0.24356423200574298,-0.1173681663182919,17.104228504817815,25001000.0,25.653980796933034
G4342,90.19214445066456,23.579193399417413,0.24047284107044659,-0.1206956861151197,17.104228504817815,25001000.0,25.62902583861258
G4343,90.1920484186722,23.5837043401596,0.2096845259824374,-0.1338698821961701,17.104228504817815,25001000.0,25.62524496535502
G4344,90.19195236279371,23.588215277914603,0.2176397335816405,-0.1419498611339371,17.104228504817815,25001000.0,25.646339137575822
G4345,90.19185628302546,23.592726212681924,0.2425508846689267,-0.1359625515148935,17.104228504817815,25001000.0,25.51151352259823
G4346,90.1917601793638,23.597237144461086,0.2257000062373106,-0.13001898724643532,17.104228504817815,25001000.0,25.645575523696095
G4347,90.1916640518051,23.601748073251606,0.22077280059055118,-0.1146213647319899,17.104228504817815,25001000.0,25.67641737314364
G4348,90.1915679003458,23.606258999053,0.2359778979509517,-0.10995623406170471,17.104228504817815,25001000.0,25.643104796371258
G4349,90.1914717249822,23.61076992186478,0.22432564159073579,-0.1080519151494487,17.104228504817815,25001000.0,25.665163232023794
G4350,90.19137552571074,23.61528084168646,0.22042216353570498,-0.10420417885476381,17.104228504817815,25001000.0,25.67641737314364
G4351,90.19127930252778,23.619791758517568,0.2260941464010629,-0.09952362002733041,17.104228504817815,25001000.0,25.748945217461223
G4352,90.19118305542966,23.624302672357608,0.2285926173426251,-0.1165312017920843,17.104228504817815,25001000.0,25.665163232023794
G4353,90.1910867844128,23.6288135832061,0.1800901977257578,-0.11102275156269531,17.104228504817815,25001000.0,25.59729320078015
G4354,90.19099048947352,23.633324491062563,0.16680518718331439,-0.1029493947949837,17.104228504817815,25001000.0,25.22351365518584
G4355,90.19089417060825,23.637835395926512,0.16364716448073088,-0.10430535778600211,17.104228504817815,25001000.0,25.249692078178004
G4356,90.1907978278133,23.642346297797467,0.1913664748511233,-0.11865384930283011,17.104228504817815,25001000.0,25.63507488256345
G4357,90.19070146108506,23.64685719667492,0.2392444724005246,-0.1149770514423455,17.104228504817815,25001000.0,25.643104796371258
G4358,90.1906050704199,23.651368092558428,0.2178868574792722,-0.10869503713416381,17.104228504817815,25001000.0,25.67641737314364
G4359,90.1905086558142,23.655878985447483,0.1980252994334285,-0.09122245963650831,17.104228504817815,25001000.0,25.87647838175534
G4360,90.19041221726432,23.6603898753416,0.22614622456025169,-0.09676086003111231,17.104228504817815,25001000.0,25.81658457284561
G4361,90.19031575476656,23.664900762240304,0.25850603016756446,-0.1106725511969976,17.104228504817815,25001000.0,25.761828864222696
G4362,90.1902192683174,23.669411646143104,0.26635071035191515,-0.1134921246563616,17.104228504817815,25001000.0,25.710751628592604
G4363,90.19012275791307,23.673922527049527,0.2718547250421502,-0.1193060449955603,17.104228504817815,25001000.0,25.886163301148574
G4364,90.19002622355003,23.678433404959087,0.26356336263944175,-0.11496158565420661,17.104228504817815,25001000.0,25.702505040051953
G4365,90.1899296652246,23.682944279871293,0.28294231784717805,-0.11426242946131411,17.104228504817815,25001000.0,26.07973838601843
G4366,90.18983308293312,23.687455151785663,0.2436073126334494,-0.1092881576396239,17.104228504817815,25001000.0,25.643104796371258
G4367,90.189736476672,23.69196602070172,0.26661604082334545,-0.1214632709026875,17.104228504817815,25001000.0,25.719107334599805
G4368,90.18963984643752,23.69647688661897,0.2436518952448667,-0.1111390274764759,17.104228504817815,25001000.0,25.643104796371258
G4369,90.18954319222608,23.700987749536942,0.2499873273669343,-0.0943076468936438,17.104228504817815,25001000.0,26.09651675372
G4370,90.18944651403402,23.70549860945516,0.26319384232820997,-0.1088533099145451,17.104228504817815,25001000.0,25.846615073636514
G4371,90.1893498118577,23.71000946637312,0.25368988464309994,-0.1009881429853096,17.104228504817815,25001000.0,25.97899423943226
G4372,90.18925757602928,23.714505652430084,0.2732504364258976,-0.1140857260231725,17.104228504817815,25001000.0,25.9380440068109
G4373,90.1896061592642,23.71882613263139,0.20568631526753908,-0.1046878599190285,17.104228504817815,25001000.0,25.65429052627412
G4374,90.19085663892696,23.72177351472349,0.26263590604100845,-0.1109409779935194,17.104228504817815,25001000.0,25.820689821014128
G4395,90.18654961699882,23.81976261917935,0.2987317106793413,-0.1407293246757132,15.493022652617041,25001000.0,25.905174918522743
G4396,90.18692445186444,23.8227799128294,0.2866295574760825,-0.1207603796285835,17.104228504817815,25001000.0,26.016065493769116
G4397,90.18682712481238,23.82729069157149,0.29004069085322015,-0.12169597128912021,15.525946048062194,25001000.0,25.884875945314832
G4398,90.18672977367709,23.83180146730032,0.28660225306542975,-0.12895963264992122,17.104228504817815,25001000.0,25.90776660601362
G4399,90.18663239845483,23.83631224001538,0.27413985287057235,-0.1227709848925311,15.71823176234787,25001000.0,25.765026562871874
G4400,90.18653499914198,23.840823009716217,0.26941882415737345,-0.1175789540045143,17.104228504817815,25001000.0,25.71498173219873
G4401,90.18643757573484,23.845333776402327,0.26472632645019356,-0.11083191396747591,15.712231762347898,25001000.0,25.722168765515363
G4402,90.18634012822967,23.849844540073235,0.2506455816964981,-0.10099508673163951,17.104228504817815,25001000.0,25.97899423943226
G4403,90.18624265662288,23.854355300728468,0.2210357585030702,-0.07386189501023811,15.595406812649713,25001000.0,26.416445044645368
G4404,90.1861451609107,23.858866058367525,0.24066851289904148,-0.1199347811953724,17.104228504817815,25001000.0,25.62902583861258
G4405,90.18604764108946,23.86337681298994,0.2352159041695629,-0.09469435998443841,15.746097833776474,25001000.0,25.872921345595493
G4406,90.1859500971555,23.867887564595232,0.24216795907233968,-0.10079194238547191,17.104228504817815,25001000.0,25.784016717614747
G4407,90.18585252910508,23.87239831318291,0.2285564366809777,-0.1009319054291338,16.117660333776456,25001000.0,25.639420089338703
G4408,90.18575493693452,23.876909058752503,0.26077562547426314,-0.11551180123909781,17.104228504817815,25001000.0,25.713226843255228
G4409,90.18565732064016,23.88141980130352,0.2388293008403186,-0.09871325174088191,16.32677798083526,25001000.0,25.74831451102028
G4410,90.18555968021826,23.88593054083549,0.2280381897406924,-0.0954202744346911,17.104228504817815,25001000.0,25.86626311458756
G4411,90.18546201566517,23.89044127734792,0.21959861334861208,-0.08278962691251901,16.102137945716805,25001000.0,26.078184913402094
G4412,90.18536432697714,23.89495201084033,0.2402086329655255,-0.1025515245517434,17.104228504817815,25001000.0,25.581311373359007
G4413,90.18526661415048,23.89946274131225,0.2271412870953569,-0.0910504140536084,16.35708062363156,25001000.0,25.878612181710622
G4414,90.18516887718152,23.90397346876319,0.22697170978623898,-0.09126653584309341,17.104228504817815,25001000.0,25.988497137235626
G4415,90.18507111606654,23.90848419319268,0.2004391900778858,-0.07137852257960821,16.395715889332024,25001000.0,26.102581386750966
G4416,90.18497333080182,23.91299491460021,0.1787556167847843,-0.05535824829698911,17.104228504817815,25001000.0,26.92937247426043
G4417,90.18487552138367,23.91750563298533,0.2023053625363552,-0.07789574913464681,16.18697540226961,25001000.0,26.050079140382305
G4418,90.1847776878084,23.92201634834755,0.2302825260847764,-0.0880456242987188,17.104228504817815,25001000.0,26.223414848540738
G4419,90.1846798300723,23.926527060686382,0.20454822827163138,-0.0763647310498485,16.04654922266539,25001000.0,26.1203422881185
G4420,90.18458194817164,23.93103777000136,0.262789984236974,-0.1420900050761746,17.104228504817815,25001000.0,25.644337556287127
G4421,90.18448404210272,23.935548476291977,0.26554466724624537,-0.1551356638609288,15.787088905205026,25001000.0,25.65508208974915
G4422,90.1843861118618,23.94005917955777,0.25402739849552336,-0.1575715391064427,17.104228504817815,25001000.0,25.628869051172753
G4423,90.18428815744524,23.94456987979827,0.2734964420960754,-0.1417288838038781,15.856189745541174,25001000.0,25.717068482700434
G4424,90.18419017884928,23.94908057701297,0.25310147382304277,-0.1287387940269763,17.104228504817815,25001000.0,25.67778267178642
G4425,90.1840921760702,23.95359127120141,0.27052057578082955,-0.14759054582963171,15.966355985950402,25001000.0,25.755937640890878
G4426,90.18399414910428,23.95810196236309,0.27516585960265644,-0.1620546252361073,17.104228504817815,25001000.0,25.75038994382478
G4427,90.18389609794784,23.962612650497555,0.26942778426924424,-0.1408456790851445,17.104228504817815,25001000.0,25.5782946125607
G4428,90.18379802259712,23.9671233356043,0.2910359935317073,-0.1616337140062103,17.104228504817815,25001000.0,25.75795360994619
G4429,90.18369992304844,23.97163401768286,0.25815564850805345,-0.11512099797056541,17.104228504817815,25001000.0,25.714440038991516
G4430,90.18360179929807,23.97614469673274,0.2475979697208204,-0.1130181023862139,17.104228504817815,25001000.0,25.62618748803936
G4431,90.18350365134226,23.98065537275348,0.2558996848612727,-0.12245169170864581,17.104228504817815,25001000.0,25.724326243764565
G4432,90.18340547917732,23.98516604574458,0.20079711244225998,-0.08510705961527541,17.104228504817815,25001000.0,26.132682147718103
G4433,90.18330728279952,23.98967671570557,0.2447232145267149,-0.1209151815155314,17.104228504817815,25001000.0,25.62902583861258
G4434,90.18320906220512,23.994187382635964,0.22434903179684548,-0.09261679973315151,17.104228504817815,25001000.0,25.939146134466903
G4435,90.1831108173904,23.99869804653529,0.20899827215604558,-0.0920458376803091,17.104228504817815,25001000.0,25.855998022789585
G4436,90.18354732091116,24.00349080602696,0.21792444868254218,-0.0866994510719293,17.104228504817815,25001000.0,26.13981722418686
G4437,90.18388126448215,24.006741399097866,0.2366522679888447,-0.10033825411271101,17.104228504817815,25001000.0,25.783656890212264
G4438,90.1848512702671,24.010442326514752,0.2232458136151323,-0.09772481759016181,17.104228504817815,25001000.0,25.77956250813487
G4455,90.196854171057,23.56282818595163,0.26612698613331925,-0.141955465371389,17.104228504817815,25001000.0,25.66174640646893
G4456,90.19732608817375,23.5657489269458,0.2398416110603921,-0.12191322851431291,17.315506487622628,25001000.0,25.612012696516462
G4457,90.19723029454588,23.57025989556416,0.24438059996321748,-0.1289474158851159,17.104228504817815,25001000.0,25.612081331554002
G4458,90.19713447708412,23.57477086119804,0.2412749648584543,-0.1294753173248534,17.575236091352252,25001000.0,25.65210978658787
G4459,90.19703863578488,23.57928182384694,0.22934883899668979,-0.1217922674264662,17.104228504817815,25001000.0,25.645506888658556
G4460,90.19694277064453,23.5837927835104,0.202191671515454,-0.1216396800217229,17.99234783377645,25001000.0,25.658090195501202
G4461,90.19684688165944,23.58830374018791,0.2073196659725426,-0.1303837579410901,17.104228504817815,25001000.0,25.6372894587358
G4462,90.19675096882608,23.592814693879,0.2288299102199837,-0.10265344525731561,17.858597833776486,25001000.0,25.6790132640655
G4463,90.19665503214073,23.59732564458318,0.21291600673256078,-0.1039947228145069,17.104228504817815,25001000.0,25.65429052627412
G4464,90.19655907159986,23.601836592299986,0.191124477235025,-0.11435088175948871,17.61172283377644,25001000.0,25.69431898130799
G4465,90.19646308719985,23.606347537028896,0.23403236202886069,-0.1201911113517666,17.104228504817815,25001000.0,25.646737828818686
G4466,90.196367078937,23.61085847876947,0.2010089154048187,-0.11773042542888601,17.32473725685341,25001000.0,25.665166526835897
G4467,90.19627104680778,23.6153694175212,0.20568867630657528,-0.10278545131497291,17.104228504817815,25001000.0,25.628112103281957
G4468,90.19617499080852,23.6198803532836,0.1977372732381606,-0.1120642232621534,17.288266394382532,25001000.0,25.65429052627412
G4469,90.19607891093564,23.624391286056195,0.23050977960456728,-0.1036874978853214,17.104228504817815,25001000.0,25.649381030087806
G4470,90.1959828071855,23.6289022158385,0.23275429931660999,-0.1093872177447818,17.53159972771587,25001000.0,25.689409485121676
G4471,90.19588667955448,23.633413142630022,0.16017827528318979,-0.11246231527711831,17.104228504817815,25001000.0,25.249692078178004
G4472,90.19579052803894,23.637924066430305,0.1726291069362406,-0.10312893349325461,17.159781545897687,25001000.0,25.456841511726303
G4473,90.19569435263529,23.64243498723884,0.2164001433561723,-0.0974449064510495,17.104228504817815,25001000.0,25.706678108618476
G4474,90.19559815333984,23.646945905055144,0.1944012267101854,-0.1067361653175039,17.03372093983708,25001000.0,25.737381517688213
G4475,90.19550193014904,23.651456819878742,0.20824047522772118,-0.08903117860879611,17.104228504817815,25001000.0,25.97495389599571
G4476,90.1954056830592,23.65596773170916,0.16217236416241418,-0.049281796610598415,16.744227497955563,25001000.0,26.987820698178393
G4477,90.19530941206672,23.660478640545893,0.22075824450887968,-0.09236130115905611,17.104228504817815,25001000.0,25.899119263147114
G4478,90.19521311716798,23.66498954638848,0.24168366105177538,-0.1002303957590184,16.1525857069108,25001000.0,25.67377193468726
G4479,90.19511679835932,23.66950044923642,0.2530265470854971,-0.1038527949997086,17.104228504817815,25001000.0,25.804227252090193
G4480,90.19502045563712,23.67401134908924,0.26353391705843476,-0.108591044642145,14.869863723606981,25001000.0,25.75479520038364
G4481,90.19492408899777,23.678522245946457,0.2831751508361657,-0.12686630125545362,17.104228504817815,25001000.0,25.90776660601362
G4482,90.19482769843758,23.683033139807588,0.22194557222983638,-0.08793037818628771,15.398910333776456,25001000.0,26.003219384277926
G4483,90.19473128395292,23.68754403067213,0.21892859992087768,-0.0978527982992378,17.104228504817815,25001000.0,25.762145977919733
G4484,90.1946348455402,23.69205491853964,0.25921723969590665,-0.10899499912884321,15.693022652617032,25001000.0,25.69933990474614
G4485,90.19453838319576,23.6965658034096,0.24900673931287598,-0.10281882191915631,17.104228504817815,25001000.0,25.76336106839278
G4486,90.19444189691596,23.70107668528153,0.26358027268308154,-0.10976122364905301,15.804037145370643,25001000.0,25.72778313793674
G4487,90.19434538669712,23.70558756415498,0.26339084183888917,-0.1116891733637749,17.104228504817815,25001000.0,25.802159803144107
G4488,90.19424885253564,23.71009844002943,0.24970537503349918,-0.1062435747862426,16.187225551167813,25001000.0,25.606138396927754
G4489,90.19415229442788,23.71460931290442,0.26780922612562397,-0.11620939592536911,17.104228504817815,25001000.0,25.78240956660735
G4490,90.1940557123702,23.719120182779456,0.19976809732058629,-0.1032350669929498,16.34273075631168,25001000.0,25.505664193085586
G4491,90.19437217569114,23.72198608861597,0.26613491713779974,-0.1116850094268858,17.104228504817815,25001000.0,25.748684539475413
G4512,90.18951985540022,23.82051950149212,0.30420440054636094,-0.1454886629146781,17.104228504817815,25001000.0,25.80903478192251
G4513,90.19168500440944,23.82321101511108,0.2787930510113725,-0.1199247408487232,17.104228504817815,25001000.0,26.016065493769116
G4514,90.19173054850424,23.82738015854122,0.284523629853796,-0.1228438748370112,17.104228504817815,25001000.0,25.926265951463257
G4515,90.19163336650982,23.831890953260785,0.29401012451345165,-0.13405798360492552,17.104228504817815,25001000.0,25.865188115677235
G4516,90.19153616047024,23.836401744967866,0.2712582111069863,-0.11045361613542581,17.104228504817815,25001000.0,25.94811275144639
G4517,90.19143893038184,23.84091253366197,0.25850777919480616,-0.10635542612536561,17.104228504817815,25001000.0,25.779118820159255
G4518,90.19134167624097,23.845423319342647,0.27649452228307747,-0.1296991087975482,17.104228504817815,25001000.0,25.845048272921
G4519,90.19124439804388,23.849934102009392,0.2709052007016994,-0.12266662400692431,17.104228504817815,25001000.0,25.86354761837064
G4520,90.19114709578696,23.854444881661728,0.29051128577953406,-0.1319134273636243,17.104228504817815,25001000.0,25.863651399712854
G4521,90.19104976946647,23.85895565829917,0.3219830534527788,-0.1488187331757105,17.104228504817815,25001000.0,25.80903478192251
G4522,90.1909524190788,23.863466431921243,0.2923308838201937,-0.1358027891335131,17.104228504817815,25001000.0,25.903261443648276
G4523,90.19085504462022,23.867977202527467,0.2485337413837537,-0.1170824043020945,17.104228504817815,25001000.0,25.637063488601136
G4524,90.19075764608704,23.87248797011736,0.2315857293521613,-0.09440047696981331,17.104228504817815,25001000.0,25.973365439969943
G4525,90.19066022347558,23.87699873469044,0.1902146996726681,-0.06563230116789011,17.104228504817815,25001000.0,26.662687391538466
G4526,90.19056277678212,23.881509496246213,0.2273900859315394,-0.10637170664568461,17.104228504817815,25001000.0,25.665163232023794
G4527,90.19046530600303,23.88602025478422,0.22715681925034728,-0.1048519426514579,17.104228504817815,25001000.0,25.665163232023794
G4528,90.1903678111346,23.89053101030397,0.21060767856527499,-0.09625738232370451,17.104228504817815,25001000.0,25.806457551525188
G4529,90.19027029217312,23.895041762804983,0.2226398200646795,-0.08641539272231441,17.104228504817815,25001000.0,26.14564895268834
G4530,90.19017274911488,23.89955251228677,0.21694743985011808,-0.0867996518984008,17.104228504817815,25001000.0,26.05798519924456
G4531,90.19007518195625,23.90406325874887,0.21758583079096208,-0.0830682878762423,17.104228504817815,25001000.0,26.27620194899864
G4532,90.18997759069346,23.908574002190782,0.2012263652591094,-0.07756682285813771,17.104228504817815,25001000.0,26.28680625999616
G4533,90.18987997532288,23.91308474261204,0.21045695604482148,-0.07451277406475151,17.104228504817815,25001000.0,26.418636311164505
G4534,90.18978233584072,23.91759548001215,0.23650104838364838,-0.10427970789653421,17.104228504817815,25001000.0,25.643104796371258
G4535,90.1896846722434,23.92210621439064,0.2471641792040411,-0.1169968986601695,17.104228504817815,25001000.0,25.637063488601136
G4536,90.18958698452712,23.92661694574702,0.2498193132822314,-0.11491684933519981,17.104228504817815,25001000.0,25.683166395332634
G4537,90.18948927268823,23.93112767408083,0.26262758470277875,-0.12536539315804313,17.104228504817815,25001000.0,25.687695469048432
G4538,90.18939153672302,23.93563839939157,0.2887387598383411,-0.17025582568314251,17.104228504817815,25001000.0,25.652460701011492
G4539,90.18929377662778,23.94014912167876,0.21383385281386438,-0.1320202564532554,17.104228504817815,25001000.0,25.620520878745612
G4540,90.1891959923988,23.94465984094193,0.28130011636695984,-0.1501450475095833,17.104228504817815,25001000.0,25.833725557442463
G4541,90.1890981840324,23.9491705571806,0.29201661547285845,-0.17655930212814872,17.104228504817815,25001000.0,25.62776992549154
G4542,90.1890003515248,23.95368127039428,0.2497912334644655,-0.145608335801339,17.104228504817815,25001000.0,25.699625088614482
G4543,90.18890249487238,23.95819198058249,0.2468578396365827,-0.1342323210332883,17.104228504817815,25001000.0,25.616748779892642
G4544,90.1888046140714,23.962702687744763,0.26307532978833337,-0.1482719572981517,15.865486420732992,25001000.0,25.63767323956735
G4545,90.1887067091181,23.9672133918806,0.28709676842229814,-0.1640513045742478,17.104228504817815,25001000.0,25.67171205292162
G4546,90.18860878000883,23.97172409298954,0.2811208673143323,-0.1396142274256838,15.793022652617054,25001000.0,25.794346106286426
G4547,90.18851082673984,23.97623479107109,0.2450049409390559,-0.11285244986528821,17.104228504817815,25001000.0,25.62618748803936
G4548,90.18841284930744,23.980745486124768,0.2257645553723943,-0.090911645090823,15.999425039658801,25001000.0,25.849741537907654
G4549,90.1883148477079,23.985256178150102,0.2423146166983089,-0.11270213887889151,17.104228504817815,25001000.0,25.643104796371258
G4550,90.18821682193747,23.989766867146614,0.24778061938670448,-0.1174780944244628,16.16708890520502,25001000.0,25.513886726898537
G4551,90.1881187719925,23.99427755311381,0.2058533690045366,-0.096696092273909,17.104228504817815,25001000.0,25.770929659423512
G4552,90.18802069786923,23.99878823605123,0.2063712691158482,-0.0772256320037821,16.44908890520506,25001000.0,26.142411289394122
G4553,90.18792259956392,24.003298915958386,0.1950729771200486,-0.0958158700777042,17.104228504817815,25001000.0,25.793715621285152
G4554,90.1879385351051,24.007810024226004,0.22459795213441938,-0.0951401988627957,16.785123020343605,25001000.0,25.799105777244225
G4555,90.18804351930277,24.01110439755332,0.2193877984236683,-0.0915587628608749,17.104228504817815,25001000.0,25.91959962211287
G4572,90.20034755675464,23.563378762697617,0.28282561517458055,-0.1556228979391304,17.104228504817815,25001000.0,25.833725557442463
G4573,90.2020822155236,23.566008473031346,0.2307168796852498,-0.1315699829834972,17.25432700044317,25001000.0,25.629793321760108
G4574,90.20212416992042,23.57034812839123,0.24733273566046518,-0.13439349218560162,17.104228504817815,25001000.0,25.58992325263274
G4575,90.20202851923138,23.57485911291097,0.2073663014553406,-0.12070979569771871,17.6922057883219,25001000.0,25.67510333759732
G4576,90.20193284474628,23.579370094447,0.2090268055546517,-0.11723654671373841,17.104228504817815,25001000.0,25.665166526835897
G4577,90.20183714646151,23.58388107299881,0.20714670931090978,-0.1352736019038497,17.104228504817815,25001000.0,25.49681616601216
G4578,90.20174142437348,23.588392048565947,0.20466298268412128,-0.1270768657864525,17.104228504817815,25001000.0,25.6372894587358
G4579,90.2016456784786,23.592903021147908,0.22049461826547148,-0.1150065056607835,17.104228504817815,25001000.0,25.67641737314364
G4580,90.20154990877325,23.59741399074421,0.2020391762633887,-0.11403839082755021,17.104228504817815,25001000.0,25.65429052627412
G4581,90.20145411525378,23.60192495735439,0.1761661856493423,-0.10013843786888811,17.104228504817815,25001000.0,25.650714929591615
G4582,90.20135829791664,23.606435920977937,0.2414000787424075,-0.1221047124944445,17.104228504817815,25001000.0,25.612012696516462
G4583,90.2012624567582,23.610946881614392,0.1780198700659276,-0.1115995005257796,17.104228504817815,25001000.0,25.59729320078015
G4584,90.20116659177482,23.615457839263254,0.1762963216779562,-0.07995014989704241,17.104228504817815,25001000.0,26.186712318171942
G4585,90.20107070296294,23.61996879392404,0.215525120865137,-0.1002214360402294,17.104228504817815,25001000.0,25.674371232653847
G4586,90.2009747903189,23.62447974559628,0.2170834869044536,-0.09749261451962651,17.104228504817815,25001000.0,25.71286769194192
G4587,90.20087885383911,23.628990694279484,0.2334743828398617,-0.11079114677842791,17.104228504817815,25001000.0,25.649381030087806
G4588,90.20078289351994,23.63350163997317,0.20942024458378738,-0.0959573516433812,17.104228504817815,25001000.0,25.793715621285152
G4589,90.20068690935778,23.638012582676847,0.2377475915881827,-0.1264277108005542,17.104228504817815,25001000.0,25.59730436691243
G4590,90.20059090134902,23.64252352239005,0.2298629258872472,-0.1118995764162025,17.104228504817815,25001000.0,25.665163232023794
G4591,90.20049486949002,23.64703445911228,0.2277534647096628,-0.0967079816973751,17.104228504817815,25001000.0,25.81658457284561
G4592,90.20039881377716,23.65154539284305,0.20515369618089868,-0.0778867352672745,17.104228504817815,25001000.0,26.318421281576484
G4593,90.20030273420684,23.6560563235819,0.2392635280288619,-0.1030180616362121,17.104228504817815,25001000.0,25.643104796371258
G4594,90.20020663077544,23.660567251328327,0.2160781055361121,-0.0990166942241238,17.104228504817815,25001000.0,25.674371232653847
G4595,90.2001105034793,23.66507817608186,0.2533200794130653,-0.106582351521894,17.104228504817815,25001000.0,25.729713604082058
G4596,90.2000143523148,23.669589097842007,0.26911640045196866,-0.1215887760976506,17.104228504817815,25001000.0,25.67891005972506
G4597,90.19991817727836,23.67410001660829,0.2605825529052401,-0.10867602978336391,17.104228504817815,25001000.0,25.787692055653302
G4598,90.19982197836627,23.678610932380224,0.29471057558429364,-0.13715636652525512,17.104228504817815,25001000.0,25.86521936247083
G4599,90.199725755575,23.68312184515733,0.28697916810388535,-0.1289281064458219,17.104228504817815,25001000.0,25.90776660601362
G4600,90.1996295089008,23.68763275493912,0.2670992187136422,-0.11290674073650321,17.104228504817815,25001000.0,25.79190529493708
G4601,90.19953323834017,23.69214366172512,0.27595084054287955,-0.11610572116043741,17.104228504817815,25001000.0,25.967613524466874
G4602,90.19943694388938,23.696654565514844,0.26510070380271367,-0.11221385558073191,17.104228504817815,25001000.0,25.758440234580007
G4603,90.19934062554482,23.701165466307803,0.25059412092764427,-0.09769872111327871,17.104228504817815,25001000.0,25.999210613034137
G4604,90.19924428330287,23.705676364103525,0.24299915815719308,-0.1009195096003557,17.104228504817815,25001000.0,25.78470938128445
G4605,90.1991479171599,23.71018725890152,0.26197793929734786,-0.11107024871801771,17.104228504817815,25001000.0,25.820689821014128
G4606,90.19905152711226,23.71469815070132,0.22972931833035848,-0.09500149312856011,17.104228504817815,25001000.0,25.90452577200657
G4607,90.1989551131563,23.719209039502413,0.27136323945939905,-0.11861072340711941,17.104228504817815,25001000.0,25.886163301148574
G4608,90.19875824608212,23.72238744728274,0.19147871735441088,-0.08133897280135181,17.104228504817815,25001000.0,26.19903289716122
G4630,90.19567534864576,23.823954929510137,0.2600763866541442,-0.0993766301564551,17.104228504817815,25001000.0,26.030074776398564
G4631,90.1957369114308,23.827378914864138,0.27136170316922864,-0.11940238612991201,15.579109609138781,25001000.0,25.857822024246577
G4632,90.19641266969776,23.832118162202867,0.27417885609352277,-0.11848573307464151,17.104228504817815,25001000.0,25.886163301148574
G4633,90.19643994653444,23.836491094212548,0.2875698067494751,-0.1279052951407682,15.719130922011772,25001000.0,25.809245550514856
G4634,90.19634288567418,23.841001901866928,0.27835309923313517,-0.12338585125481531,17.104228504817815,25001000.0,25.88168483315172
G4635,90.19624580080324,23.845512706509133,0.27635772619836385,-0.1345321543130847,15.749544391747492,25001000.0,25.690031718194188
G4636,90.19614869191793,23.85002350813869,0.26736765379129857,-0.1333590189951942,17.104228504817815,25001000.0,25.577626310991537
G4637,90.19605155901458,23.85453430675511,0.26957984503806526,-0.11684864918017851,15.614630030746156,25001000.0,25.91143581655842
G4638,90.19595440208953,23.85904510235792,0.32103287896973687,-0.1467932846016893,17.104228504817815,25001000.0,25.80903478192251
G4639,90.19585722113906,23.86355589494661,0.2709827950971255,-0.1212511646619679,15.69766033377644,25001000.0,25.829049287850175
G4640,90.19576001615954,23.86806668452075,0.24509691035627298,-0.11735862334196241,17.104228504817815,25001000.0,25.637063488601136
G4641,90.19566278714728,23.87257747107981,0.2229027671822459,-0.1189693670357787,16.070084576200685,25001000.0,25.572358766389883
G4642,90.19556553409858,23.877088254623345,0.18413473917996678,-0.0868249200179,17.104228504817815,25001000.0,26.05835732843494
G4643,90.19546825700976,23.881599035150856,0.25433659015900045,-0.1234334408990463,16.02618974554119,25001000.0,25.588681171155223
G4644,90.19537095587717,23.886109812661864,0.27311825649639854,-0.1395170807801134,17.104228504817815,25001000.0,25.757529900314932
G4645,90.19527363069707,23.89062058715589,0.25430773496933234,-0.15103040891545272,15.856466303925714,25001000.0,25.634416748238852
G4646,90.19517628146582,23.89513135863245,0.2171344009515187,-0.1128018628616354,17.104228504817815,25001000.0,25.627139087165826
G4647,90.19507890817972,23.899642127091084,0.2321783276815489,-0.10932437076516541,16.16594604806218,25001000.0,25.526204268385207
G4648,90.19498151083508,23.90415289253128,0.179869714813067,-0.04334866617489352,17.104228504817815,25001000.0,27.28697489064524
G4649,90.1948840894282,23.90866365495258,0.1581196369146617,-0.021777216341657614,16.150993667109816,25001000.0,27.605258815862786
G4650,90.1947866439554,23.913174414354494,0.20684276275897548,-0.07728535861306941,17.104228504817815,25001000.0,26.350377594311155
G4651,90.194689174413,23.917685170736544,0.1958004512168439,-0.07831704017193561,16.29711238857098,25001000.0,26.050079140382305
G4652,90.1945916807973,23.922195924098247,0.2035107210281911,-0.08479000342064591,17.104228504817815,25001000.0,26.132682147718103
G4653,90.19449416310458,23.926706674439128,0.22967708840318468,-0.09547243356331651,16.219030196790158,25001000.0,25.756378159062557
G4654,90.19439662133117,23.93121742175871,0.2592954950106194,-0.1314197034268691,17.104228504817815,25001000.0,25.66348546902966
G4655,90.19429905547338,23.9357281660565,0.28010739557384046,-0.18018917936723292,16.08639272814267,25001000.0,25.86255095653243
G4656,90.1942014655275,23.940238907332024,0.21495660818518758,-0.1263138197353358,17.104228504817815,25001000.0,25.60574391410404
G4657,90.1941038514898,23.944749645584807,0.19611653941350768,-0.0884690969007031,16.04452600541825,25001000.0,25.838912242604305
G4658,90.19400621335664,23.94926038081436,0.2611186615774356,-0.16982209694532982,17.104228504817815,25001000.0,25.577231084909656
G4659,90.1939085511243,23.953771113020217,0.1967712713553692,-0.09956363019852271,16.47906878448069,25001000.0,25.55908592189705
G4660,90.19381086478906,23.958281842201885,0.2042123308282354,-0.09808289613185561,17.104228504817815,25001000.0,25.740019131050214
G4661,90.1937131543472,23.96279256835889,0.22472911451242808,-0.1122693017734023,16.422449066170856,25001000.0,25.541986470321195
G4662,90.19361541979508,23.96730329149074,0.2417924011370449,-0.1228489889175339,17.104228504817815,25001000.0,25.615126482337256
G4663,90.19351766112892,23.971814011596976,0.2472590879885385,-0.11695482623032441,16.05822371405813,25001000.0,25.513886726898537
G4664,90.19341987834504,23.97632472867711,0.2178902948725208,-0.09103310889992011,17.104228504817815,25001000.0,25.91959962211287
G4665,90.19332207143974,23.98083544273065,0.1980964314415068,-0.0901531810505031,16.428231762347906,25001000.0,25.742273644497416
G4666,90.19322424040932,23.98534615375713,0.240860796904802,-0.10061446207847201,17.104228504817815,25001000.0,25.784016717614747
G4667,90.19312638525004,23.98985686175608,0.21506796554132268,-0.09961003800877291,16.47308890520506,25001000.0,25.55041697923686
G4668,90.1930285059582,23.99436756672699,0.2249760451749104,-0.10170036819387411,17.104228504817815,25001000.0,25.59354252915738
G4669,90.1929306025301,23.998878268669404,0.1943484607283249,-0.0727442506025957,16.702803190919298,25001000.0,26.191447589165108
G4670,90.192832674962,24.00338896758284,0.1936642438669523,-0.06247972186352351,17.104228504817815,25001000.0,26.756975400551237
G4671,90.19248685774085,24.00770955411308,0.23195569513757108,-0.09810732010266021,17.104228504817815,25001000.0,25.850091761389226
G4672,90.19169879972576,24.011889045506468,0.18691071648262989,-0.06453978372750661,17.104228504817815,25001000.0,26.662687391538466
G4690,90.20501790082577,23.56702765311606,0.2398644634710363,-0.11781649067408921,17.104228504817815,25001000.0,25.653980796933034
G4691,90.20542572944257,23.570711321295263,0.24616433255023198,-0.12404772332419571,17.104228504817815,25001000.0,25.59954614181146
G4692,90.2054624433317,23.574857665105448,0.206423398024846,-0.12202847589676051,17.104228504817815,25001000.0,25.618061740467333
G4693,90.20536432394763,23.579640728808663,0.20004657733152378,-0.10876569402683281,17.104228504817815,25001000.0,25.65429052627412
G4694,90.206075426808,23.58411056299043,0.22542148285174898,-0.1323118638232523,17.83484783377648,25001000.0,25.685603978729965
G4695,90.20646207026752,23.58854456949677,0.2362018109747171,-0.12611282971729942,17.104228504817815,25001000.0,25.608740123401986
G4696,90.2065404119416,23.592991194485645,0.20935935005092648,-0.1051261296110309,17.92258341069956,25001000.0,25.69431898130799
G4697,90.2064448092198,23.59750218294118,0.1973138776869397,-0.1128104808232503,17.104228504817815,25001000.0,25.65429052627412
G4698,90.2063491827254,23.60201316841183,0.2084566083998303,-0.10942956913240211,17.726583410699533,25001000.0,25.69431898130799
G4699,90.20625353245477,23.606524150897105,0.22083003253168249,-0.1108522395333527,17.104228504817815,25001000.0,25.67641737314364
G4700,90.20615785840428,23.61103513039653,0.1752400517281944,-0.1162566663803275,17.331296697412853,25001000.0,25.59729320078015
G4701,90.2060621605704,23.615546106909616,0.1734613897347512,-0.052473447950543116,17.104228504817815,25001000.0,26.927892658031116
G4702,90.20596643894947,23.62005708043589,0.22966405682256189,-0.0987359990952647,17.13377973676151,25001000.0,25.781252093425852
G4703,90.2058706935379,23.62456805097485,0.19731285292206538,-0.07771704803140461,17.104228504817815,25001000.0,26.28680625999616
G4704,90.20577492433208,23.62907901852605,0.21810108406382328,-0.0913515753677252,17.267809587507855,25001000.0,25.91959962211287
G4705,90.2056791313284,23.633589983088964,0.25192707637890316,-0.12151579278710331,17.104228504817815,25001000.0,25.67771403674888
G4706,90.20558331452324,23.638100944663133,0.25009549334598896,-0.10147274557839321,16.90319879531492,25001000.0,25.923032193745765
G4707,90.205487473913,23.64261190324808,0.23344067371198268,-0.09958115547717161,17.104228504817815,25001000.0,25.775549185056207
G4708,90.20539160949406,23.647122858843304,0.2180359515129706,-0.0903953336599952,16.804933061049184,25001000.0,25.808586664169624
G4709,90.2052957212628,23.65163381144833,0.23942134255015599,-0.10364646695535991,17.104228504817815,25001000.0,25.643104796371258
G4710,90.2051998092156,23.656144761062684,0.25542402607392356,-0.1055929563054945,16.68190275801888,25001000.0,25.78816321522826
G4711,90.20510387334885,23.660655707685866,0.2255017181004412,-0.10210322209393881,17.104228504817815,25001000.0,25.712989380636422
G4712,90.20500791365896,23.665166651317417,0.2097180029615482,-0.07529181242682831,16.258854363627194,25001000.0,26.228358319189123
G4713,90.20491193014227,23.66967759195684,0.2404038553887479,-0.11894432598033071,17.104228504817815,25001000.0,25.62902583861258
G4714,90.20481592279516,23.674188529603644,0.2687253867589854,-0.11893851048989611,15.117660333776456,25001000.0,25.72422688348261
G4715,90.20471989161403,23.67869946425736,0.3042885028949254,-0.14263127321917402,17.104228504817815,25001000.0,25.770165623732066
G4716,90.20462383659525,23.68321039591752,0.2761781636707238,-0.14253848631803662,15.38496192107803,25001000.0,25.88215263472875
G4717,90.2045277577352,23.687721324583595,0.26554624263313426,-0.12074287799634041,17.104228504817815,25001000.0,25.71188746121293
G4718,90.20443165503023,23.69223225025515,0.27499751200312594,-0.1228105924138929,15.720307392600006,25001000.0,25.765026562871874
G4719,90.20433552847676,23.69674317293169,0.2420313056815464,-0.10131534178678661,17.104228504817815,25001000.0,25.784016717614747
G4720,90.20423937807112,23.701254092612714,0.2528510365676186,-0.1004601470270966,15.810124101892399,25001000.0,25.895152044027157
G4721,90.20414320380968,23.705765009297767,0.2456572213132015,-0.1086549304825906,17.104228504817815,25001000.0,25.62618748803936
G4722,90.20404700568884,23.71027592298635,0.25775049107991904,-0.1079984196142158,16.07880319091933,25001000.0,25.66028688445948
G4723,90.20395078370494,23.714786833677987,0.23057233838089738,-0.083426137605178,17.104228504817815,25001000.0,26.381502838432624
G4724,90.20385453785435,23.71929774137219,0.26108339211428616,-0.1081927419106963,16.195715889332032,25001000.0,25.679343318590945
G4725,90.20450122299869,23.72343380792277,0.2519768834244835,-0.10087867632517301,17.104228504817815,25001000.0,25.97899423943226
G4749,90.20144574060926,23.832380927100253,0.2591789849727584,-0.10501471199659551,17.104228504817815,25001000.0,25.85363246816739
G4750,90.20116533613948,23.83660829898161,0.2775424422773495,-0.12160320531260861,17.104228504817815,25001000.0,25.916901013340134
G4751,90.20124686497722,23.841091114328023,0.26907999098267354,-0.11775129711984761,17.104228504817815,25001000.0,25.805667451211413
G4752,90.20114994937988,23.84560193789875,0.2394817080863444,-0.1138615993543481,17.104228504817815,25001000.0,25.643104796371258
G4753,90.20105300981,23.85011275845809,0.257075119964102,-0.1057881515904234,17.104228504817815,25001000.0,25.795913023630934
G4754,90.20095604626393,23.85462357600557,0.27677024250118737,-0.12545206043437862,17.104228504817815,25001000.0,25.83027130827943
G4755,90.20085905873792,23.859134390540707,0.26738974554526185,-0.12097044572800811,17.104228504817815,25001000.0,25.67098487210372
G4756,90.20076204722837,23.86364520206301,0.1971212302648448,-0.05637108117441991,17.104228504817815,25001000.0,26.939472302302683
G4757,90.20066501173162,23.86815601057201,0.2354045696219092,-0.1008901389246766,17.104228504817815,25001000.0,25.785349873609245
G4758,90.20056795224394,23.872666816067227,0.17258614050483378,-0.04705189004150771,17.104228504817815,25001000.0,27.09365388799013
G4759,90.20047086876168,23.87717761854817,0.2089366387178915,-0.10325544053366481,17.104228504817815,25001000.0,25.65429052627412
G4760,90.20037376128118,23.881688418014377,0.18886778118013278,-0.07948455113617581,17.104228504817815,25001000.0,26.253110301769787
G4761,90.20027662979876,23.88619921446535,0.2481579850700782,-0.1123608171573516,17.104228504817815,25001000.0,25.62618748803936
G4762,90.2001794743107,23.890710007900616,0.2456180513217208,-0.1115743364550036,17.104228504817815,25001000.0,25.62618748803936
G4763,90.20008229481338,23.89522079831969,0.1807839072960876,-0.0705769915427271,17.104228504817815,25001000.0,26.403688815949565
G4764,90.19998509130308,23.8997315857221,0.1946210894805181,-0.08819066941616571,17.104228504817815,25001000.0,26.061432747276335
G4765,90.19988786377614,23.90424237010735,0.1991757289338559,-0.073536935174578,17.104228504817815,25001000.0,26.325577664249426
G4766,90.19979061222888,23.90875315147499,0.1913947257575332,-0.07337604569144801,17.104228504817815,25001000.0,26.325577664249426
G4767,90.19969333665756,23.91326392982451,0.2058041862223787,-0.08110721702273721,17.104228504817815,25001000.0,26.230647918741546
G4768,90.19959603705855,23.917774705155445,0.21983534398650528,-0.1030307762414115,17.104228504817815,25001000.0,25.67641737314364
G4769,90.19949871342818,23.92228547746731,0.1851777098248491,-0.0745582219555006,17.104228504817815,25001000.0,26.325577664249426
G4770,90.19940136576272,23.926796246759626,0.2219859017600705,-0.0983572093608426,17.104228504817815,25001000.0,25.77956250813487
G4771,90.1993039940585,23.931307013031912,0.24842649999236469,-0.11232659509385491,17.104228504817815,25001000.0,25.62618748803936
G4772,90.19920659831182,23.93581777628369,0.25865787574657384,-0.1363324140242415,17.104228504817815,25001000.0,25.539800947502506
G4773,90.199109178519,23.94032853651449,0.2352923005609613,-0.1498765475091044,17.104228504817815,25001000.0,25.73866508797573
G4774,90.19901173467632,23.94483929372381,0.2398539015104125,-0.1334822721632597,17.104228504817815,25001000.0,25.63366608822454
G4775,90.19891426678012,23.9493500479112,0.16551263155305568,-0.0781601462850003,17.104228504817815,25001000.0,26.22718893434547
G4776,90.19881677482668,23.953860799076143,0.14845926649659008,-0.04807414997263822,17.104228504817815,25001000.0,26.97572085400456
G4777,90.19871925881232,23.958371547218192,0.1577518153926528,-0.057899389817138915,17.104228504817815,25001000.0,26.905004887472817
G4778,90.19862171873336,23.96288229233685,0.1775727256283819,-0.0710282894210083,17.104228504817815,25001000.0,26.335285575577593
G4779,90.19852415458602,23.967393034431645,0.2310710485954973,-0.10673527114158521,17.104228504817815,25001000.0,25.649381030087806
G4780,90.1984265663667,23.971903773502103,0.2332937992865349,-0.1046734296980209,17.104228504817815,25001000.0,25.649381030087806
G4781,90.19832895407168,23.97641450954773,0.2375832088204884,-0.1050695981328313,17.104228504817815,25001000.0,25.643104796371258
G4782,90.1982313176972,23.98092524256805,0.249645203517883,-0.1347475902202176,17.104228504817815,25001000.0,25.48390927972654
G4783,90.19813365723958,23.98543597256259,0.25545929360472686,-0.1294969379110738,17.104228504817815,25001000.0,25.724394878802105
G4784,90.19803597269517,23.98994669953087,0.1948170191234567,-0.06994670470182571,17.104228504817815,25001000.0,26.4761034150194
G4785,90.19793826406018,23.994457423472408,0.1638709011441449,-0.04222178218198502,17.104228504817815,25001000.0,27.344931993761893
G4786,90.19784053133095,23.99896814438672,0.1847953353303454,-0.0629856891472508,17.104228504817815,25001000.0,26.756975400551237
G4787,90.1977427745038,24.003478862273347,0.23304487282132139,-0.10247227982397551,17.104228504817815,25001000.0,25.581311373359007
G4788,90.19804433959254,24.007283634454566,0.2104023549119086,-0.08626823697156731,16.824327000443162,25001000.0,26.015694487711908
G4812,90.20988512848618,23.590238847496767,0.262558733818708,-0.13173939930713952,17.104228504817815,25001000.0,25.65835722738924
G4813,90.21133424337314,23.5932294810827,0.21878248443570109,-0.1204176745569747,17.892429564545722,25001000.0,25.71380262690839
G4814,90.211339733439,23.597590221171068,0.1973690515941598,-0.12133235041440131,17.104228504817815,25001000.0,25.63507488256345
G4815,90.21124427397322,23.602101225469287,0.1957868835203595,-0.121365579448763,17.752737256853408,25001000.0,25.67510333759732
G4816,90.2111487907727,23.606612226783376,0.2283226615906352,-0.11590613882578,17.104228504817815,25001000.0,25.665163232023794
G4817,90.21105328383382,23.61112322511288,0.18315514636583669,-0.11211650109400441,17.08870510989587,25001000.0,25.663998437602288
G4818,90.210957753153,23.615634220457284,0.1820017879653564,-0.0897993522657476,17.104228504817815,25001000.0,25.878579398696672
G4819,90.21086219872666,23.620145212816123,0.24589989925935318,-0.1125270538642992,17.104228504817815,25001000.0,25.62618748803936
G4820,90.21076662055115,23.62465620218892,0.2498101069577475,-0.11524100350132181,17.104228504817815,25001000.0,25.683166395332634
G4821,90.21067101862292,23.629167188575163,0.2371990231617887,-0.102841119715756,17.104228504817815,25001000.0,25.623202607095642
G4822,90.21057539293832,23.63367817197441,0.2482398540856296,-0.11600550908295311,17.104228504817815,25001000.0,25.62618748803936
G4823,90.21047974349378,23.638189152386147,0.2383431899728097,-0.10430884498981431,17.104228504817815,25001000.0,25.643104796371258
G4824,90.21038407028566,23.642700129809903,0.21936445830422488,-0.0912676919232466,17.104228504817815,25001000.0,25.91959962211287
G4825,90.2102883733104,23.647211104245205,0.2344306499840671,-0.1006569001060779,17.104228504817815,25001000.0,25.77590901245869
G4826,90.21019265256432,23.651722075691563,0.26067842357542625,-0.1248665112340304,17.104228504817815,25001000.0,25.691610514952565
G4827,90.21009690804388,23.65623304414849,0.2463708102184841,-0.11590374744817361,17.104228504817815,25001000.0,25.62618748803936
G4828,90.21000113974544,23.660744009615502,0.2309486790910549,-0.09742349538554711,17.104228504817815,25001000.0,25.850091761389226
G4829,90.2099053476654,23.665254972092136,0.2319034964741129,-0.12064958223556711,17.104228504817815,25001000.0,25.646737828818686
G4830,90.20980953180012,23.66976593157788,0.25443269237526167,-0.1290467357650823,17.104228504817815,25001000.0,25.70313098826564
G4831,90.209713692146,23.674276888072285,0.25999564344367077,-0.1234025070284776,17.104228504817815,25001000.0,25.710769598183493
G4832,90.20961782869944,23.67878784157485,0.2964847799180966,-0.147119413058862,17.104228504817815,25001000.0,25.80903478192251
G4833,90.2095219414568,23.683298792085097,0.26088729587484527,-0.1287193465507202,17.104228504817815,25001000.0,25.706387479594138
G4834,90.20942603041448,23.68780973960254,0.24359322869149408,-0.1207699039054166,17.104228504817815,25001000.0,25.62902583861258
G4835,90.20933009556884,23.6923206841267,0.21091941584819418,-0.0800945662340885,17.104228504817815,25001000.0,26.263092170466933
G4836,90.2092341369163,23.6968316256571,0.2035792484493321,-0.06816352072511,17.104228504817815,25001000.0,26.507718436599724
G4837,90.20913815445316,23.701342564193247,0.26242694523317034,-0.12083170474847671,17.104228504817815,25001000.0,25.694478611031126
G4838,90.20904214817588,23.70585349973468,0.25800357982326544,-0.12406431986031911,17.104228504817815,25001000.0,25.71198279391978
G4839,90.2089461180808,23.71036443228089,0.25414970216391286,-0.10613906744236151,17.104228504817815,25001000.0,25.75506192056128
G4840,90.2088500641643,23.71487536183142,0.25001622218495256,-0.10274126351452721,17.104228504817815,25001000.0,25.784325062814577
G4841,90.20875398642276,23.719386288385778,0.2052844430597283,-0.0988913684539639,17.104228504817815,25001000.0,25.740019131050214
G4842,90.20816074264164,23.72323294598985,0.17959386766850738,-0.0887188510216418,17.104228504817815,25001000.0,25.91795657050174
G4866,90.2039300288997,23.831724467125955,0.18001436812231741,-0.06846747857195189,17.104228504817815,25001000.0,26.485811326347566
G4867,90.2065493636243,23.83758556407127,0.2755415720966434,-0.12415229650893411,17.104228504817815,25001000.0,25.849430391510356
G4868,90.20615086824914,23.8411801710422,0.27655014508481995,-0.1291236660296397,17.104228504817815,25001000.0,25.845048272921
G4869,90.20605412192909,23.84569101350842,0.27820132353250904,-0.1303626781038751,15.763088905205024,25001000.0,25.714355572561825
G4870,90.2059573516783,23.85020185296453,0.26287993077887434,-0.11009348580311461,17.104228504817815,25001000.0,25.846615073636514
G4871,90.20586055749312,23.854712689410054,0.23075776682229499,-0.10727601167110151,15.628248569070623,25001000.0,25.582547244608424
G4872,90.20576373936989,23.85922352284449,0.2003006350337429,-0.06043051921921951,17.104228504817815,25001000.0,26.88811665365581
G4873,90.20566689730492,23.86373435326737,0.2397942679380748,-0.1100916346195854,15.740895627894107,25001000.0,25.51992803466866
G4874,90.20557003129456,23.86824518067821,0.23412025722486998,-0.1026516166591066,17.104228504817815,25001000.0,25.623202607095642
G4875,90.20547314133518,23.872756005076543,0.22854634232220028,-0.09651574703229951,15.97341790953405,25001000.0,25.706699617320606
G4876,90.20537622742306,23.87726682646187,0.1924641655489956,-0.07109001158262801,17.104228504817815,25001000.0,26.325577664249426
G4877,90.20527928955453,23.88177764483373,0.2217528138432383,-0.1209866687634981,15.973312507689485,25001000.0,25.572358766389883
G4878,90.20518232772596,23.88628846019162,0.22005128577093389,-0.0948759133949872,17.104228504817815,25001000.0,25.899119263147114
G4879,90.20508534193364,23.89079927253508,0.26592961176530344,-0.16076824852815821,15.809544391747494,25001000.0,25.60400091777283
G4880,90.20498833217393,23.89531008186362,0.26018951226699516,-0.1542622262503184,17.104228504817815,25001000.0,25.68320671447757
G4881,90.2048912984431,23.89982088817677,0.22577972179347458,-0.10173007746564501,16.110715889331995,25001000.0,25.606722848757133
G4882,90.20479424073754,23.904331691474034,0.18295374737406478,-0.06306942920463131,17.104228504817815,25001000.0,26.756975400551237
G4883,90.20469715905354,23.90884249175495,0.1424504451213603,-0.033482456094464416,16.387519488706033,25001000.0,27.974089641982864
G4884,90.20460005338744,23.913353289019025,0.2170498360862423,-0.09521489699308541,17.104228504817815,25001000.0,25.812807981713288
G4885,90.20450292373552,23.917864083265787,0.1844958828820037,-0.0768799671754842,16.732308221100396,25001000.0,26.191501161525526
G4886,90.20440577009416,23.92237487449475,0.1342575225665962,-0.040759951036126015,17.104228504817815,25001000.0,27.294507075405726
G4887,90.20430859245964,23.926885662705445,0.2090102368643921,-0.07874607293951791,16.53432700044314,25001000.0,26.148040516406205
G4888,90.20421139082828,23.93139644789739,0.21856085718211038,-0.1001383482991542,17.104228504817815,25001000.0,25.729839101955104
G4889,90.2041141651964,23.935907230070093,0.1984582510213638,-0.09160502612021021,16.491271444887587,25001000.0,25.722320068302952
G4890,90.20401691556032,23.940418009223084,0.2363847331557307,-0.125347408228576,17.104228504817815,25001000.0,25.608740123401986
G4891,90.20391964191636,23.944928785355884,0.2216787665085814,-0.1059678082617666,16.423630483030223,25001000.0,25.570657141656177
G4892,90.2038223442608,23.949439558468026,0.1959629563734364,-0.10157593394694621,17.104228504817815,25001000.0,25.70807208248807
G4893,90.20372502258998,23.953950328559,0.1981390036054635,-0.09777660456541691,16.629660333776457,25001000.0,25.709782343513286
G4894,90.2036276769002,23.958461095628344,0.1968012419891797,-0.09774048301535651,17.104228504817815,25001000.0,25.740019131050214
G4895,90.20353030718778,23.962971859675587,0.21627322709279548,-0.0893802359158049,16.7435758267342,25001000.0,25.792044791742768
G4896,90.20343291344903,23.96748262070024,0.20864493903220588,-0.09616457223519151,17.104228504817815,25001000.0,25.806457551525188
G4897,90.20333549568024,23.971993378701832,0.2220819762820016,-0.10338543712330171,16.540993667109802,25001000.0,25.570657141656177
G4898,90.20323805387773,23.97650413367987,0.2113930991008555,-0.1020280353595903,17.104228504817815,25001000.0,25.671756418260784
G4899,90.20314058803775,23.981014885633886,0.1671877501080522,-0.05943186044319941,16.793215889332004,25001000.0,26.881130657178076
G4900,90.2030430981567,23.985525634563395,0.1881321799695849,-0.0721980075755918,17.104228504817815,25001000.0,26.325577664249426
G4901,90.20294558423082,23.990036380467927,0.159807606930392,-0.044155192441871514,16.746674418283504,25001000.0,27.180058614856883
G4902,90.2028480462564,23.99454712334699,0.17680923639788068,-0.05156644922082872,17.104228504817815,25001000.0,26.951639168896875
G4903,90.20275048422978,23.999057863200115,0.2307632839587706,-0.0964745232846514,16.859660333776475,25001000.0,25.85205034278226
G4904,90.20260087880472,24.00351094776033,0.2067362825751295,-0.0937379832513725,17.104228504817815,25001000.0,25.855998022789585
G4905,90.20183023869453,24.00777071209288,0.1923217744771415,-0.061224484732728714,17.104228504817815,25001000.0,26.878016825613557
G4930,90.2154540783695,23.59410187039196,0.2058257203309667,-0.10062048049296231,17.104228504817815,25001000.0,25.70807208248807
G4931,90.21623468138934,23.597678105430862,0.15833060598290538,-0.10746022568435601,17.104228504817815,25001000.0,25.249692078178004
G4932,90.2161393889558,23.602189128523754,0.17911437000831218,-0.11750793715324631,17.104228504817815,25001000.0,25.608169201341926
G4933,90.21604407282898,23.606700148633767,0.22433622993725108,-0.11503513369340321,17.104228504817815,25001000.0,25.665163232023794
G4934,90.21594873300528,23.611211165760423,0.212204065294849,-0.12477502301453901,17.104228504817815,25001000.0,25.622512494094227
G4935,90.21585336948117,23.615722179903244,0.2115803108360889,-0.12241318833429601,17.104228504817815,25001000.0,25.618061740467333
G4936,90.21575798225298,23.62023319106173,0.24484083415864838,-0.1151546071987619,16.941839438254107,25001000.0,25.587142750684762
G4937,90.21566257131715,23.624744199235423,0.25011942657346375,-0.1145581064340075,17.104228504817815,25001000.0,25.66503482291432
G4938,90.2155671366701,23.62925520442383,0.1982378816974239,-0.08730288884650891,17.009600632283963,25001000.0,25.91215855185328
G4939,90.2154716783082,23.633766206626472,0.20067773485724158,-0.09125254937652821,17.104228504817815,25001000.0,25.87647838175534
G4940,90.21537619622788,23.638277205842865,0.24351482637295188,-0.1118413291727235,16.713417909534,25001000.0,25.560841339960447
G4941,90.21528069042552,23.642788202072527,0.2274586494262608,-0.12643306488052353,17.104228504817815,25001000.0,25.630798559054522
G4942,90.2151851608975,23.647299195314968,0.2203852923815322,-0.1045918044055092,16.53311487923102,25001000.0,25.55324061144104
G4943,90.21508960764028,23.65181018556972,0.2444211853804634,-0.12281165411651021,17.104228504817815,25001000.0,25.615126482337256
G4944,90.21499403065016,23.6563211728363,0.2390780981560442,-0.12559543361477762,16.48038760650374,25001000.0,25.478472431212655
G4945,90.21489842992364,23.66083215711421,0.26230068780094834,-0.1108615071229007,17.104228504817815,25001000.0,25.820689821014128
G4946,90.21480280545704,23.665343138402992,0.1738009060779621,-0.0852082714565094,16.456751242867398,25001000.0,25.97173523554029
G4947,90.21470715724682,23.669854116702147,0.28115099268250715,-0.133269308014798,17.104228504817815,25001000.0,25.814461022909512
G4948,90.21461148528932,23.6743650920112,0.29080145535227286,-0.1535902458815452,15.179882555998718,25001000.0,25.771455381893357
G4949,90.21451578958091,23.678876064329664,0.2771104134788205,-0.13346770842497022,17.104228504817815,25001000.0,25.751742689816894
G4950,90.21442007011804,23.68338703365708,0.18548164331981848,-0.06405790382982601,15.426410333776488,25001000.0,26.445078193598878
G4951,90.21432432689708,23.68789799999292,0.1957655014913832,-0.0757438392503484,17.104228504817815,25001000.0,26.325577664249426
G4952,90.2142285599144,23.692408963336742,0.2175598504459114,-0.0856294850599248,15.737660333776462,25001000.0,26.061959254057907
G4953,90.21413276916635,23.696919923688064,0.2605894933306416,-0.1106308233646206,17.104228504817815,25001000.0,25.787692055653302
G4954,90.2140369546494,23.70143088104638,0.256671572346113,-0.1026552972705001,16.04258787000836,25001000.0,25.86984612643746
G4955,90.21394111635988,23.70594183541123,0.2263869583093717,-0.0826794895495635,17.104228504817815,25001000.0,26.36590772223259
G4956,90.2138452542942,23.71045278678213,0.16279732601544158,-0.07702009439095331,16.188231762347897,25001000.0,26.02241812746629
G4957,90.2133251513694,23.71474588990628,0.17386875248152808,-0.09177757870994051,17.104228504817815,25001000.0,25.813949075997517
G4958,90.21225643178995,23.71900383359612,0.19941650512093959,-0.09150276943261061,17.104228504817815,25001000.0,25.87647838175534
G4959,90.21136722017556,23.72190917062776,0.25754253682197026,-0.1094351394933906,17.104228504817815,25001000.0,25.761828864222696
G4984,90.20973514265292,23.838253831000348,0.2426071930266178,-0.09562463998421501,17.104228504817815,25001000.0,25.89058595711118
G4985,90.210998944857,23.841327202315505,0.27409030738004747,-0.12568534327022382,17.104228504817815,25001000.0,25.83027130827943
G4986,90.210958318409,23.84577993333512,0.26525516601428956,-0.12315858567058831,15.825776275805454,25001000.0,25.521076724752785
G4987,90.210861717481,23.850290791654967,0.25769348294928435,-0.12492521160751761,17.104228504817815,25001000.0,25.692823710688852
G4988,90.2107650926604,23.8548016469655,0.25168918394200507,-0.12060677038352931,17.104228504817815,25001000.0,25.676595606426684
G4989,90.21066844394358,23.859312499266217,0.1891487348803791,-0.04939539717319901,17.104228504817815,25001000.0,27.0591200636972
G4990,90.21057177132684,23.86382334855664,0.2134572948216896,-0.0782434156947759,17.104228504817815,25001000.0,26.379864906911237
G4991,90.2104750748066,23.8683341948363,0.22055988241888788,-0.08872893699270831,17.104228504817815,25001000.0,26.01807513635324
G4992,90.21037835437916,23.8728450381047,0.2275660907756761,-0.102467200327438,17.104228504817815,25001000.0,25.597093575294995
G4993,90.2102816100408,23.87735587836138,0.19513151829969938,-0.08243524327049581,17.104228504817815,25001000.0,26.19903289716122
G4994,90.21018484178796,23.881866715605845,0.2280707730419631,-0.11021637853073571,17.104228504817815,25001000.0,25.665163232023794
G4995,90.21008804961689,23.88637754983762,0.27016885136621255,-0.137007240603039,17.104228504817815,25001000.0,25.639906559559137
G4996,90.20999123352398,23.89088838105624,0.1976703388452939,-0.07740908932569161,17.104228504817815,25001000.0,26.28680625999616
G4997,90.20989439350552,23.8953992092612,0.2077959391910412,-0.0815851252729106,17.104228504817815,25001000.0,26.263092170466933
G4998,90.20979752955787,23.899910034452027,0.196425699568104,-0.0925151761097952,17.104228504817815,25001000.0,25.855998022789585
G4999,90.20970064167736,23.904420856628263,0.1786598052834279,-0.05606935565940841,17.104228504817815,25001000.0,26.92937247426043
G5000,90.20960372986032,23.90893167578941,0.13748956423393338,-0.027185013860001713,17.104228504817815,25001000.0,27.619127221333706
G5001,90.2095067941031,23.913442491934983,0.1632473269030443,-0.0632865300016559,17.104228504817815,25001000.0,26.732607813763625
G5002,90.20940983440197,23.91795330506452,0.10141500974087109,-0.022292928663472513,17.104228504817815,25001000.0,27.814786783181056
G5003,90.20931285075328,23.922464115177533,0.11723346251162899,-0.027660162573593515,17.104228504817815,25001000.0,27.61125184516945
G5004,90.2092158431534,23.926974922273537,0.1684593004050102,-0.05390480254616772,17.104228504817815,25001000.0,26.927892658031116
G5005,90.2091188115986,23.931485726352065,0.22603389371626578,-0.1166710662779421,17.104228504817815,25001000.0,25.665163232023794
G5006,90.2090217560852,23.93599652741263,0.2073156200535137,-0.0977012523382134,17.104228504817815,25001000.0,25.740019131050214
G5007,90.20892467660954,23.94050732545476,0.1966917166858474,-0.1038153806916461,17.104228504817815,25001000.0,25.65429052627412
G5008,90.20882757316797,23.945018120477968,0.20943397426463609,-0.10139884100054461,17.104228504817815,25001000.0,25.70807208248807
G5009,90.20873044575676,23.94952891248177,0.22111670827782728,-0.09089395536722851,17.104228504817815,25001000.0,25.91959962211287
G5010,90.20863329437223,23.954039701465707,0.1916656960715939,-0.07211003223681911,17.104228504817815,25001000.0,26.325577664249426
G5011,90.20853611901074,23.958550487429285,0.22715101770018528,-0.1076382400261725,17.104228504817815,25001000.0,25.665163232023794
G5012,90.20843891966858,23.96306127037203,0.2224440733302936,-0.10346246658213931,17.104228504817815,25001000.0,25.693833903358776
G5013,90.20834169634205,23.96757205029345,0.22458500257356148,-0.1157455227190928,17.104228504817815,25001000.0,25.665163232023794
G5014,90.20824444902748,23.972082827193105,0.22022819342395009,-0.1010721783513601,17.104228504817815,25001000.0,25.730198929357588
G5015,90.20814717772116,23.97659360107047,0.2128512178164391,-0.08656323110475081,17.104228504817815,25001000.0,26.126707445655153
G5016,90.20804988241946,23.98110437192509,0.18682128904230108,-0.0742748227967407,17.104228504817815,25001000.0,26.325577664249426
G5017,90.20795256311862,23.98561513975648,0.2133922718430352,-0.10397063381777791,17.104228504817815,25001000.0,25.65429052627412
G5018,90.207855219815,23.99012590456417,0.1977084324105142,-0.08199210437414581,17.104228504817815,25001000.0,26.19903289716122
G5019,90.20775785250484,23.99463666634767,0.20548481475300198,-0.06564061387763791,17.104228504817815,25001000.0,26.698630320924895
G5020,90.2076604611845,23.999147425106504,0.23454404373023738,-0.1055298642046404,17.104228504817815,25001000.0,25.643104796371258
G5021,90.20759744423644,24.00362263427009,0.24054623467406588,-0.13400249286238422,17.104228504817815,25001000.0,25.63366608822454
G5022,90.20898856564288,24.007626247072423,0.25756712175111857,-0.15798421673931481,17.104228504817815,25001000.0,25.633338738237537
G5047,90.21972578236397,23.59521866493342,0.2317548058102617,-0.11375731070463331,17.104228504817815,25001000.0,25.649381030087806
G5048,90.22055623381291,23.597979593652585,0.1963397065087923,-0.1181199266749299,17.104228504817815,25001000.0,25.665166526835897
G5049,90.22103452763164,23.60227687757224,0.2103189443314624,-0.120608468939916,17.348910333776445,25001000.0,25.63507488256345
G5050,90.22093937858212,23.606787916445256,0.23887882663981738,-0.1084480491542238,17.104228504817815,25001000.0,25.643104796371258
G5051,90.2208442058772,23.61129895233617,0.2197596471128322,-0.08790975022361201,16.71978154589769,25001000.0,25.974328649675968
G5052,90.22074900951336,23.61580998524449,0.2167238066266069,-0.10860693215950791,17.104228504817815,25001000.0,25.620949503842382
G5053,90.22065378948696,23.62032101516973,0.2443876960269015,-0.1112710325146458,16.656466303925725,25001000.0,25.560841339960447
G5054,90.2205585457944,23.6248320421114,0.23545042078708228,-0.1018324377141061,17.104228504817815,25001000.0,25.750546976812842
G5055,90.22046327843212,23.629343066069048,0.18334574775790238,-0.09676281663990721,16.923630483030223,25001000.0,25.724675525065184
G5056,90.22036798739651,23.633854087042167,0.17884375654028278,-0.0763232250604874,17.104228504817815,25001000.0,26.30644199374155
G5057,90.220272672684,23.638365105030285,0.22780190290418048,-0.11663625556286021,16.788872454988592,25001000.0,25.68185740994174
G5058,90.22017733429098,23.642876120032927,0.21211575340706068,-0.1191143620559011,17.104228504817815,25001000.0,25.63507488256345
G5059,90.22008197221383,23.64738713204959,0.2428297973394649,-0.1409630354846107,16.60012187223802,25001000.0,25.54745639660091
G5060,90.21998658644902,23.65189814107981,0.23291275595294428,-0.10931999907955671,17.104228504817815,25001000.0,25.649381030087806
G5061,90.2198911769929,23.65640914712312,0.23527884774298838,-0.12377699984071451,16.53372093983708,25001000.0,25.50906727093314
G5062,90.2197957438419,23.660920150178985,0.21466034562208788,-0.11444604588116851,17.104228504817815,25001000.0,25.620949503842382
G5063,90.2197002869924,23.665431150246985,0.1576967578798621,-0.053616294062380714,17.104228504817815,25001000.0,26.927892658031116
G5064,90.21960480644078,23.669942147326605,0.23743152739258,-0.0898455945770803,17.104228504817815,25001000.0,26.10434718842517
G5065,90.21950930218348,23.67445314141737,0.2308074854269031,-0.0974866373517248,17.104228504817815,25001000.0,25.850091761389226
G5066,90.21941377421687,23.6789641325188,0.2207374618734393,-0.09019773427883641,17.104228504817815,25001000.0,25.93402121804348
G5067,90.21931822253738,23.68347512063042,0.2493779307061308,-0.10424234739995901,17.104228504817815,25001000.0,25.80382880663849
G5068,90.21922264714136,23.687986105751737,0.2337373309999793,-0.09095706541959911,17.104228504817815,25001000.0,26.043637198552336
G5069,90.21912704802524,23.69249708788228,0.2347114201830983,-0.10220206573643761,17.104228504817815,25001000.0,25.739593348231406
G5070,90.2190314251854,23.69700806702156,0.26487572392835834,-0.1098349744628551,17.104228504817815,25001000.0,25.846615073636514
G5071,90.2189357786182,23.701519043169093,0.2080358461456164,-0.07355499026609151,17.104228504817815,25001000.0,26.418636311164505
G5072,90.21884010832008,23.706030016324416,0.1890551042772048,-0.0890898368533404,17.104228504817815,25001000.0,25.97495389599571
G5073,90.21832882938251,23.70996661048022,0.2398696359688056,-0.08599181420882511,17.104228504817815,25001000.0,26.31355775154333
G5074,90.2164823158839,23.71304198586661,0.27242915448249266,-0.1328199489874092,17.104228504817815,25001000.0,25.800933066620235
G5080,90.22018348884671,23.74394926548659,0.29839358545045946,-0.1270586832327095,17.104228504817815,25001000.0,25.932715884395346
G5081,90.21973155314944,23.74694906833553,0.28616833902101607,-0.1315444811147895,17.104228504817815,25001000.0,25.863651399712854
G5082,90.21966261502844,23.750364458945786,0.33476411258860367,-0.1656264889270309,17.104228504817815,25001000.0,25.679636868020996
G5102,90.21591334865352,23.841847050692017,0.26457297902720217,-0.1212336936056876,17.104228504817815,25001000.0,25.694478611031126
G5103,90.21586253877786,23.845868697375785,0.26541448277252266,-0.1260583060364096,17.104228504817815,25001000.0,25.705104319230234
G5104,90.21576610717626,23.850379574526364,0.26143731039562756,-0.11935167176677661,17.104228504817815,25001000.0,25.69839365693526
G5105,90.2156696517239,23.85489044866888,0.2246010304292564,-0.103405880092369,15.714130922011718,25001000.0,25.562297350522204
G5106,90.21557317241714,23.85940131980284,0.1830670253205746,-0.0666776467244307,17.104228504817815,25001000.0,26.5222804860835
G5107,90.21547666925234,23.86391218792778,0.23310767308008928,-0.1061158877223239,15.646189745541195,25001000.0,25.582547244608424
G5108,90.21538014222584,23.86842305304321,0.2442227900281845,-0.1132629233325029,17.104228504817815,25001000.0,25.643104796371258
G5109,90.21528359133396,23.87293391514866,0.2501146698474342,-0.1436988623660449,15.829719157305846,25001000.0,25.65409161370426
G5110,90.2151870165731,23.87744477424365,0.2155222550680262,-0.10755323426937831,17.104228504817815,25001000.0,25.620949503842382
G5111,90.21509041793956,23.88195563032769,0.24938804448157958,-0.1526564500786548,15.837080623631522,25001000.0,25.65409161370426
G5112,90.21499379542968,23.88646648340031,0.25518507753363306,-0.14003300682227052,17.104228504817815,25001000.0,25.662344955495094
G5113,90.21489714903984,23.89097733346103,0.2350138067349287,-0.12590482437739361,15.79825734870181,25001000.0,25.489908187702213
G5114,90.21480047876634,23.895488180509368,0.159308377115736,-0.05610369575889961,17.104228504817815,25001000.0,26.905004887472817
G5115,90.21470378460552,23.89999902454484,0.1958312741782434,-0.0729663118468484,16.153493667109814,25001000.0,26.080512385475345
G5116,90.21460706655375,23.904509865566983,0.1256259017333884,-0.030908515579891414,17.104228504817815,25001000.0,27.488207682258672
G5117,90.21451032460736,23.909020703575308,0.1169213633345531,-0.018471933867546014,17.16809511638516,25001000.0,27.962737585530956
G5118,90.21441355876264,23.91353153856933,0.1369758853354564,-0.04289260817874151,17.104228504817815,25001000.0,27.287594819779795
G5119,90.21431676901597,23.918042370548584,0.11682335318872769,-0.020892639133278212,16.732308221100396,25001000.0,27.800824591644346
G5120,90.21421995536365,23.922553199512578,0.1646884630105672,-0.062151513271399415,17.104228504817815,25001000.0,26.732607813763625
G5121,90.21412311780205,23.92706402546084,0.22681923811391488,-0.10781150042569841,16.790993667109802,25001000.0,25.68185740994174
G5122,90.21402625632749,23.931574848392888,0.21314738806785039,-0.1196716625836553,17.104228504817815,25001000.0,25.63507488256345
G5123,90.21392937093624,23.93608566830825,0.2145344509609693,-0.11657928684333271,16.696838415968244,25001000.0,25.538686047431572
G5124,90.21383246162472,23.94059648520644,0.17423744512619538,-0.06142991462438652,17.104228504817815,25001000.0,26.878016825613557
G5125,90.21373552838918,23.94510729908698,0.222039423421881,-0.1132992007395434,16.579660333776502,25001000.0,25.548585300661134
G5126,90.213638571226,23.9496181099494,0.23114479940929938,-0.11398718517217131,17.104228504817815,25001000.0,25.649381030087806
G5127,90.21354159013148,23.954128917793213,0.2151659052067616,-0.0998814506898612,16.731181460537044,25001000.0,25.592284626700852
G5128,90.21344458510194,23.958639722617946,0.1973018773731347,-0.10473588358749131,17.104228504817815,25001000.0,25.65429052627412
G5129,90.21334755613373,23.96315052442311,0.19780233521645718,-0.090067069409414,16.927519488706054,25001000.0,25.834937931999455
G5130,90.21325050322312,23.96766132320824,0.2006593107571164,-0.0911769984976318,17.104228504817815,25001000.0,25.87647838175534
G5131,90.21315342636646,23.972172118972843,0.2162387369884001,-0.10611182708215801,16.88423567624224,25001000.0,25.552047713713982
G5132,90.21305632556007,23.97668291171645,0.17691726834967508,-0.095785647456662,17.104228504817815,25001000.0,25.73671829579118
G5133,90.21295920080026,23.981193701438595,0.1771663890540851,-0.0834214911788364,17.16516033377647,25001000.0,26.186712318171942
G5134,90.21286205208334,23.985704488138776,0.17038252874606058,-0.08099780320748161,17.104228504817815,25001000.0,26.16234473138433
G5135,90.21276487940564,23.990215271816528,0.20178577974959638,-0.0938751911456382,17.114417090533237,25001000.0,25.855998022789585
G5136,90.21266768276348,23.99472605247137,0.19842645860414598,-0.09454158385221631,17.104228504817815,25001000.0,25.855998022789585
G5137,90.21257046215314,23.999236830102824,0.20439481197601708,-0.08668411559852851,16.99053704610523,25001000.0,25.948064417348107
G5138,90.21241119305922,24.003681410459148,0.2170404213271829,-0.0943808105264417,17.104228504817815,25001000.0,25.8498409771693
G5139,90.21129731870164,24.007528906432487,0.2128730033992192,-0.0825632096962994,17.104228504817815,25001000.0,26.263092170466933
G5165,90.22370655160496,23.599955725015384,0.1444057337115297,-0.11216375817482141,17.104228504817815,25001000.0,24.805366527783427
G5166,90.22453439051058,23.6023719054143,0.2348492252651786,-0.1110970667655025,17.104228504817815,25001000.0,25.643104796371258
G5167,90.22430070879578,23.60706376223822,0.2231957085792998,-0.09349354810397931,17.104228504817815,25001000.0,25.91653579336225
G5168,90.22466209627208,23.61137459811213,0.2371111080168054,-0.10851006033403761,17.104228504817815,25001000.0,25.643104796371258
G5169,90.22546809484932,23.616047720255104,0.21577885451944498,-0.08963142765710401,17.104228504817815,25001000.0,25.874131397695763
G5170,90.22554962038706,23.620408685137097,0.2428183241284887,-0.11045450604922241,17.104228504817815,25001000.0,25.643104796371258
G5171,90.22545454394135,23.62491973081385,0.2373791234578725,-0.1072424802579147,17.104228504817815,25001000.0,25.643104796371258
G5172,90.22535944386746,23.629430773507806,0.20314913752011418,-0.1146663637108518,17.104228504817815,25001000.0,25.65429052627412
G5173,90.22526432016174,23.63394181321849,0.1848708974154174,-0.099534678019618,17.104228504817815,25001000.0,25.707712255085585
G5174,90.22516917282064,23.638452849945416,0.20716248949629598,-0.1022582487282397,17.104228504817815,25001000.0,25.671756418260784
G5175,90.22507400184055,23.642963883688108,0.2085772665496197,-0.10197937194210431,17.104228504817815,25001000.0,25.671756418260784
G5176,90.22497880721792,23.64747491444607,0.23113637386404118,-0.1419982992600971,17.104228504817815,25001000.0,25.699795929785285
G5177,90.2248835889491,23.65198594221884,0.2331456205914507,-0.1027113283626781,17.104228504817815,25001000.0,25.623202607095642
G5178,90.22478834703054,23.65649696700592,0.2357285661440087,-0.0994091936991671,17.104228504817815,25001000.0,25.78499004620676
G5179,90.22469308145864,23.661007988806823,0.18415135679910108,-0.1085976661850518,17.104228504817815,25001000.0,25.65429052627412
G5180,90.2245977922298,23.665519007621107,0.11071892062272619,-0.0888795645838563,16.818854363627196,25001000.0,24.98844956874046
G5181,90.22450247934044,23.67003002344825,0.25467782127820476,-0.08499833965391401,17.104228504817815,25001000.0,26.485481760272073
G5182,90.22440714278696,23.674541036287792,0.20856489215139298,-0.0707242476983944,15.204009540125668,25001000.0,26.09389049883226
G5183,90.22431178256576,23.679052046139248,0.20272878288672358,-0.06468282763101851,17.104228504817815,25001000.0,26.662687391538466
G5184,90.22421639867324,23.68356305300213,0.2378465870783058,-0.08822834464865731,15.344535333776461,25001000.0,26.419943056318193
G5185,90.2241209911058,23.68807405687597,0.2523510596021732,-0.11190235815485891,17.104228504817815,25001000.0,25.69389363027548
G5186,90.22402555985984,23.692585057760272,0.225449822070762,-0.09248328109811271,15.776189745541188,25001000.0,25.8292611789419
G5187,90.22393010493174,23.697096055654576,0.25215340665584157,-0.10372713067862141,17.104228504817815,25001000.0,25.804227252090193
G5188,90.22383462631794,23.70160705055838,0.2045300804422855,-0.09622565551147891,16.198529898993883,25001000.0,25.660904608112137
G5189,90.2237391240148,23.70611804247121,0.26465951088657497,-0.10956669910455481,17.104228504817815,25001000.0,25.846615073636514
G5190,90.22326410249374,23.709062936834417,0.2567060292989541,-0.10493947815609361,17.104228504817815,25001000.0,25.87042667163907
G5196,90.22457947983357,23.739333551082183,0.27413594812537334,-0.12568425031757402,17.104228504817815,25001000.0,25.83027130827943
G5197,90.22326992699712,23.74242595606749,0.26817680955629436,-0.1213589514059272,17.104228504817815,25001000.0,25.70001548812024
G5198,90.2228785366717,23.74671683501376,0.27054192929475096,-0.1237788566527596,15.724906710588044,25001000.0,25.750909336011592
G5199,90.22280438742396,23.75120858157726,0.28788413429877835,-0.1313745355647459,17.104228504817815,25001000.0,25.863651399712854
G5200,90.22386664029808,23.75507313749654,0.28466960740785685,-0.124350475148603,17.104228504817815,25001000.0,25.912148724602975
G5201,90.22493683543809,23.758348017246764,0.235539775259305,-0.06867011477176811,17.104228504817815,25001000.0,26.69677292315292
G5218,90.22277674086634,23.838645584906505,0.3065215132306108,-0.1448701484960761,17.104228504817815,25001000.0,25.80903478192251
G5219,90.22098602103402,23.8416157661113,0.2435965832030578,-0.08903126727593981,17.104228504817815,25001000.0,26.256027387733234
G5220,90.2207667829938,23.8459573056274,0.27235631580037584,-0.1221820993177439,15.88075892532575,25001000.0,25.765814635998996
G5221,90.22067052072228,23.85046820157567,0.2352808602297421,-0.11254822816310561,17.104228504817815,25001000.0,25.643104796371258
G5222,90.2205742346418,23.854979094517144,0.192141913403823,-0.0987453316202444,15.81318272183617,25001000.0,25.587774374215964
G5223,90.22047792474876,23.85948998445133,0.22326656372243608,-0.1013389806043584,17.104228504817815,25001000.0,25.747615459572724
G5224,90.22038159103953,23.86400087137775,0.25018927135203617,-0.13144661606544691,15.673481229298858,25001000.0,25.571178506009097
G5225,90.2202852335104,23.86851175529593,0.19291694519795338,-0.05038783554564272,17.104228504817815,25001000.0,27.00173173142602
G5226,90.22018885215782,23.873022636205384,0.1736131291247836,-0.05723014578667531,15.725123020343602,25001000.0,26.77063439968592
G5227,90.22009244697804,23.877533514105643,0.2002887654860538,-0.07813911792983831,17.104228504817815,25001000.0,26.28680625999616
G5228,90.21999601796747,23.88204438899622,0.26450866494228487,-0.15443741287515722,15.797660333776461,25001000.0,25.63767323956735
G5229,90.21989956512246,23.886555260876644,0.25719762486236636,-0.131161731170996,17.104228504817815,25001000.0,25.68027967250134
G5230,90.21980308843932,23.89106612974642,0.2377060039081888,-0.1110283389241181,17.104228504817815,25001000.0,25.643104796371258
G5231,90.21970658791444,23.89557699560509,0.23992787164966559,-0.12078222802011321,17.104228504817815,25001000.0,25.62902583861258
G5232,90.21961006354414,23.90008785845216,0.19770398120716529,-0.06949021051117181,17.104228504817815,25001000.0,26.4761034150194
G5233,90.21951351532476,23.90459871828716,0.14058695304077148,-0.024245185365249913,17.104228504817815,25001000.0,27.755269687711657
G5234,90.21941694325264,23.909109575109603,0.14965396310280749,-0.04529072275438691,17.104228504817815,25001000.0,27.160376036870183
G5235,90.21932034732411,23.913620428919018,0.12547519744461,-0.04866706360194741,17.104228504817815,25001000.0,26.825099856530652
G5236,90.21922372753556,23.91813127971493,0.15481202888947418,-0.04944988005076022,17.104228504817815,25001000.0,27.0591200636972
G5237,90.21912708388332,23.92264212749685,0.1974346942941059,-0.08476828237756061,17.104228504817815,25001000.0,26.132682147718103
G5238,90.21903041636364,23.9271529722643,0.2221379301617632,-0.10531559593317491,17.104228504817815,25001000.0,25.693833903358776
G5239,90.21893372497298,23.93166381401681,0.2022244683981983,-0.08771131875479411,17.104228504817815,25001000.0,26.05835732843494
G5240,90.2188370097076,23.9361746527539,0.19313632004264128,-0.0704948632926117,17.104228504817815,25001000.0,26.393980904621397
G5241,90.21874027056386,23.94068548847509,0.15428046959127198,-0.04842327268701131,17.104228504817815,25001000.0,27.076000333291525
G5242,90.21864350753808,23.945196321179896,0.204208510571855,-0.08684566880630491,17.104228504817815,25001000.0,26.05835732843494
G5243,90.2185467206266,23.94970715086785,0.2244200772366178,-0.10107905741040771,17.104228504817815,25001000.0,25.749305044863707
G5244,90.21844990982574,23.954217977538462,0.2465696898651562,-0.11848086115208481,17.104228504817815,25001000.0,25.612108530280683
G5245,90.21835307513184,23.958728801191267,0.2255442579323655,-0.1237091160039615,17.104228504817815,25001000.0,25.64995764228545
G5246,90.21825621654123,23.96323962182578,0.1898823161241559,-0.093117724411793,17.104228504817815,25001000.0,25.855998022789585
G5247,90.21815933405024,23.96775043944152,0.1808699175245794,-0.09117116128133251,17.104228504817815,25001000.0,25.81948105626137
G5248,90.21806242765516,23.972261254038013,0.1795428066763681,-0.0948149227046309,17.104228504817815,25001000.0,25.799000697295615
G5249,90.21796549735237,23.97677206561477,0.1541214631136366,-0.0700727625457716,17.104228504817815,25001000.0,26.343276662333103
G5250,90.21786854313817,23.981282874171345,0.1809607924156563,-0.0738095337181847,17.104228504817815,25001000.0,26.335285575577593
G5251,90.21777156500886,23.985793679707225,0.1736043297098636,-0.053543911615393514,17.104228504817815,25001000.0,26.927892658031116
G5252,90.21767456296078,23.99030448222196,0.1785510695548902,-0.0912384873552353,17.104228504817815,25001000.0,25.81948105626137
G5253,90.21757753699026,23.994815281715034,0.16915153082908088,-0.07390817431469521,17.104228504817815,25001000.0,26.31091798878998
G5254,90.2174804870936,23.999326078186005,0.2095222849962262,-0.0900799288899384,17.104228504817815,25001000.0,25.89089997768595
G5255,90.217515137527,24.00367126208018,0.1904583785429504,-0.0937497056044332,17.104228504817815,25001000.0,25.855998022789585
G5256,90.21880537212532,24.006864292255347,0.21134367204408738,-0.08081903830960081,17.104228504817815,25001000.0,26.263092170466933
G5286,90.22936218744118,23.61737697633351,0.22095555318459398,-0.10422441836186351,17.104228504817815,25001000.0,25.67641737314364
G5287,90.23038873633936,23.620548816230023,0.25719147100128675,-0.11389559426221241,16.365421527806316,25001000.0,25.641261114124582
G5288,90.23035056571656,23.625007265339768,0.26054444608597926,-0.11866586036983391,17.104228504817815,25001000.0,25.7052004142344
G5289,90.2302556329346,23.629518326737124,0.2129759675177449,-0.10514807601998771,16.780346900940657,25001000.0,25.572203920321126
G5290,90.23016067656238,23.63402938515245,0.1895685293138589,-0.11358254231730801,17.104228504817815,25001000.0,25.65429052627412
G5291,90.23006569659626,23.638540440585256,0.2006953871818433,-0.0893892255914071,16.796448212564343,25001000.0,25.779887019742706
G5292,90.22997069303273,23.64305149303508,0.2063950624818439,-0.08726541735658601,17.104228504817815,25001000.0,26.05835732843494
G5293,90.22987566586812,23.647562542501404,0.1679725491433389,-0.086812767375587,16.702739698855822,25001000.0,25.790189757905196
G5294,90.22978061509892,23.652073588983782,0.1853912206747457,-0.0816439253483036,17.104228504817815,25001000.0,26.19903289716122
G5295,90.2296855407215,23.65658463248172,0.20553335069597778,-0.1090989929833938,16.68585705508795,25001000.0,25.57202706986331
G5296,90.22959044273232,23.66109567299473,0.224713817206034,-0.0994656904501167,17.104228504817815,25001000.0,25.748945217461223
G5297,90.22949532112776,23.66560671052236,0.19410725928838649,-0.08921326271109331,16.803417909534033,25001000.0,25.863940938052465
G5298,90.22940017590425,23.670117745064093,0.2338706352872941,-0.10056155143444981,17.104228504817815,25001000.0,25.667817786790827
G5299,90.22930500705816,23.674628776619468,0.27142705823998925,-0.10777337858604771,14.870358746474864,25001000.0,25.862362099554456
G5300,90.22920981458594,23.679139805188,0.25434495511947897,-0.08965376505363981,17.104228504817815,25001000.0,26.24101155051756
G5301,90.229114598484,23.683650830769217,0.23840818559094828,-0.08216525363906821,15.209222833776465,25001000.0,26.465186201880723
G5302,90.22901935874872,23.68816185336262,0.231924966847645,-0.0818596215581161,17.104228504817815,25001000.0,26.381502838432624
G5303,90.22892409537651,23.692672872967748,0.25298990313329406,-0.09827586553107921,15.522366216129427,25001000.0,26.083314734786455
G5304,90.22882880836382,23.69718388958411,0.27440700841329446,-0.1154911230874803,17.104228504817815,25001000.0,25.9380440068109
G5305,90.228733497707,23.701694903211223,0.2179465203214599,-0.10725865757949361,17.104228504817815,25001000.0,25.67641737314364
G5306,90.22863816340248,23.706205913848624,0.2602865683198259,-0.10953398736879871,17.104228504817815,25001000.0,25.787692055653302
G5307,90.2290069794692,23.70952793988628,0.2418685321008832,-0.0954622832157474,17.104228504817815,25001000.0,25.966930912564777
G5313,90.22814435548554,23.73874622500914,0.28045208529158855,-0.11452292325076871,17.104228504817815,25001000.0,26.07973838601843
G5314,90.22787463721664,23.742293891260125,0.2739832263857215,-0.1098783572945034,17.104228504817815,25001000.0,25.94811275144639
G5315,90.22777908992065,23.7468048749684,0.27079030770639667,-0.112761535507457,17.104228504817815,25001000.0,25.947711543795993
G5316,90.22768351894088,23.751315855682165,0.26668591480091525,-0.11265066468277471,17.104228504817815,25001000.0,25.79190529493708
G5317,90.22758792427378,23.75582683340092,0.2674635846341641,-0.10573044746935911,17.104228504817815,25001000.0,26.01007029150293
G5318,90.22762885290642,23.76029376620509,0.265397770108484,-0.105458435181371,17.104228504817815,25001000.0,26.007471666373256
G5319,90.22817082485552,23.764483429462985,0.2425472322512885,-0.08867848019295961,17.104228504817815,25001000.0,26.256027387733234
G5320,90.22929323560888,23.767820753071653,0.2421818353195551,-0.10509514335627351,17.104228504817815,25001000.0,25.643104796371258
G5335,90.22616413232606,23.837586586604075,0.30502630176559264,-0.1442097579827923,17.104228504817815,25001000.0,25.80903478192251
G5336,90.2257671201894,23.841534840368908,0.2827780233979509,-0.1349145021744117,17.104228504817815,25001000.0,25.67388756439047
G5337,90.22567105101504,23.846045758086923,0.26120987465407824,-0.11142173892938391,17.104228504817815,25001000.0,25.76235528048414
G5338,90.2255749580772,23.85055667279987,0.25790358497431476,-0.128859882091342,17.104228504817815,25001000.0,25.707600675330426
G5339,90.22547884137228,23.855067584507267,0.2437755723473165,-0.1188651150949164,17.104228504817815,25001000.0,25.62902583861258
G5340,90.2253827008966,23.85957849320864,0.26233860118945157,-0.1499020114094697,17.104228504817815,25001000.0,25.68320671447757
G5341,90.22528653664656,23.86408939890352,0.23695159854903988,-0.1300135817944596,17.104228504817815,25001000.0,25.62351708804356
G5342,90.22519034861853,23.86860030159141,0.1969032400573178,-0.06339600727065321,17.104228504817815,25001000.0,26.76707522859349
G5343,90.2250941368088,23.87311120127184,0.1780921839132312,-0.044853744518688315,17.104228504817815,25001000.0,27.230828617807333
G5344,90.22499790121384,23.877622097944325,0.23675132607205668,-0.11027272262393151,17.104228504817815,25001000.0,25.643104796371258
G5345,90.22490164182987,23.8821329916084,0.21449104593598708,-0.097405795787631,17.104228504817815,25001000.0,25.706678108618476
G5346,90.22480535865336,23.88664388226357,0.2274768006373524,-0.091855538626193,17.104228504817815,25001000.0,25.954094513168805
G5347,90.2247090516806,23.89115476990937,0.27294578459882207,-0.15129145685971382,16.055970192931426,25001000.0,25.755937640890878
G5348,90.22461272090796,23.89566565454532,0.2416692499732164,-0.1226721538088773,17.104228504817815,25001000.0,25.615126482337256
G5349,90.2245163663318,23.90017653617093,0.21750392974775118,-0.08723167824140651,16.320160333776442,25001000.0,25.955190183049357
G5350,90.22441998794848,23.90468741478574,0.1651604738587971,-0.05598160232828221,17.104228504817815,25001000.0,26.905004887472817
G5351,90.22432358575432,23.90919829038926,0.15708267639114679,-0.052232871223284516,17.515946048062148,25001000.0,26.991667623930745
G5352,90.22422715974568,23.913709162981007,0.1508648942190095,-0.053692834957029915,17.104228504817815,25001000.0,26.808930821279375
G5353,90.2241307099189,23.91822003256052,0.15221277221017698,-0.04737872448461451,17.227801178846875,25001000.0,26.697213606281533
G5354,90.22403423627034,23.922730899127306,0.1666866455669544,-0.07475434069308591,17.104228504817815,25001000.0,26.287988828916184
G5355,90.22393773879632,23.92724176268089,0.1936615723999455,-0.09781319498139761,17.12916718309154,25001000.0,25.740019131050214
G5356,90.2238412174932,23.931752623220785,0.22696994984300808,-0.1032734583056923,17.104228504817815,25001000.0,25.665163232023794
G5357,90.22374467235733,23.936263480746536,0.21146597917504178,-0.0825147496843262,16.954957631073768,25001000.0,26.207130124780438
G5358,90.22364810338505,23.94077433525765,0.1696837060302974,-0.0742326168104028,17.104228504817815,25001000.0,26.31091798878998
G5359,90.22355151057266,23.94528518675365,0.17770717374868358,-0.10560189466477371,16.7309936671098,25001000.0,25.515206594827156
G5360,90.22345489391655,23.949796035234066,0.2481279291432147,-0.1194650469325557,17.104228504817815,25001000.0,25.612108530280683
G5361,90.22335825341304,23.954306880698407,0.2308612505570227,-0.1098192265710325,16.995970192931424,25001000.0,25.628603474857698
G5362,90.22326158905844,23.958817723146204,0.18658314787537808,-0.092859841720901,17.104228504817815,25001000.0,25.855998022789585
G5363,90.22316490084914,23.96332856257698,0.19888852853807348,-0.09570320262817551,17.194517476633592,25001000.0,25.793715621285152
G5364,90.22306818878144,23.967839398990247,0.1966261809945718,-0.08171103656964601,17.104228504817815,25001000.0,26.19903289716122
G5365,90.22297145285162,23.972350232385548,0.1958464774665176,-0.0784151170749896,17.213434981663823,25001000.0,26.280075643170214
G5366,90.2228746930561,23.976861062762385,0.19348744467957768,-0.07044912705888681,17.104228504817815,25001000.0,26.393980904621397
G5367,90.22277790939116,23.981371890120283,0.17363766467877959,-0.06047214359645901,17.222591840625768,25001000.0,26.878016825613557
G5368,90.22268110185314,23.98588271445877,0.17430018870023908,-0.062030276233417316,17.104228504817815,25001000.0,26.756975400551237
G5369,90.22258427043838,23.99039353577737,0.1849641499352136,-0.0702179145196741,17.273606279722372,25001000.0,26.393980904621397
G5370,90.22248741514318,23.99490435407561,0.15054333783671459,-0.061118229896579716,17.104228504817815,25001000.0,26.734687402074204
G5371,90.2223905359639,23.999415169353004,0.18842468568986048,-0.06946355060120521,17.196549222665368,25001000.0,26.4761034150194
G5372,90.22229363289682,24.00392598160908,0.2120739379226955,-0.07931835834363031,17.104228504817815,25001000.0,26.3171695750755
G5373,90.22247419536464,24.00783081405144,0.2155072832130423,-0.074447715559202,16.97409868994086,25001000.0,26.272437534582846
G5404,90.2346040034786,23.62161051929093,0.25149127508681396,-0.11186286187380391,17.104228504817815,25001000.0,25.69389363027548
G5405,90.23500955703916,23.625069130347324,0.2337072944677161,-0.0860714636237041,17.104228504817815,25001000.0,26.267269357601105
G5406,90.23504434847926,23.629668740541742,0.2028710174895084,-0.0880198528994236,17.104228504817815,25001000.0,26.061432747276335
G5407,90.23505705655684,23.63411680284105,0.1787262796807157,-0.08486219669861651,17.104228504817815,25001000.0,26.120361568728825
G5408,90.23496224396932,23.638627876946817,0.2042525760675798,-0.09276126831812141,17.104228504817815,25001000.0,25.855998022789585
G5409,90.23486740782587,23.64313894807083,0.2194126605698769,-0.09539051106958761,17.104228504817815,25001000.0,25.84715699908144
G5410,90.23477254812292,23.64765001621261,0.1766314829218372,-0.06356587062429171,17.104228504817815,25001000.0,26.756975400551237
G5411,90.23467766485692,23.65216108137167,0.1740582819365594,-0.07295992003793951,17.104228504817815,25001000.0,26.335285575577593
G5412,90.23458275802426,23.656672143547528,0.2085917481900324,-0.09459728466545991,17.104228504817815,25001000.0,25.855998022789585
G5413,90.23448782762136,23.661183202739707,0.1886487320237631,-0.11419131300385091,17.104228504817815,25001000.0,25.65429052627412
G5414,90.23439287364468,23.66569425894773,0.19150005329553568,-0.1234603641628956,17.104228504817815,25001000.0,25.622512494094227
G5415,90.23429789609057,23.670205312171127,0.25493991741745925,-0.12701873496383181,17.104228504817815,25001000.0,25.724394878802105
G5416,90.23420289495547,23.6747163624094,0.2666175424819516,-0.09558189418207741,17.104228504817815,25001000.0,26.04089290161616
G5417,90.23410787023586,23.679227409662065,0.26271052170651904,-0.10158785453435801,17.104228504817815,25001000.0,26.04199922365408
G5418,90.23401282192808,23.68373845392865,0.24219642600553978,-0.0955088999426666,17.104228504817815,25001000.0,25.966930912564777
G5419,90.23391775002855,23.68824949520869,0.2307003132270949,-0.0837476127627328,17.104228504817815,25001000.0,26.381502838432624
G5420,90.23382265453375,23.692760533501684,0.25469521943489426,-0.10185587441626091,17.104228504817815,25001000.0,25.954041108347862
G5421,90.23372753544,23.697271568807164,0.25169870716931947,-0.1033804187711296,17.104228504817815,25001000.0,25.804227252090193
G5422,90.2336323927438,23.70178260112464,0.20483528988262908,-0.09259021361295851,16.192366216129386,25001000.0,25.710445079376534
G5423,90.23353722644146,23.70629363045364,0.2530136682052973,-0.12190298184640831,17.104228504817815,25001000.0,25.67771403674888
G5424,90.23364126885777,23.71046771856568,0.2423155693937255,-0.08888603336297761,16.115374619490723,25001000.0,26.078516151209925
G5425,90.2357236137586,23.71313279440177,0.18001436812231741,-0.06846747857195189,17.104228504817815,25001000.0,26.485811326347566
G5430,90.2329804565158,23.738393980130034,0.27680009926215204,-0.123919710266765,15.684327000443117,25001000.0,25.7869414320338
G5431,90.23277504577226,23.74238175744285,0.2649832335663281,-0.1078536506222837,17.104228504817815,25001000.0,25.863905029573072
G5432,90.23267966685331,23.74689275985396,0.26391878343324754,-0.10760060903699721,15.724906710588044,25001000.0,25.765383974074307
G5433,90.23258426429231,23.7514037592718,0.25943456939851256,-0.1040820494626955,17.104228504817815,25001000.0,25.879495659597996
G5434,90.23248883808564,23.75591475569588,0.27202943349259756,-0.1180150113646453,15.78925453667503,25001000.0,25.718045518979938
G5435,90.23239338822968,23.760425749125726,0.27558908927124026,-0.1177485140750704,17.104228504817815,25001000.0,25.94592260857885
G5436,90.23229791472085,23.76493673956086,0.2692266208108682,-0.11413608539586491,15.820013274952913,25001000.0,25.61784071238698
G5437,90.2324410741755,23.769275871703872,0.26840116831724375,-0.11245303103045001,17.104228504817815,25001000.0,25.837025904084527
G5438,90.23347722452571,23.77339595001209,0.25243208855717586,-0.0925078202030269,17.104228504817815,25001000.0,26.21359541029159
G5439,90.23446643887956,23.77630695054673,0.3204349241326341,-0.1622511579555717,17.104228504817815,25001000.0,25.695569608134456
G5451,90.23184625772085,23.834406260831383,0.27424941711688566,-0.1198238497754563,17.104228504817815,25001000.0,25.891538247326732
G5452,90.23077007612147,23.83711510322432,0.2661646737327267,-0.10990886290495071,16.508082868987714,25001000.0,25.674307874268045
G5453,90.23067124267855,23.84162311830293,0.26106938025267334,-0.10982410685684851,17.104228504817815,25001000.0,25.78088529835416
G5454,90.23057534279972,23.84613405475133,0.25757127677921876,-0.1083954498309808,16.1917448408187,25001000.0,25.66028688445948
G5455,90.2304794191992,23.850644988195924,0.25633216273327275,-0.11988958268664171,17.104228504817815,25001000.0,25.723207813442368
G5456,90.23038347187344,23.855155918636225,0.27422207931154136,-0.18076572498886412,15.71061808025533,25001000.0,25.648934669523772
G5457,90.2302875008188,23.85966684607176,0.2558065407056789,-0.1552190473708663,17.104228504817815,25001000.0,25.701214113685538
G5458,90.2301915060316,23.86417777050205,0.2511215466098213,-0.1254677465231927,16.109882555998666,25001000.0,25.544173771445074
G5459,90.23009548750828,23.86868869192661,0.2571726085993264,-0.1147029922117809,17.104228504817815,25001000.0,25.731234242463195
G5460,90.22999944524511,23.873199610344976,0.26488732728389325,-0.12532399019854393,16.059327000443115,25001000.0,25.568863533348658
G5461,90.22990337923852,23.877710525756665,0.26837816453676316,-0.1204926986298121,17.104228504817815,25001000.0,25.70001548812024
G5462,90.22980728948488,23.882221438161185,0.21632789191306528,-0.11407628203935251,16.00321588933204,25001000.0,25.480085020602086
G5463,90.22971117598048,23.88673234755807,0.1941908795560391,-0.09604772980323181,17.104228504817815,25001000.0,25.806457551525188
G5464,90.22961503872176,23.891243253946843,0.22895191224135458,-0.1090585676448476,16.33872700044313,25001000.0,25.541986470321195
G5465,90.22951887770505,23.895754157327023,0.180961267024258,-0.0851489153830989,17.104228504817815,25001000.0,26.120361568728825
G5466,90.22942269292668,23.90026505769814,0.1702804568257491,-0.0649956390399652,16.588619237886036,25001000.0,26.46617510329036
G5467,90.22932648438304,23.90477595505969,0.14710878002463879,-0.05087238962157911,17.104228504817815,25001000.0,26.82547536156941
G5468,90.2292302520705,23.909286849411227,0.10275516594642439,-0.020052920505416214,17.540715889332006,25001000.0,27.962737585530956
G5469,90.22913399598536,23.91379774075226,0.11967632700326299,-0.03438253517302502,17.104228504817815,25001000.0,27.464050150953263
G5470,90.229037716124,23.918308629082308,0.1400358559804533,-0.05509018948164671,17.47287160138208,25001000.0,26.597534175785484
G5471,90.2289414124828,23.922819514400896,0.15146851643992448,-0.08167942080277821,17.104228504817815,25001000.0,26.038160560183623
G5472,90.22884508505808,23.92733039670754,0.16607834713360559,-0.09178551594043241,17.15683841596828,25001000.0,25.64705735428906
G5473,90.2287487338462,23.93184127600178,0.1808822681140159,-0.0941527859564082,17.104228504817815,25001000.0,25.799000697295615
G5474,90.22865235884348,23.93635215228312,0.17423350543207308,-0.0722496287146518,17.104228504817815,25001000.0,26.335285575577593
G5475,90.22855596004632,23.940863025551085,0.1927806615682351,-0.1092766050718414,17.104228504817815,25001000.0,25.65429052627412
G5476,90.228459537451,23.945373895805208,0.2165914067325111,-0.11062704874215501,17.104228504817815,25001000.0,25.620949503842382
G5477,90.22836309105392,23.94988476304501,0.2236142878150133,-0.1176058244512065,17.104228504817815,25001000.0,25.704709903920552
G5478,90.2282666208514,23.95439562727,0.2232401555499159,-0.09968039271830671,17.104228504817815,25001000.0,25.74725563217024
G5479,90.2281701268398,23.958906488479712,0.1771597574471174,-0.0871556804164319,17.104228504817815,25001000.0,26.046036749445662
G5480,90.22807360901544,23.96341734667368,0.1824085011527945,-0.0760558530654303,17.104228504817815,25001000.0,26.328470484058997
G5481,90.22797706737468,23.96792820185139,0.17396076152085388,-0.05131924219402242,17.104228504817815,25001000.0,26.951639168896875
G5482,90.22788050191382,23.9724390540124,0.18067864838997238,-0.04503396403182722,17.104228504817815,25001000.0,27.230828617807333
G5483,90.22778391262922,23.97694990315621,0.16419599159508158,-0.055526816211827215,17.104228504817815,25001000.0,26.905004887472817
G5484,90.22768729951724,23.98146074928237,0.1850495943976269,-0.0725692593690469,17.104228504817815,25001000.0,26.325577664249426
G5485,90.2275906625742,23.98597159239037,0.1686509827094424,-0.0638861605195531,17.104228504817815,25001000.0,26.732607813763625
G5486,90.2274940017964,23.99048243247976,0.15251520542758779,-0.022296571623735013,17.104228504817815,25001000.0,27.506813325162348
G5487,90.22739731718022,23.99499326955005,0.1687771219813024,-0.0786751096094688,17.104228504817815,25001000.0,26.1934929761191
G5488,90.22730060872196,23.99950410360076,0.1932517926511623,-0.072362938969211,17.104228504817815,25001000.0,26.325577664249426
G5489,90.22720387641796,24.00401493463142,0.2154838851289852,-0.07675624618147191,17.104228504817815,25001000.0,26.41182121964591
G5490,90.2270364054741,24.0078633986613,0.21934357132877869,-0.08620041791719271,17.104228504817815,25001000.0,26.13981722418686
G5523,90.23847423330396,23.631145806495457,0.236829374227023,-0.100469590231717,17.104228504817815,25001000.0,25.783656890212264
G5524,90.23973346332328,23.63443663558236,0.2306800641527465,-0.09936368530182421,17.104228504817815,25001000.0,25.775549185056207
G5525,90.23985881489833,23.638715159027115,0.1956832138588851,-0.08467153183352441,16.543630483030228,25001000.0,26.001743536067266
G5526,90.23976414617856,23.64322624879241,0.1928398794845731,-0.0989449827099583,17.104228504817815,25001000.0,25.740019131050214
G5527,90.23966945394083,23.64773733557669,0.1735905668805132,-0.06800295438268761,16.633789366034563,25001000.0,26.34334309210302
G5528,90.2395747381816,23.652248419379504,0.1839426923261291,-0.0788514982034975,17.104228504817815,25001000.0,26.253110301769787
G5529,90.23947999889724,23.65675950020036,0.30202574733626447,-0.1670255944119233,16.74109783377648,25001000.0,25.545683319538544
G5530,90.23938523608422,23.66127057803877,0.27973786081628266,-0.139426581788552,17.104228504817815,25001000.0,25.789784341956295
G5531,90.23929044973896,23.66578165289427,0.1654180274914556,-0.12319555358655401,16.36333197556749,25001000.0,24.908970265707445
G5532,90.23919563985788,23.67029272476636,0.19311796390869299,-0.0960230438621452,17.104228504817815,25001000.0,25.806457551525188
G5533,90.2391008064374,23.67480379365459,0.26256858541717687,-0.07290402315500641,14.303993667109836,25001000.0,26.117238997458582
G5534,90.23900594947392,23.67931485955845,0.2297883435522877,-0.037051269994135015,17.104228504817815,25001000.0,27.55844357278739
G5535,90.2389110689639,23.68382592247748,0.27201691200759387,-0.10643920824824751,14.923692079808205,25001000.0,25.862362099554456
G5536,90.23881616490377,23.688336982411187,0.24871507457053998,-0.0960141677866351,17.104228504817815,25001000.0,26.068422249144735
G5537,90.23872123728988,23.692848039359102,0.2549889077415158,-0.1032902995708035,15.152121872238041,25001000.0,25.89906258510876
G5538,90.2386262861187,23.697359093320745,0.2480499170675281,-0.0980329369058889,17.104228504817815,25001000.0,25.95130028083554
G5539,90.23853131138664,23.701870144295626,0.25494246060314446,-0.09889814914544941,15.878836804364738,25001000.0,25.916876119690865
G5540,90.2384363130901,23.706381192283267,0.19334663749113049,-0.0751506524308196,17.104228504817815,25001000.0,26.325577664249426
G5541,90.23834129122552,23.710892237283204,0.15461436804831918,-0.07161627053841421,16.267072098482316,25001000.0,26.042923550142103
G5542,90.23843040175537,23.71437595009816,0.1245555183957109,-0.04020671685163641,17.104228504817815,25001000.0,27.27282805621952
G5546,90.23958575741948,23.73446190612876,0.2167576811383257,-0.0727315821550359,17.104228504817815,25001000.0,26.418636311164505
G5547,90.23783044402629,23.738047077444985,0.2682335445462288,-0.12054689328587671,17.104228504817815,25001000.0,25.70001548812024
G5548,90.23767547796636,23.74246946858646,0.27090735968650276,-0.1170056875509467,17.104228504817815,25001000.0,25.91635309092288
G5549,90.23758026742809,23.74698048966742,0.27821610619115605,-0.121977949698944,17.104228504817815,25001000.0,25.916901013340134
G5550,90.2374850332894,23.75149150775636,0.29251739655698744,-0.1360950319447692,17.104228504817815,25001000.0,25.903261443648276
G5551,90.23738977554676,23.756002522852786,0.28527403217743924,-0.127421726163861,17.104228504817815,25001000.0,25.90776660601362
G5552,90.23729449419652,23.76051353495622,0.2224350963806998,-0.10510032477401801,17.104228504817815,25001000.0,25.693833903358776
G5553,90.23719918923511,23.7650245440662,0.16707009995374278,-0.1001273912612583,17.104228504817815,25001000.0,25.391688041011154
G5554,90.23710386065892,23.76953555018224,0.1437606836137062,-0.0783083544465446,17.104228504817815,25001000.0,25.996990436048435
G5555,90.23700850846431,23.77404655330384,0.13769899889755569,-0.0851873771418601,17.104228504817815,25001000.0,25.812729228581905
G5556,90.23723249292166,23.7776882151711,0.10363490796785449,-0.0793922527593818,17.104228504817815,25001000.0,25.349536051176358
G5568,90.23593332473274,23.83377926616604,0.2357435067542859,-0.07424850401204591,17.104228504817815,25001000.0,26.546247172382948
G5569,90.23567109578924,23.837200282323995,0.25872538476437246,-0.09767322092680521,17.104228504817815,25001000.0,26.00200362209565
G5570,90.23557538888572,23.841711240471845,0.2492380007348892,-0.0996775352470364,17.104228504817815,25001000.0,26.00102013045474
G5571,90.23547965830602,23.846222195617603,0.24261328115571648,-0.09122631406846471,17.104228504817815,25001000.0,26.157551873492864
G5572,90.2353839040465,23.85073314776082,0.21266488496223798,-0.061930267994085915,17.104228504817815,25001000.0,26.88365298598187
G5573,90.23528812610355,23.855244096901,0.23771967270578598,-0.10671427071667561,17.104228504817815,25001000.0,25.643104796371258
G5574,90.23519232447352,23.85975504303765,0.2390194405784298,-0.1223646378479845,17.104228504817815,25001000.0,25.612012696516462
G5575,90.23509649915285,23.86426598617033,0.2105800773453436,-0.10217121712642441,17.104228504817815,25001000.0,25.671756418260784
G5576,90.2350006501378,23.868776926298537,0.1954351772637521,-0.1024373384128559,17.104228504817815,25001000.0,25.586220869545322
G5577,90.23490477742484,23.87328786342179,0.21312222477886128,-0.10470370175418661,17.104228504817815,25001000.0,25.65429052627412
G5578,90.2348088810103,23.87779879753964,0.2092538643929004,-0.10341055401913311,17.104228504817815,25001000.0,25.65429052627412
G5579,90.23471296089056,23.882309728651567,0.2346337514476343,-0.10880616556991311,17.104228504817815,25001000.0,25.643104796371258
G5580,90.23461701706196,23.886820656757124,0.26006656251151294,-0.1317824113253768,17.104228504817815,25001000.0,25.66227227329337
G5581,90.2345210495209,23.891331581855816,0.23422577058042499,-0.10185039614745321,17.104228504817815,25001000.0,25.739593348231406
G5582,90.23442505826372,23.895842503947176,0.1681082766062321,-0.0755290895907376,17.104228504817815,25001000.0,26.287988828916184
G5583,90.23432904328682,23.900353423030733,0.2003600327065413,-0.08377393611855981,17.104228504817815,25001000.0,26.19903289716122
G5584,90.23423300458651,23.904864339105995,0.1721127068471915,-0.05616876161779141,17.104228504817815,25001000.0,26.92937247426043
G5585,90.23413694215922,23.90937525217249,0.1261506953980344,-0.03489898530809241,17.104228504817815,25001000.0,27.474404039236724
G5586,90.23404085600126,23.91388616222974,0.12523530810811548,-0.022852546763568213,17.104228504817815,25001000.0,27.835279538052998
G5587,90.233944746109,23.91839706927727,0.1022575188358362,0.020388193704077285,17.104228504817815,25001000.0,29.37675067877073
G5588,90.2338486124788,23.9229079733146,0.1922629240781937,-0.059566651649110416,17.104228504817815,25001000.0,26.878016825613557
G5589,90.233752455107,23.92741887434124,0.2085619854175905,-0.0953580541391015,17.104228504817815,25001000.0,25.835537469775122
G5590,90.23365627399,23.931929772356742,0.2200429186337985,-0.10390872709162281,17.104228504817815,25001000.0,25.67641737314364
G5591,90.23356006912412,23.936440667360607,0.19105407528569668,-0.07085573200220861,17.102193667109788,25001000.0,26.325577664249426
G5592,90.23346384050568,23.940951559352364,0.2064376824624108,-0.0868410793877033,17.104228504817815,25001000.0,26.05835732843494
G5593,90.23336758813112,23.945462448331536,0.17428954902146998,-0.0752883996070334,17.015227901344048,25001000.0,26.189086798995934
G5594,90.23327131199672,23.94997333429764,0.2103304126789533,-0.1282672335421911,17.104228504817815,25001000.0,25.6372894587358
G5595,90.23317501209888,23.954484217250204,0.21466515971695468,-0.1295695615802909,17.31190690911896,25001000.0,25.620520878745612
G5596,90.2330786884339,23.95899509718875,0.1679060566250419,-0.0944267724684554,17.104228504817815,25001000.0,25.64705735428906
G5597,90.23298234099816,23.96350597411281,0.1308192656109819,-0.0923310557963895,17.583167580153287,25001000.0,25.333970150745817
G5598,90.232885969788,23.96801684802189,0.11671528096831939,-0.079929628038425,17.104228504817815,25001000.0,25.67078040473533
G5599,90.23278957479975,23.97252771891553,0.1240474515671282,-0.0815898891291302,17.478771444887542,25001000.0,25.727974546730703
G5600,90.23269315602975,23.97703858679324,0.16605066813903419,-0.06259373859269321,17.104228504817815,25001000.0,26.732607813763625
G5601,90.2325967134744,23.981549451654544,0.1829780149708086,-0.06655158064538541,17.270537046105204,25001000.0,26.5222804860835
G5602,90.23250024712996,23.98606031349897,0.1916900338401486,-0.062393257325227616,17.104228504817815,25001000.0,26.756975400551237
G5603,90.2324037569928,23.99057117232605,0.1893738643507057,-0.0822994361946099,17.204783621447717,25001000.0,26.19903289716122
G5604,90.23230724305932,23.995082028135297,0.2046980151334829,-0.0911119748603707,17.104228504817815,25001000.0,25.87647838175534
G5605,90.23221070532576,23.999592880926222,0.2106842808614669,-0.10295533204192191,17.157660333776477,25001000.0,25.628112103281957
G5606,90.23211414378852,24.00410373069837,0.2227630538542725,-0.0898898786394489,17.104228504817815,25001000.0,25.951437748258616
G5607,90.23209566006044,24.00794689892509,0.2191898671110783,-0.08318288311278771,16.909989100899764,25001000.0,26.220239903312144
G5641,90.2448524622191,23.63458052962092,0.1766684306174302,-0.09781868107376551,17.104228504817815,25001000.0,25.683021805556244
G5642,90.24475540934168,23.638802286823164,0.1713374668440883,-0.0656566176550951,17.104228504817815,25001000.0,26.64802771607902
G5643,90.24466090804918,23.64331339519681,0.1679959858159614,-0.078926431422565,17.104228504817815,25001000.0,26.1934929761191
G5644,90.24452725953626,23.64780256048792,0.18599914345790988,-0.04353579042621991,17.104228504817815,25001000.0,27.28697489064524
G5645,90.24447183503136,23.65233560300431,0.2383928646493955,-0.1265574458753231,17.104228504817815,25001000.0,25.59730436691243
G5646,90.2443772632989,23.65684670243722,0.23817642346419848,-0.0867019982590579,17.104228504817815,25001000.0,26.31355775154333
G5647,90.24428266807934,23.661357798888925,0.25051240349757986,-0.0847281060312595,17.104228504817815,25001000.0,26.519148471450542
G5648,90.24418804936909,23.66586889235896,0.1476946167587559,-0.1387878808571116,17.104228504817815,25001000.0,24.33810200363327
G5649,90.24409340716458,23.67037998284683,0.2354172354141376,-0.08852533379038331,17.104228504817815,25001000.0,26.24195670203055
G5650,90.24399874146226,23.67489107035206,0.2424194895677038,-0.06302686274662181,17.104228504817815,25001000.0,26.85020141882475
G5651,90.24390405225856,23.679402154874168,0.254157176581034,-0.07571605920418571,17.104228504817815,25001000.0,26.520635599625948
G5652,90.24380933954988,23.683913236412696,0.26997914062055606,-0.11109786365173371,17.104228504817815,25001000.0,25.91092016464452
G5653,90.24371460333263,23.68842431496713,0.2616552717256674,-0.0836442229445557,17.104228504817815,25001000.0,26.524771829434684
G5654,90.24361984360333,23.69293539053701,0.24319750837525428,-0.0709087861665746,17.104228504817815,25001000.0,26.50640046949755
G5655,90.24352506035828,23.697446463121857,0.2312383757599243,-0.0766302359634514,17.104228504817815,25001000.0,26.519412771531808
G5656,90.24343025359396,23.701957532721185,0.25394767423558745,-0.0973715325508752,17.104228504817815,25001000.0,26.05826351731168
G5657,90.24333542330682,23.70646859933452,0.26434838637817437,-0.09975541124051811,17.104228504817815,25001000.0,26.123111070447493
G5658,90.24324056949324,23.710979662961385,0.23688901630080209,-0.0845711915354365,17.104228504817815,25001000.0,26.397151510583974
G5659,90.2430046070086,23.714225134173144,0.2276602606424406,-0.08408953465508481,17.104228504817815,25001000.0,26.278175374948376
G5662,90.24386485086391,23.73044122637325,0.1161668142567941,-0.07293316059441331,17.104228504817815,25001000.0,25.79746037725313
G5663,90.2427830239636,23.73355109600616,0.20925371078093,-0.06906910031327501,17.104228504817815,25001000.0,26.569162061934477
G5664,90.24267095235616,23.738045981979813,0.23600011118326028,-0.09255677691878211,15.97560151024706,25001000.0,25.913497822248498
G5665,90.24257593375724,23.742557024687947,0.25936821289985834,-0.1070241089056947,17.104228504817815,25001000.0,25.779118820159255
G5666,90.2424808916032,23.74706806440578,0.2695188635314389,-0.11530771406445141,15.763747290298198,25001000.0,25.807944736931642
G5667,90.2423858258905,23.75157910113284,0.2481107032273933,-0.0968733579764628,17.104228504817815,25001000.0,26.010353185113082
G5668,90.24229073661546,23.75609013486863,0.2118874631943773,-0.1062994375267265,16.1286748265301,25001000.0,25.513426043033824
G5669,90.24219562377456,23.76060116561268,0.22657713714498548,-0.1182579069543231,17.104228504817815,25001000.0,25.67603923258557
G5670,90.24210048736418,23.76511219336452,0.27624671830139474,-0.123193664899353,16.19766033377644,25001000.0,25.64624371380198
G5671,90.24200532738072,23.76962321812365,0.22225574458836808,-0.0658428948210724,17.104228504817815,25001000.0,26.720676166716103
G5672,90.2419101438206,23.77413423988961,0.11950141336632429,0.009801025129445987,16.426914065119746,25001000.0,28.947240434515567
G5673,90.24229079995206,23.77839096283176,0.1172782633776618,0.015179964896202387,17.104228504817815,25001000.0,29.20209998417577
G5674,90.2431203161892,23.783009299019376,0.1121339647526875,0.016673555755697785,17.104228504817815,25001000.0,29.01872358166442
G5675,90.2434288772922,23.787383408916543,0.1064382002423296,0.019582931999122286,17.104228504817815,25001000.0,29.372127382057197
G5676,90.24367214093022,23.79098990301883,0.18333892208256608,-0.055188548008325615,17.104228504817815,25001000.0,26.92937247426043
G5685,90.24005962236484,23.83379551759359,0.26407309500189624,-0.11393195849504761,17.104228504817815,25001000.0,25.702505040051953
G5686,90.24057183863872,23.83729107925438,0.235627157456685,-0.0815201338094917,17.539632164762423,25001000.0,26.450627875456384
G5687,90.24047955876908,23.84179920687263,0.1975346113053306,-0.078967304366252,17.104228504817815,25001000.0,26.253110301769787
G5688,90.24038399749216,23.84631018068273,0.1532184175699786,-0.05648957542859211,17.060715889331988,25001000.0,26.891889480517765
G5689,90.24028841257724,23.85082115149153,0.1538987207384367,-0.06251707227978341,17.104228504817815,25001000.0,26.719492406808573
G5690,90.24019280402072,23.85533211929856,0.19145005090054548,-0.08912798759857021,16.363857516875072,25001000.0,25.82270913916146
G5691,90.24009717181896,23.85984308410331,0.16974365121632629,-0.0820971168543529,17.104228504817815,25001000.0,26.16234473138433
G5692,90.24000151596836,23.864354045905337,0.236192208485288,-0.1069356218518212,16.579578141995654,25001000.0,25.497856193673616
G5693,90.2399058364653,23.868865004704144,0.1963455195947631,-0.058931547259990516,17.104228504817815,25001000.0,26.939472302302683
G5694,90.23981013330614,23.873375960499263,0.20541087029437338,-0.05838844358355101,16.308741414857508,25001000.0,26.84333079097128
G5695,90.23971440648728,23.87788691329021,0.25157621823333937,-0.1537538832739381,17.104228504817815,25001000.0,25.699625088614482
G5696,90.23961865600508,23.88239786307652,0.26082849594383484,-0.1450453782044298,16.22299366710982,25001000.0,25.63767323956735
G5697,90.2395228818559,23.88690880985769,0.23529297187256829,-0.11724093346572931,17.104228504817815,25001000.0,25.653980796933034
G5698,90.23942708403614,23.891419753633272,0.2401009855417928,-0.10195741891487901,16.35225492837108,25001000.0,25.642947288939055
G5699,90.23933126254217,23.895930694402765,0.2126034275287529,-0.08207822667525451,17.104228504817815,25001000.0,26.263092170466933
G5700,90.23923541737034,23.90044163216571,0.2347048238764893,-0.0954172086970768,16.597660333776474,25001000.0,25.806764409676603
G5701,90.23913954851704,23.90495256692161,0.25904749261210747,-0.1433381955734491,17.104228504817815,25001000.0,25.804879347729244
G5702,90.23904365597862,23.90946349867001,0.1995830690206066,-0.06729041993496451,17.42404922266539,25001000.0,26.520589739286628
G5703,90.23894773975144,23.913974427410427,0.13977918466161,-0.017028847126564915,17.104228504817815,25001000.0,27.991213161788703
G5704,90.23885179983192,23.91848535314238,0.1431576827412692,-0.028007993606086416,17.58238255599869,25001000.0,27.619127221333706
G5705,90.23875583621636,23.92299627586538,0.1681198312498192,-0.05061220361551921,17.104228504817815,25001000.0,27.00173173142602
G5706,90.23865984890116,23.92750719557896,0.2166215238718709,-0.08319579032138431,17.162795468911582,25001000.0,26.263092170466933
G5707,90.23856383788268,23.93201811228266,0.237935256034369,-0.09120921198666691,17.104228504817815,25001000.0,26.08992559249456
G5708,90.23846780315723,23.93652902597597,0.2218085691998491,-0.09002999225879181,17.072254928371052,25001000.0,25.951437748258616
G5709,90.23837174472123,23.94103993665844,0.2407351896832475,-0.1247159918112007,17.104228504817815,25001000.0,25.59730436691243
G5710,90.23827566257106,23.945550844329585,0.2236788338564766,-0.1010025207672148,17.244146820262955,25001000.0,25.747615459572724
G5711,90.238179556703,23.950061748988933,0.25224809368067497,-0.1338030579677793,17.104228504817815,25001000.0,25.60606184535285
G5712,90.23808342711344,23.95457265063599,0.22967053589472008,-0.11838912722898211,17.611527000443147,25001000.0,25.71606768761944
G5713,90.23798727379878,23.959083549270293,0.1787878908106624,-0.09181904538251781,17.104228504817815,25001000.0,25.813949075997517
G5714,90.2378910967553,23.96359444489137,0.1442747181248325,-0.0736304805599879,17.732660333776465,25001000.0,26.098751915395148
G5715,90.2377948959794,23.968105337498727,0.19483028677331618,-0.0870488709278613,17.104228504817815,25001000.0,26.05835732843494
G5716,90.2376986714674,23.972616227091905,0.1823997674335201,-0.0984730235275823,17.104228504817815,25001000.0,25.74972704237838
G5717,90.23760242321568,23.97712711367042,0.1773357020195297,-0.1057115672111604,17.104228504817815,25001000.0,25.59729320078015
G5718,90.23750615122056,23.98163799723379,0.18337525294111728,-0.08693598085469431,17.104228504817815,25001000.0,26.068065239763108
G5719,90.23740985547845,23.98614887778155,0.181800976721743,-0.05407190355830251,17.104228504817815,25001000.0,26.927892658031116
G5720,90.2373135359856,23.990659755313214,0.1832889805477379,-0.057446428330901314,17.104228504817815,25001000.0,26.92937247426043
G5721,90.23721719273844,23.995170629828312,0.2208516388547445,-0.09520147725726921,17.104228504817815,25001000.0,25.8620862676911
G5722,90.23712082573326,23.999681501326368,0.2179663043886512,-0.10842721883694181,17.104228504817815,25001000.0,25.67641737314364
G5723,90.23702443496644,24.0041923698069,0.2164486138538248,-0.08859061515464921,17.104228504817815,25001000.0,25.958185316005522
G5724,90.23691241698806,24.008012184938444,0.20471104969488219,-0.0728723858570897,17.104228504817815,25001000.0,26.35719268582975
G5729,90.2388435120309,24.029652112423022,0.14255729930302388,-0.040524923201645115,17.104228504817815,25001000.0,27.294507075405726
G5758,90.24750024001712,23.635461459471312,0.1252677030036935,-0.0842729492944923,17.104228504817815,25001000.0,25.72612690698146
G5759,90.2474761750958,23.63845894539394,0.1795856219202369,-0.04856973727171091,17.104228504817815,25001000.0,27.07808258177952
G5760,90.24761372208656,23.643861965275548,0.2039755842755327,-0.07359286831897591,17.104228504817815,25001000.0,26.35719268582975
G5761,90.2475360139474,23.64648965845118,0.22830854777885679,-0.1231766327184883,17.104228504817815,25001000.0,25.531996850250703
G5762,90.24799904637614,23.653051940980845,0.2080974640121151,-0.12323841293279791,17.104228504817815,25001000.0,25.622512494094227
G5763,90.2492718561882,23.65693924359104,0.1931415404599444,-0.11940224314180631,16.396737256853413,25001000.0,25.49079337537774
G5764,90.24918012356513,23.661444865287205,0.20278496864024048,-0.07980974161173941,17.104228504817815,25001000.0,26.19903289716122
G5765,90.24908567249346,23.66595597733883,0.2017336188038447,-0.09449926010933361,15.693660333776478,25001000.0,25.777930846424233
G5766,90.24899119796912,23.67046708640953,0.2085065157235403,-0.029959394515216613,17.104228504817815,25001000.0,27.679724044158114
G5767,90.24889669998852,23.67497819249883,0.2442514509647784,-0.06298208973393091,14.086339579059512,25001000.0,26.532249991995194
G5768,90.24880217854812,23.67948929560624,0.2444416922581805,-0.05651580993038551,17.104228504817815,25001000.0,26.71572125109861
G5769,90.24870763364436,23.684000395731307,0.23447588387697518,-0.05871166345274632,14.455327000443134,25001000.0,26.609775389512645
G5770,90.24861306527366,23.68851149287352,0.2420509117553327,-0.0682486734179844,17.104228504817815,25001000.0,26.713964735105254
G5771,90.24851847343244,23.693022587032413,0.2199284770680632,-0.03652406955003591,15.19978154589765,25001000.0,27.222854536784723
G5772,90.24842385811712,23.69753367820752,0.2299115077424496,-0.06387005455133901,17.104228504817815,25001000.0,27.004862353106297
G5773,90.24832921932416,23.70204476639833,0.2573651596589673,-0.09985195206351831,15.63616779646307,25001000.0,26.174348151515414
G5774,90.24823455704995,23.706555851604406,0.26393807559648896,-0.1091590469823168,17.104228504817815,25001000.0,25.846615073636514
G5775,90.24813987129096,23.71106693382524,0.2469786104524341,-0.0968153191977949,16.012954451423553,25001000.0,25.904086653233794
G5776,90.24802910936305,23.71405278671173,0.25543635901511597,-0.09890091392355961,17.104228504817815,25001000.0,26.01879782556733
G5778,90.24967504151468,23.726401909525425,0.2414940259526262,-0.08334863026563791,17.104228504817815,25001000.0,26.427791232374847
G5779,90.2479684195154,23.72936900857557,0.27079301131557537,-0.10985448998840641,16.482072098482348,25001000.0,25.829280815746618
G5780,90.24766609009887,23.73362230013415,0.2037639275994795,-0.09437631799540201,17.104228504817815,25001000.0,25.855998022789585
G5781,90.24757126335598,23.738133364433537,0.2106136085798969,-0.08804197893113311,16.133836804364734,25001000.0,25.933860070213633
G5782,90.24747641310324,23.742644425744327,0.2429073311635376,-0.09866115272061651,17.104228504817815,25001000.0,25.84319505585045
G5783,90.24738153933704,23.74715548406606,0.26127011196514854,-0.10062778196264531,15.839719157305893,25001000.0,25.909287455221595
G5784,90.24728664205384,23.75166653939825,0.2251205027688551,-0.0927662946259936,17.104228504817815,25001000.0,25.918225378653233
G5785,90.24719172125006,23.756177591740425,0.24109220529932548,-0.1161492153961583,16.17971915730587,25001000.0,25.51992803466866
G5786,90.24709677692208,23.76068864109211,0.27338197484651755,-0.1157630226165995,17.104228504817815,25001000.0,25.9380440068109
G5787,90.24700180906632,23.765199687452807,0.2403604098885171,-0.0909179405879444,16.135272274074993,25001000.0,25.980040636969555
G5788,90.24690681767922,23.76971073082205,0.2336569176068927,-0.08719286173242241,17.104228504817815,25001000.0,26.225523207975876
G5789,90.24681180275714,23.77422177119937,0.21262090546902698,-0.06631652459390591,16.493542686717632,25001000.0,26.4872779229439
G5790,90.24671676429652,23.77873280858428,0.19587569171535918,-0.05302567688874321,17.104228504817815,25001000.0,27.037178643974986
G5791,90.24662170229377,23.78324384297629,0.18074765572515258,-0.04059463504146881,17.104228504817815,25001000.0,27.351844249387824
G5792,90.24652661674529,23.787754874374947,0.12828163681222038,-0.0033533978316418137,17.104228504817815,25001000.0,28.458768608250146
G5793,90.24649729993656,23.792218232993218,0.1870672994953912,-0.03842169853645011,17.104228504817815,25001000.0,27.408997001854665
G5794,90.2468482635619,23.79670119867693,0.1850353073303645,-0.047286607571911214,17.104228504817815,25001000.0,27.09365388799013
G5795,90.24718665825738,23.80125645553037,0.1424981869249779,-0.028852771880430114,17.104228504817815,25001000.0,27.619127221333706
G5796,90.247536696379,23.80540352129683,0.13009054629430208,-0.051850611228062414,17.104228504817815,25001000.0,26.570546679273523
G5797,90.24804863616674,23.81024768556949,0.1380608517646064,-0.05594040660537211,17.104228504817815,25001000.0,26.597534175785484
G5798,90.24763502910189,23.815162240547007,0.05422535157899949,-0.06732715100580021,17.104228504817815,25001000.0,24.307436345411926
G5799,90.24744377921472,23.81927062571253,0.09755348352719809,-0.04224899677630162,17.104228504817815,25001000.0,26.871636194452176
G5800,90.24741489915418,23.82390129005371,0.1690882322857866,-0.08505228598539501,17.104228504817815,25001000.0,26.095993981941213
G5801,90.24729762083358,23.82844516060112,0.10641896145245329,-0.06989650056102631,17.104228504817815,25001000.0,25.776678203215635
G5802,90.24696307604236,23.83293708189089,0.08352547051663639,-0.07067211851556121,17.104228504817815,25001000.0,24.959513960103365
G5803,90.2457308469313,23.83773806371031,0.1666366931352824,-0.053537017038592115,17.104228504817815,25001000.0,26.927892658031116
G5804,90.2453837522868,23.841887017502287,0.11989979830355608,-0.015180419443455214,17.104228504817815,25001000.0,28.082906388937527
G5805,90.24528836031628,23.84639800994369,0.10466127977700689,0.008224181704705987,17.104228504817815,25001000.0,28.91183579385464
G5806,90.24519294474956,23.850908999385062,0.1334693284181266,-0.009439974006901013,17.104228504817815,25001000.0,28.20434769166141
G5807,90.24509750558308,23.855419985825897,0.161731974718252,-0.035021901148424815,17.104228504817815,25001000.0,27.543066344121566
G5808,90.24500204281324,23.859930969265715,0.2150559782375851,-0.08300042478465851,17.104228504817815,25001000.0,26.263092170466933
G5809,90.24490655643636,23.86444194970405,0.23647367680264259,-0.11372919051463101,17.104228504817815,25001000.0,25.643104796371258
G5810,90.24481104644887,23.86895292714044,0.25921548609868866,-0.1068094956759627,17.104228504817815,25001000.0,25.779118820159255
G5811,90.24471551284716,23.873463901574365,0.2827283002644473,-0.1377742127028699,17.104228504817815,25001000.0,25.789784341956295
G5812,90.2446199556276,23.87797487300539,0.27344684530951285,-0.1433557250084857,17.104228504817815,25001000.0,25.921930553316486
G5813,90.24452437478656,23.882485841433017,0.25576637645401706,-0.12124624241038241,17.104228504817815,25001000.0,25.723207813442368
G5814,90.24442877032044,23.886996806856768,0.2452860768700633,-0.10660344278869621,17.104228504817815,25001000.0,25.62618748803936
G5815,90.2443331422256,23.89150776927617,0.26523989670613657,-0.1180726902523795,17.104228504817815,25001000.0,25.618747338102565
G5816,90.24423749049846,23.89601872869076,0.25153431856701086,-0.1117973343075707,17.104228504817815,25001000.0,25.69389363027548
G5817,90.24414181513534,23.90052968510004,0.2401647604414011,-0.1050045718428227,17.104228504817815,25001000.0,25.643104796371258
G5818,90.24404611613264,23.90504063850354,0.2091879494794908,-0.0801979545124757,17.104228504817815,25001000.0,26.263092170466933
G5819,90.24395039348676,23.909551588900783,0.1747029506456565,-0.04870478850928121,17.104228504817815,25001000.0,27.078112115321645
G5820,90.24385464719404,23.914062536291297,0.16129836116809348,-0.023881450858377114,17.104228504817815,25001000.0,27.890138199915892
G5821,90.24375887725084,23.918573480674603,0.1415042755361759,-0.046815115996600716,17.104228504817815,25001000.0,26.95003857452046
G5822,90.24366308365356,23.923084422050216,0.1893144269895204,-0.0697181944273101,17.104228504817815,25001000.0,26.4761034150194
G5823,90.2435672663986,23.92759536041768,0.1883742457085722,-0.04993111380212621,17.104228504817815,25001000.0,27.0591200636972
G5824,90.24347142548226,23.932106295776496,0.2228652358545481,-0.08412475013671511,17.104228504817815,25001000.0,26.264202283983742
G5825,90.24337556090094,23.9366172281262,0.2230945934624826,-0.1041049164219663,17.104228504817815,25001000.0,25.693833903358776
G5826,90.243279672651,23.941128157466306,0.220215209711821,-0.11708968397371121,17.104228504817815,25001000.0,25.687293373705415
G5827,90.24318376072884,23.945639083796348,0.1992425692857504,-0.0898085039997364,17.104228504817815,25001000.0,25.89089997768595
G5828,90.24308782513076,23.95015000711585,0.23862857188848638,-0.10696114685594951,17.104228504817815,25001000.0,25.643104796371258
G5829,90.24299186585318,23.95466092742432,0.1761639666424362,-0.10273091111713921,17.104228504817815,25001000.0,25.571114777787987
G5830,90.24289588289244,23.959171844721297,0.15407597223671018,-0.0952936869788715,17.104228504817815,25001000.0,25.613481394319546
G5831,90.24279987624487,23.963682759006307,0.17059856031320939,-0.08767435595839931,17.104228504817815,25001000.0,25.969791707625888
G5832,90.24270384590687,23.968193670278858,0.1513996002432072,-0.0801092576787456,17.104228504817815,25001000.0,26.038160560183623
G5833,90.2426077918748,23.972704578538487,0.2005545576149827,-0.0852718264275849,17.613550744735363,25001000.0,26.172710602751973
G5834,90.24251171414498,23.977215483784715,0.1799835130597943,-0.07445047966479491,17.104228504817815,25001000.0,26.335285575577593
G5835,90.2424156127138,23.981726386017066,0.199281618237353,-0.1050858390899219,17.27495763107376,25001000.0,25.65429052627412
G5836,90.2423194875776,23.98623728523505,0.19940430640118628,-0.0754101555632599,17.104228504817815,25001000.0,26.325577664249426
G5837,90.24222333873271,23.990748181438214,0.1554240838494795,-0.039077873104581315,17.17026307350247,25001000.0,27.408997001854665
G5838,90.24212716617556,23.99525907462608,0.21174283046961448,-0.0828666401634187,17.104228504817815,25001000.0,26.263092170466933
G5839,90.24203096990242,23.99976996479814,0.2197735929066788,-0.09011888439320091,17.05190690911897,25001000.0,25.962381934785267
G5840,90.24193474990966,24.00428085195396,0.2131680759440344,-0.0834876956933557,17.104228504817815,25001000.0,26.263092170466933
G5841,90.24202892562828,24.0086499447725,0.1839091050013279,-0.05622611738013551,16.790363036479192,25001000.0,26.95685389261256
G5842,90.2425737456262,24.0133246814608,0.2128008525126515,-0.10288146478099171,17.104228504817815,25001000.0,25.628112103281957
G5843,90.24243814132534,24.01788062092455,0.1860567731506189,-0.05429322069393421,17.104228504817815,25001000.0,26.927892658031116
G5844,90.2420528950888,24.022241132891608,0.1889188021940538,-0.06338616020319442,17.104228504817815,25001000.0,26.756975400551237
G5845,90.2424053945867,24.026945702303863,0.12038657393433959,-0.010768965055980514,17.104228504817815,25001000.0,28.144961905465347
G5846,90.2417227450386,24.03105314670272,0.172329833992361,-0.06124736126197861,17.104228504817815,25001000.0,26.878016825613557
G5847,90.24336782553156,24.03372157479019,0.1867401263783464,-0.06500839282695921,17.104228504817815,25001000.0,26.662687391538466
G5879,90.25403420524486,23.65435462096028,0.224586412301201,-0.1339098935463942,17.104228504817815,25001000.0,25.667160280366634
G5880,90.254171862522,23.657020643651144,0.23149506064965508,-0.06278056776691791,17.104228504817815,25001000.0,26.814055198227152
G5881,90.25407760250005,23.661531777230632,0.2096977044862546,-0.0947252813421653,17.104228504817815,25001000.0,25.855998022789585
G5882,90.25398331907051,23.66604290783092,0.223080005803869,-0.05625465294520991,17.104228504817815,25001000.0,27.062649566166428
G5883,90.2538890122299,23.670554035451502,0.2336104651392958,-0.07356040731381121,17.104228504817815,25001000.0,26.53485741581789
G5884,90.2537946819746,23.67506516009193,0.2127623444708699,-0.019036137106725914,17.104228504817815,25001000.0,28.056561413028543
G5885,90.2537003283011,23.6795762817517,0.2122216819648933,-0.031080315670321913,17.104228504817815,25001000.0,27.561538754884317
G5886,90.2536059512058,23.68408740043035,0.2243633613731983,-0.042653420473932016,17.104228504817815,25001000.0,27.36615514605315
G5887,90.25351155068518,23.688598516127385,0.1988784148843532,-0.04949878618169031,17.104228504817815,25001000.0,27.069219891739454
G5888,90.25341712673564,23.69310962884235,0.2218064010739183,-0.05291644167500451,17.104228504817815,25001000.0,27.065834843864668
G5889,90.25332267935362,23.69762073857475,0.22815623877101418,-0.05397348339222431,17.104228504817815,25001000.0,27.1316437200235
G5890,90.25322820853556,23.702131845324107,0.24465812761248829,-0.09449679980497111,17.104228504817815,25001000.0,26.006942488255675
G5891,90.25313371427792,23.70664294908995,0.2397738719113099,-0.10120162605188161,17.104228504817815,25001000.0,25.784016717614747
G5892,90.25303919657708,23.7111540498718,0.25661324439437405,-0.10141512688397031,17.104228504817815,25001000.0,25.998581451965453
G5893,90.25295768798458,23.71408085896191,0.2631923770423972,-0.1082296545476951,17.104228504817815,25001000.0,25.863905029573072
G5894,90.2547996772999,23.721026528066865,0.25882095711132774,-0.09779046813273891,17.104228504817815,25001000.0,26.00200362209565
G5895,90.25315716282648,23.725029020418027,0.25813024570290616,-0.1007872218288212,17.104228504817815,25001000.0,25.981787248493774
G5896,90.2526608912707,23.72919842314963,0.2483857377147031,-0.1123295724145492,17.104228504817815,25001000.0,25.62618748803936
G5897,90.25256625630048,23.733709509004324,0.1748582934852683,-0.0792995721217288,17.104228504817815,25001000.0,26.24078972278051
G5898,90.25247159786564,23.73822059187214,0.2264801726332961,-0.07747858759251451,17.104228504817815,25001000.0,26.427010605969826
G5899,90.25237691596266,23.74273167175261,0.2592871138792557,-0.10568674708781531,17.104228504817815,25001000.0,25.82276603293999
G5900,90.2522822105879,23.74724274864526,0.25347331620718266,-0.0946714706494956,17.104228504817815,25001000.0,26.09651675372
G5901,90.25218748173782,23.751753822549617,0.21820087927713108,-0.0896214096853163,17.104228504817815,25001000.0,25.93402121804348
G5902,90.25209272940884,23.756264893465183,0.24648055609763558,-0.1159722351990587,17.104228504817815,25001000.0,25.62618748803936
G5903,90.25199795359735,23.76077596139151,0.27871188986486234,-0.11804014167003421,17.104228504817815,25001000.0,25.97857183388724
G5904,90.25190315429982,23.76528702632809,0.28907322132738306,-0.124998670352995,17.104228504817815,25001000.0,25.892989641372047
G5905,90.25180833151263,23.769798088274456,0.2784383938693816,-0.1232738038723858,17.104228504817815,25001000.0,25.88168483315172
G5906,90.25171348523222,23.77430914723014,0.2531965669954029,-0.1059677690113385,17.104228504817815,25001000.0,25.729713604082058
G5907,90.25161861545496,23.77882020319465,0.1986474508241159,-0.05408652283555551,17.104228504817815,25001000.0,26.93799248607337
G5908,90.25152372217732,23.78333125616752,0.2103012810835935,-0.07026536905314561,16.870496154671997,25001000.0,26.372962956155767
G5909,90.25142880539566,23.787842306148264,0.147254102831189,-0.016305343041398114,17.104228504817815,25001000.0,28.09326027722099
G5910,90.25133386510645,23.79235335313641,0.17099452961389508,-0.037311229284510715,17.076211058414145,25001000.0,27.521290754214856
G5911,90.25123890130604,23.79686439713147,0.1578378315524725,-0.019935123737170116,17.104228504817815,25001000.0,28.038089002265792
G5912,90.25114391399087,23.801375438132983,0.13175795278364688,0.009032412394024286,16.813660333776426,25001000.0,28.87439727357693
G5913,90.25104890315735,23.80588647614045,0.1380689785861785,-0.005373669960305513,17.104228504817815,25001000.0,28.37965933329912
G5914,90.2509538688019,23.810397511153425,0.1409703327603401,-0.01597651549489631,17.102104778220934,25001000.0,28.09326027722099
G5915,90.25085881092087,23.81490854317141,0.15997641099273488,-0.030460442947571515,17.104228504817815,25001000.0,27.661251633395363
G5916,90.25076372951077,23.81941957219392,0.1440413733424208,-0.05114350401125081,17.383493667109775,25001000.0,26.775382799040266
G5917,90.25066862456788,23.823930598220496,0.1482427105056258,-0.056592641667768014,17.104228504817815,25001000.0,26.71576797395178
G5918,90.25057349608868,23.828441621250647,0.1285476466057138,-0.027546568415927015,17.58413920701591,25001000.0,27.62160573345291
G5919,90.25047834406952,23.8329526412839,0.1311798292907272,-0.010597241527608015,17.104228504817815,25001000.0,28.15531579374881
G5920,90.25038316850689,23.837463658319777,0.1306150928729912,-0.015527092119099814,18.319088905205064,25001000.0,28.075285954571893
G5921,90.25028796939708,23.841974672357807,0.1385642692165024,-0.019720534206179814,17.104228504817815,25001000.0,27.980751828283694
G5922,90.25019274673652,23.846485683397503,0.10599390271308289,-0.0008790748566507136,18.194280052086327,25001000.0,28.487353691101713
G5923,90.25009750052168,23.8509966914384,0.1188826976081297,-0.006179060743022413,17.104228504817815,25001000.0,28.36930544501566
G5924,90.25000223074883,23.85550769648001,0.1575798710677642,-0.03745992312650431,17.272660333776486,25001000.0,27.521290754214856
G5925,90.2499069374145,23.860018698521863,0.2096637938092241,-0.07427111545825471,17.104228504817815,25001000.0,26.418636311164505
G5926,90.24981162051498,23.864529697563484,0.2360449410934809,-0.1096318661920151,16.901221977612096,25001000.0,25.587142750684762
G5927,90.24971628004668,23.869040693604383,0.2205201195446778,-0.0737236289847224,17.104228504817815,25001000.0,26.435847352009777
G5928,90.24962091600602,23.873551686644102,0.2509183321878933,-0.1144952578723354,16.370363036479176,25001000.0,25.54185806121172
G5929,90.24952552838938,23.87806267668216,0.2540300842530461,-0.107607981067407,17.104228504817815,25001000.0,25.75506192056128
G5930,90.24943011719314,23.88257366371806,0.2518974906921977,-0.09937512895904631,16.246579252695398,25001000.0,25.895152044027157
G5931,90.24933468241368,23.887084647751344,0.27210179813176516,-0.12352602291956781,17.104228504817815,25001000.0,25.849430391510356
G5932,90.2492392240474,23.89159562878153,0.27975575754646576,-0.13319482836299001,16.35225492837108,25001000.0,25.69562908720974
G5933,90.24914374209068,23.896106606808143,0.26795366917709584,-0.1299478963405905,17.104228504817815,25001000.0,25.670931894095645
G5934,90.24904823653992,23.900617581830705,0.25942544161576325,-0.1205018348057915,16.541549222665395,25001000.0,25.586368478534627
G5935,90.24895270739148,23.905128553848744,0.169688304973109,-0.04937214738505801,17.104228504817815,25001000.0,27.0591200636972
G5936,90.24885715464173,23.909639522861784,0.1516379066253304,-0.018385969310969315,17.440160333776447,25001000.0,27.882938643078088
G5937,90.24876157828706,23.91415048886933,0.14133178856506728,-0.016962869411785014,17.104228504817815,25001000.0,27.991213161788703
G5938,90.24866597832388,23.918661451870936,0.152504557064932,-0.03749652918042831,17.744420897156743,25001000.0,27.137965879461312
G5939,90.24857035474852,23.923172411866105,0.1442698562557685,-0.04893316743826712,17.104228504817815,25001000.0,26.895208411541674
G5940,90.24847470755738,23.92768336885436,0.16257820618886978,-0.030912543758748613,17.406827000443144,25001000.0,27.583094799155436
G5941,90.24837903674684,23.93219432283524,0.17872010668379598,-0.06514170157481901,17.104228504817815,25001000.0,26.672395302866633
G5942,90.24828334231329,23.93670527380825,0.1905723774066442,-0.06450225282744801,17.201984658100827,25001000.0,26.662687391538466
G5943,90.24818762425303,23.94121622177293,0.2107804017174427,-0.09021889001231051,17.104228504817815,25001000.0,25.89089997768595
G5944,90.2480918825625,23.9457271667288,0.1739662575308194,-0.1091976330039696,17.496579252695398,25001000.0,25.63732165581402
G5945,90.24799611723806,23.95023810867537,0.2012569092593799,-0.10205208955417401,17.104228504817815,25001000.0,25.671756418260784
G5946,90.24790032827606,23.954749047612182,0.19358238368456418,-0.1029611606250828,17.673876549992684,25001000.0,25.668140558315827
G5947,90.24780451567288,23.959259983538747,0.20281603473692658,-0.0957557745659367,17.104228504817815,25001000.0,25.793715621285152
G5948,90.24770867942487,23.96377091645461,0.1713042791863177,-0.0990308479976124,17.683876549992675,25001000.0,25.629446721507612
G5949,90.24761281952846,23.96828184635926,0.1306304414134615,-0.0780854952789774,17.104228504817815,25001000.0,25.763031906490273
G5950,90.24751693597992,23.97279277325226,0.1666389168967892,-0.08881490795847011,17.60752334747511,25001000.0,25.791093303827154
G5951,90.24742102877566,23.977303697133102,0.1914556846725885,-0.0806990246153829,17.104228504817815,25001000.0,26.19903289716122
G5952,90.24732509791204,23.98181461800133,0.1891487839033832,-0.0754201766784409,17.260903577019718,25001000.0,26.325577664249426
G5953,90.24722914338544,23.986325535856466,0.1979712187769451,-0.0632855520221775,17.104228504817815,25001000.0,26.76707522859349
G5954,90.24713316519218,23.99083645069802,0.14887474618293328,-0.019849834857082114,17.14711979323593,25001000.0,27.980751828283694
G5955,90.24703716332864,23.99534736252553,0.17459541548540108,-0.045489720624421914,17.104228504817815,25001000.0,27.09365388799013
G5956,90.24694113779118,23.999858271338525,0.2052679686761924,-0.07640821798755991,17.03355074473538,25001000.0,26.433468585725247
G5957,90.24684508857617,24.00436917713651,0.19768859827103138,-0.06826327021237001,17.104228504817815,25001000.0,26.4761034150194
G5958,90.24674901567992,24.008880079919027,0.1647359564124653,-0.038164370554889714,17.104228504817815,25001000.0,27.408997001854665
G5959,90.2466529190988,24.0133909796856,0.18683361558854308,-0.0647592596137138,17.104228504817815,25001000.0,26.662687391538466
G5960,90.2465567988292,24.01790187643574,0.2213160785143447,-0.08195678785252981,17.104228504817815,25001000.0,26.25988243351986
G5961,90.2464606548674,24.022412770168984,0.18687253701478249,-0.05680906987053251,17.104228504817815,25001000.0,26.92937247426043
G5962,90.24636448720985,24.02692366088485,0.1442664893108746,-0.020585334078904415,17.104228504817815,25001000.0,27.949645787251214
G5963,90.2458379226419,24.031108433738,0.18387205755906,-0.06158976085006621,17.104228504817815,25001000.0,26.79466573214736
G5964,90.24436434663806,24.033761682754506,0.203972584175079,-0.08272086421275601,17.104228504817815,25001000.0,26.230647918741546
G5996,90.25724238893152,23.65473384888085,0.2020201942990312,-0.1505690648121086,17.104228504817815,25001000.0,25.665668089686125
G5997,90.25896472408638,23.657239248509622,0.2190398605859682,-0.10084202485799,16.131628587744757,25001000.0,25.620313973832584
G5998,90.25897510484248,23.661618534716244,0.2190281787442778,-0.06603163879610481,17.104228504817815,25001000.0,26.714076660240735
G5999,90.25888098905868,23.666129683832235,0.216033437176418,-0.03137511011448711,15.147660333776486,25001000.0,27.321009445979364
G6000,90.25878684990532,23.670640829969773,0.2403887739181251,-0.06755102511611721,17.104228504817815,25001000.0,26.72739967810309
G6001,90.25869268737893,23.67515197312837,0.2290238588345288,-0.04367060707798191,14.279355249030713,25001000.0,26.807125819493262
G6002,90.25859850147586,23.679663113307555,0.23739877448972868,-0.05930712477317451,17.104228504817815,25001000.0,27.058924622501596
G6003,90.2585042921926,23.68417425050685,0.2458216873284718,-0.06741498241769321,14.693466785389404,25001000.0,26.65105014566897
G6004,90.2584100595256,23.68868538472577,0.2035391295516471,-0.05489298934859892,17.104228504817815,25001000.0,26.97108732388301
G6005,90.2583158034713,23.69319651596384,0.21555575707671049,-0.05399420078062411,15.587511080045118,25001000.0,26.9922157352061
G6006,90.25822152402615,23.697707644220586,0.2256355174541628,-0.0822923597767978,17.104228504817815,25001000.0,26.33703707842962
G6007,90.25812722118656,23.70221876949552,0.2534355138806649,-0.10075705158298841,15.586018542731694,25001000.0,26.06309836118458
G6008,90.25803289494904,23.70672989178817,0.24520704509614838,-0.0893180428417773,17.104228504817815,25001000.0,26.20903362472947
G6009,90.25793854530993,23.711241011098064,0.2525066146292796,-0.09821176683320541,15.78064540840333,25001000.0,25.892944081154848
G6010,90.25788469196809,23.715745833870432,0.2501039740622335,-0.09463997968638001,17.104228504817815,25001000.0,26.09651675372
G6011,90.25774981539467,23.720263278398853,0.2429391951054034,-0.0907387994124313,16.262954451423553,25001000.0,26.051285341613575
G6012,90.2576553559478,23.724774351126385,0.23383611712697888,-0.1009148894000213,17.104228504817815,25001000.0,25.77590901245869
G6013,90.25756091266692,23.72928545850045,0.1497841478985379,-0.0827046146914268,16.456483863188197,25001000.0,25.90169659572488
G6014,90.25746644596668,23.73379656288936,0.2065344698942305,-0.0688182766957327,17.104228504817815,25001000.0,26.507718436599724
G6015,90.2573719558435,23.73830766429264,0.22829293814477408,-0.0863112594552049,16.1088368043647,25001000.0,26.128848308354375
G6016,90.2572774422938,23.742818762709813,0.27223016106454095,-0.10750140197542911,17.104228504817815,25001000.0,25.93732424616933
G6017,90.25718290531408,23.747329858140407,0.28864118096549757,-0.1188168044806728,15.824425039658792,25001000.0,25.891858611891184
G6018,90.25708834490072,23.75184095058394,0.2621221099275134,-0.09835013358647861,17.104228504817815,25001000.0,26.062215597255957
G6019,90.25699376105013,23.75635204003993,0.2075786593403975,-0.1052981587447465,16.088836804364718,25001000.0,25.513426043033824
G6020,90.25689915375874,23.7608631265079,0.2740473299760562,-0.1137897332862903,17.104228504817815,25001000.0,25.9380440068109
G6021,90.256804523023,23.76537420998737,0.2793837453620568,-0.11547795838851291,16.111189745541168,25001000.0,25.960906450318657
G6022,90.25670986883932,23.76988529047788,0.2227085590073769,-0.0984858574081963,17.104228504817815,25001000.0,25.77956250813487
G6023,90.25661519120412,23.774396367978927,0.2415336860399786,-0.09692645162769481,16.284526005418257,25001000.0,25.807367415297822
G6024,90.25652049011384,23.77890744249005,0.2125732075645537,-0.07008707558813591,17.104228504817815,25001000.0,26.487039551536476
G6025,90.25642576556486,23.783418514010773,0.16618911678519,-0.03868674482671231,16.64631705019437,25001000.0,27.322490813296614
G6026,90.25633101755363,23.787929582540613,0.13190243390889278,-0.005019992424989114,17.104228504817815,25001000.0,28.41222005115046
G6027,90.25623624607658,23.792440648079094,0.1005600703079939,0.017493584758393587,17.26623176234787,25001000.0,29.09717167846641
G6028,90.2561414511301,23.79695171062573,0.11128527005303049,-0.015987546258861212,17.104228504817815,25001000.0,28.05993360468427
G6029,90.25604663271064,23.801462770180063,0.1600426382736356,-0.034560347159881516,16.98104061546664,25001000.0,27.543066344121566
G6030,90.25595179081456,23.8059738267416,0.15441213897859069,-0.030337207033129313,17.104228504817815,25001000.0,27.661251633395363
G6031,90.25585692543832,23.810484880309865,0.12224868104577559,0.0061607801406117855,17.068771444887574,25001000.0,28.822258253233212
G6032,90.25576203657828,23.8149959308844,0.1382005822493656,-0.021719775990888215,17.104228504817815,25001000.0,27.832801025933794
G6033,90.25566712423092,23.81950697846469,0.13889333085450198,-0.025944513024285614,17.104228504817815,25001000.0,27.619127221333706
G6034,90.25557218839262,23.824018023050304,0.1294021110619878,-0.006125888758400713,17.104228504817815,25001000.0,28.37965933329912
G6035,90.25547722905976,23.828529064640737,0.13542309174022918,-0.011104596717070914,17.104228504817815,25001000.0,28.15531579374881
G6036,90.2553822462288,23.833040103235508,0.12219577555408799,-0.005232522546294614,17.104228504817815,25001000.0,28.36930544501566
G6037,90.25528723989608,23.83755113883415,0.1138812579278279,-0.005801437297357813,17.104228504817815,25001000.0,28.346332660762403
G6038,90.25519221005808,23.8420621714362,0.1005397681918971,0.0057185315744677865,17.104228504817815,25001000.0,28.803766327887256
G6039,90.25509715671116,23.84657320104115,0.10122374609173879,6.587527861798628e-05,17.104228504817815,25001000.0,28.519648622524787
G6040,90.25500207985172,23.85108422764855,0.11073881570764839,-0.0027900739070814136,17.104228504817815,25001000.0,28.42544193571343
G6041,90.25490697947616,23.85559525125792,0.12456067032028859,-0.013962843414390814,17.104228504817815,25001000.0,28.144961905465347
G6042,90.25481185558093,23.86010627186876,0.13721752818342628,-0.027737467472235315,17.104228504817815,25001000.0,27.619127221333706
G6043,90.25471670816236,23.864617289480616,0.2269081831673002,-0.0855553965623827,17.104228504817815,25001000.0,26.290093195189407
G6044,90.25462153721686,23.869128304093017,0.1967491672512759,-0.06028846019705871,17.104228504817815,25001000.0,26.88811665365581
G6045,90.25452634274087,23.873639315705464,0.23556299175541098,-0.09304409826130021,17.104228504817815,25001000.0,26.002462021959833
G6046,90.25443112473076,23.878150324317502,0.2356211176803055,-0.0906969798429018,17.104228504817815,25001000.0,26.072733780542226
G6047,90.25433588318292,23.88266132992864,0.24016486701072148,-0.0857319728496121,17.104228504817815,25001000.0,26.351976705331666
G6048,90.25424061809376,23.887172332538405,0.2421661080588986,-0.0816408927224929,17.104228504817815,25001000.0,26.427791232374847
G6049,90.25414532945965,23.891683332146325,0.2323350215661589,-0.1046800061784129,17.104228504817815,25001000.0,25.649381030087806
G6050,90.254050017277,23.89619432875192,0.2422147516822008,-0.1264469588155154,17.104228504817815,25001000.0,25.59730436691243
G6051,90.25395468154215,23.90070532235472,0.27488616608189476,-0.1273628653365258,17.104228504817815,25001000.0,25.845048272921
G6052,90.25385932225156,23.90521631295423,0.1513650809728526,-0.021031954284752113,17.104228504817815,25001000.0,27.832801025933794
G6053,90.2537639394016,23.90972730055,0.1436874542072212,-0.022944920557941513,17.104228504817815,25001000.0,27.832801025933794
G6054,90.25366853298864,23.91423828514153,0.1619672338536767,-0.04134391882345841,17.104228504817815,25001000.0,27.351844249387824
G6055,90.25357310300905,23.91874926672837,0.1113744156084035,-0.012839705421003114,17.104228504817815,25001000.0,28.121989121212092
G6056,90.25347764945924,23.92326024531001,0.16246902751263329,-0.037007993082528313,17.104228504817815,25001000.0,27.521290754214856
G6057,90.25338217233558,23.927771220886008,0.1775719946282335,-0.05435131460278782,17.104228504817815,25001000.0,26.927892658031116
G6058,90.25328667163446,23.932282193455872,0.22774842499006398,-0.07758788063733171,17.104228504817815,25001000.0,26.414069628448136
G6059,90.25319114735224,23.93679316301913,0.20422697347630958,-0.0634290730929473,17.104228504817815,25001000.0,26.798690250173816
G6060,90.25309559948532,23.9413041295753,0.20220520364429878,-0.07480062303046581,17.104228504817815,25001000.0,26.325577664249426
G6061,90.25300002803009,23.945815093123915,0.2044536528772706,-0.09500935215407211,17.104228504817815,25001000.0,25.855998022789585
G6062,90.25290443298287,23.950326053664494,0.17804540786892248,-0.0828540455801716,17.104228504817815,25001000.0,26.186712318171942
G6063,90.25280881434011,23.95483701119656,0.19893597314349068,-0.0912977807455471,17.104228504817815,25001000.0,25.87647838175534
G6064,90.25271317209815,23.95934796571963,0.2228405170886752,-0.09039065866766521,17.104228504817815,25001000.0,25.937016152328006
G6065,90.25261750625336,23.96385891723325,0.1991788330911315,-0.0946211015907082,17.104228504817815,25001000.0,25.855998022789585
G6066,90.2525218168021,23.96836986573693,0.1401573129320081,-0.07419279287649891,17.104228504817815,25001000.0,25.95139570743743
G6067,90.25242610374076,23.9728808112302,0.1846505500164159,-0.0844857244040577,17.104228504817815,25001000.0,26.177856952970412
G6068,90.2523303670657,23.97739175371257,0.20288142064267228,-0.0754651941156169,17.104228504817815,25001000.0,26.35719268582975
G6069,90.25217371613154,23.98183988848514,0.17157302834858018,-0.05288136975844072,17.104228504817815,25001000.0,26.927892658031116
G6070,90.25102108429826,23.986091948308577,0.1592884911765744,-0.018237313425784014,17.104228504817815,25001000.0,27.997258635958623
G6071,90.25029261185718,23.990941580705808,0.1517213264953998,-0.03890616626077451,17.104228504817815,25001000.0,27.02567212710112
G6072,90.25190809710884,23.99547631332889,0.13279260549488658,-0.008431117760959913,17.104228504817815,25001000.0,28.20434769166141
G6073,90.25147604369296,23.99979422280773,0.14204050800242268,-0.024673846913249513,17.104228504817815,25001000.0,27.755269687711657
G6074,90.25160650375469,24.00453820281691,0.17642743903507138,-0.0751563789997494,17.104228504817815,25001000.0,26.335285575577593
G6075,90.25165954885104,24.0089682667444,0.17381115810772668,-0.04043289422615831,16.70219366710981,25001000.0,27.27367621999
G6076,90.2515636231354,24.01347918512255,0.1884259245465288,-0.03204294081233841,17.104228504817815,25001000.0,27.543066344121566
G6077,90.2510744793883,24.01773007579364,0.22130993720196168,-0.0853222751738438,16.583961703639517,25001000.0,26.03831300338721
G6078,90.25004129219724,24.02241690996909,0.2191314921087477,-0.08209292476454391,17.104228504817815,25001000.0,26.27620194899864
G6079,90.2505410717886,24.0268303445524,0.1653003157844235,-0.021450629727288815,17.169715128297042,25001000.0,27.890138199915892
G6080,90.24913435029175,24.02950569117193,0.0866515121529588,0.026550154491022486,17.104228504817815,25001000.0,29.465480840126197
G6113,90.26576813871884,23.65438574725488,0.1695471286626565,-0.10875251458979841,17.104228504817815,25001000.0,25.447422303640593
G6114,90.26414335869546,23.65746313618555,0.2283935852320607,-0.0674102586182327,17.104228504817815,25001000.0,26.654649186345313
G6115,90.26387263055092,23.661705137741063,0.20830338869517778,-0.045643553917387815,17.104228504817815,25001000.0,27.144570550478267
G6116,90.26377868241636,23.66621630533984,0.2046179864557585,-0.019642278840584212,17.104228504817815,25001000.0,28.072073559682327
G6117,90.26368471095388,23.67072746996137,0.233778910863336,-0.04486590701376461,17.104228504817815,25001000.0,27.208379951556346
G6118,90.26359071615984,23.67523863160521,0.23961282824274038,-0.05173868235714561,17.104228504817815,25001000.0,27.09311693810355
G6119,90.2634966980308,23.67974979027085,0.2520457891609151,-0.07572589576916991,17.104228504817815,25001000.0,26.520635599625948
G6120,90.26340265656312,23.684260945957845,0.2171475641013233,-0.04267853665740881,17.104228504817815,25001000.0,27.363404404524644
G6121,90.26330859175332,23.688772098665684,0.23717272215083068,-0.056490902442471916,17.104228504817815,25001000.0,27.058924622501596
G6122,90.26321450359784,23.693283248393914,0.2321683101115947,-0.0860940813669286,17.104228504817815,25001000.0,26.267269357601105
G6123,90.2631203920931,23.697794395142044,0.2399199418885973,-0.1006315105655661,17.104228504817815,25001000.0,25.784016717614747
G6124,90.26302625723557,23.7023055389096,0.22993291043584949,-0.0764329954149109,17.104228504817815,25001000.0,26.477177071163418
G6125,90.26293209902168,23.706816679696107,0.2286150567383052,-0.0750589724889861,17.104228504817815,25001000.0,26.506321322096163
G6126,90.26283791744788,23.711327817501083,0.2424192493748325,-0.09000311135872671,17.104228504817815,25001000.0,26.10434718842517
G6127,90.2627437125106,23.71583895232405,0.2490362126958794,-0.09322802505078821,17.104228504817815,25001000.0,26.206788890500338
G6128,90.26264948420634,23.720350084164536,0.20854692674379438,-0.0750185192873659,17.104228504817815,25001000.0,26.418636311164505
G6129,90.26255523253148,23.724861213022056,0.16131828944481408,-0.0879966755515936,17.104228504817815,25001000.0,25.83754370007391
G6130,90.26246095748247,23.729372338896138,0.2320282433559649,-0.07470464375714961,17.104228504817815,25001000.0,26.53485741581789
G6131,90.2623666590558,23.733883461786306,0.22773203856348878,-0.0793284709729352,17.104228504817815,25001000.0,26.396888530704082
G6132,90.26227233724784,23.73839458169208,0.26258159897081107,-0.1138159260311186,17.104228504817815,25001000.0,25.731363847413114
G6133,90.26217799205506,23.74290569861297,0.28377447895534735,-0.12084054346774581,17.104228504817815,25001000.0,26.016065493769116
G6134,90.26208362347391,23.74741681254852,0.2897730312806612,-0.12378337761562011,17.104228504817815,25001000.0,25.912148724602975
G6135,90.2619892315008,23.75192792349825,0.2474555100248504,-0.09327830895836091,17.104228504817815,25001000.0,26.19538533989556
G6136,90.26189481613216,23.756439031461657,0.2143430030320808,-0.1041257732608786,17.104228504817815,25001000.0,25.620949503842382
G6137,90.26180037736444,23.7609501364383,0.2715956248200301,-0.11609590244855131,17.104228504817815,25001000.0,25.9380440068109
G6138,90.26170591519409,23.76546123842768,0.26054972757929784,-0.11361335053903421,17.104228504817815,25001000.0,25.74208565061639
G6139,90.26161142961747,23.769972337429323,0.2049349545097739,-0.07006599890758271,17.104228504817815,25001000.0,26.425595926201723
G6140,90.26151692063112,23.77448343344276,0.21018182515057468,-0.0679956007334896,17.104228504817815,25001000.0,26.569162061934477
G6141,90.26142238823137,23.778994526467496,0.1804149755176659,-0.04491881502626142,17.104228504817815,25001000.0,27.230828617807333
G6142,90.26132783241466,23.783505616503074,0.15541836552312338,-0.034753167290888815,17.104228504817815,25001000.0,27.543066344121566
G6143,90.26123325317744,23.788016703549008,0.13464176314867318,-0.0031367887771002138,17.104228504817815,25001000.0,28.458768608250146
G6144,90.26113865051614,23.792527787604826,0.10792033477586549,0.025087517992133886,17.104228504817815,25001000.0,29.37675067877073
G6145,90.26104402442718,23.79703886867003,0.14127039470153419,-0.05261339039211332,17.104228504817815,25001000.0,26.620421946343782
G6146,90.26094937490696,23.80154994674417,0.1384115044856068,-0.015562815762467114,17.104228504817815,25001000.0,28.09326027722099
G6147,90.26085470195191,23.80606102182676,0.1354621877155711,-0.018692528555678413,17.104228504817815,25001000.0,27.980751828283694
G6148,90.26076000555848,23.81057209391733,0.1736720717521558,-0.03633080701828941,17.104228504817815,25001000.0,27.521290754214856
G6149,90.26066528572304,23.815083163015384,0.1350674823572906,-0.012523375425651214,17.104228504817815,25001000.0,28.15531579374881
G6150,90.26057054244204,23.81959422912045,0.1478510158991479,-0.04937112504294212,17.5316603337765,25001000.0,26.918392405990755
G6151,90.2604757757119,23.824105292232083,0.1363977340630476,-0.021418893360459115,17.104228504817815,25001000.0,27.832801025933794
G6152,90.260380985529,23.82861635234977,0.09523816446242549,0.023373200408068787,18.01080319091929,25001000.0,29.370179721948855
G6153,90.26028617188976,23.833127409473047,0.10962006261198999,0.00025709949886968623,17.104228504817815,25001000.0,28.519648622524787
G6154,90.26019133479063,23.837638463601422,0.12296363872444069,-0.008058178517435413,18.098803190919313,25001000.0,28.19399380337795
G6155,90.260096474228,23.842149514734466,0.11784833435457819,0.00014433648789948655,17.104228504817815,25001000.0,28.542621406778043
G6156,90.2600015901983,23.846660562871644,0.11767396396609439,-0.004373252545994814,18.37266033377645,25001000.0,28.383891840217903
G6157,90.25990668269787,23.85117160801252,0.1138930230070067,-0.010177844065631913,17.104228504817815,25001000.0,28.121989121212092
G6158,90.2598117517232,23.8556826501566,0.1035538669831486,-0.008886425094052814,17.840715889332017,25001000.0,28.171021019124694
G6159,90.25971679727066,23.860193689303404,0.1253477435976356,-0.016437497929975113,17.104228504817815,25001000.0,28.09326027722099
G6160,90.25962181933664,23.864704725452462,0.2129987831699586,-0.0764391947846101,16.945160333776442,25001000.0,26.355859173959413
G6161,90.25952681791756,23.86921575860331,0.1958789496883776,-0.06005186286786601,17.104228504817815,25001000.0,26.987302811557427
G6162,90.25943179300984,23.87372678875546,0.2235464836118381,-0.08484425369089951,16.593824717338094,25001000.0,26.055729533602346
G6163,90.25933674460988,23.878237815908435,0.19778208853142118,-0.06387778661262221,17.104228504817815,25001000.0,26.76707522859349
G6164,90.25924167271404,23.88274884006176,0.2223411183215609,-0.0771804813255153,16.381984658100777,25001000.0,26.265342946946383
G6165,90.25914657731876,23.88725986121496,0.2211697800731016,-0.0710827817795909,17.104228504817815,25001000.0,26.435847352009777
G6166,90.25905145842044,23.89177087936756,0.26117606782397185,-0.1162426724504353,16.381173847289944,25001000.0,25.587588150256313
G6167,90.25895631601544,23.89628189451908,0.2429113434042011,-0.09969005822762321,17.104228504817815,25001000.0,25.807133717758635
G6168,90.2588611501002,23.900792906669047,0.21909930687553458,-0.0842320104480662,16.59230822110041,25001000.0,26.049897805100866
G6169,90.25876596067108,23.905303915816983,0.1888039399218214,-0.05450334393514462,17.104228504817815,25001000.0,26.927892658031116
G6170,90.2586707477245,23.909814921962425,0.1771224114081463,-0.03827621781493101,17.451549222665363,25001000.0,27.449025456888535
G6171,90.25857551125682,23.914325925104883,0.11118968667776469,-0.017114444071336513,17.104228504817815,25001000.0,28.00038877144337
G6172,90.25848025126446,23.918836925243884,0.09809251273942309,-0.008694742706140714,17.76080319091929,25001000.0,28.171021019124694
G6173,90.2583849677438,23.92334792237895,0.11925401902895069,-0.009037573333824314,17.104228504817815,25001000.0,28.19399380337795
G6174,90.25828966069125,23.92785891650961,0.15428561248101638,-0.027803953040428014,17.629491319691937,25001000.0,27.716492850349674
G6175,90.25819433010317,23.9323699076354,0.1690286341994024,-0.040438216290418716,17.104228504817815,25001000.0,27.351844249387824
G6176,90.25809897597593,23.93688089575582,0.1912274830971951,-0.055233953400540214,17.467104778220943,25001000.0,26.9694009292943
G6177,90.25800359830596,23.94139188087041,0.172264182512747,-0.059129668217598616,17.104228504817815,25001000.0,26.92937247426043
G6178,90.25790819708963,23.94590286297869,0.1762197879486562,-0.06198142421247881,17.64711979323593,25001000.0,26.797003855585107
G6179,90.25781277232332,23.950413842080195,0.1667778666213731,-0.07199972241159511,17.104228504817815,25001000.0,26.287988828916184
G6180,90.2577173240034,23.954924818174423,0.1600284358748128,-0.046710812073600116,17.589393667109817,25001000.0,27.133682343024
G6181,90.25762185212626,23.95943579126093,0.17379977092164478,-0.053428391989511916,17.104228504817815,25001000.0,26.927892658031116
G6182,90.25752635668827,23.963946761339223,0.1760229450136512,-0.04419501860563421,17.36752700044312,25001000.0,27.270857072841203
G6183,90.25743083768586,23.968457728408826,0.1655260261405308,-0.057460689874220414,17.104228504817815,25001000.0,26.905004887472817
G6184,90.25733529511533,23.97296869246928,0.2212825214719169,-0.0879017108228913,17.33339366710979,25001000.0,26.05988230525299
G6185,90.25691483646868,23.97722668723368,0.1814312987929212,-0.055647406580901414,17.104228504817815,25001000.0,26.92937247426043
G6186,90.2555924342398,23.981683461377845,0.1362405877977698,-0.014184030042335115,17.104228504817815,25001000.0,28.15531579374881
G6189,90.25499141846612,23.995762409304927,0.08651335685411049,0.017953457041338286,17.104228504817815,25001000.0,29.22169136880001
G6190,90.25457806211736,23.998231363254625,0.09127791010705189,0.0804648878876586,17.104228504817815,25001000.0,32.20275864535798
G6191,90.25463238922706,24.005900370105472,0.16286870998298558,-0.017139773238670813,17.104228504817815,25001000.0,28.048550335770802
G6192,90.256147667278,24.00952765534148,0.15035146460058238,0.024429528884268085,17.104228504817815,25001000.0,29.075757639631
G6193,90.25646702290058,24.01356112512677,0.1638446771000404,0.019872087576438085,17.104228504817815,25001000.0,29.18914262201809
G6194,90.2561845113634,24.01643999307748,0.19664629476941128,-0.025067868616669015,16.30441709053323,25001000.0,27.53591777174117
G6230,90.2677592629906,23.65412277275863,0.187804891831685,-0.1144183720649191,17.104228504817815,25001000.0,25.65429052627412
G6231,90.2684915032928,23.65745505531928,0.20693550173759398,-0.07259216698016151,16.023057159173305,25001000.0,26.199358945579757
G6232,90.26877017958375,23.66179158630216,0.2060782491482445,-0.055933750887487414,17.104228504817815,25001000.0,26.994606434356307
G6233,90.26867639910202,23.66630277235076,0.20158133797736338,-0.020451271076104914,15.19341790953402,25001000.0,27.62917705509118
G6234,90.26858259533388,23.670813955423363,0.2021166144093135,-0.013200809413067314,17.104228504817815,25001000.0,28.15922258725052
G6235,90.26848876827584,23.675325135519472,0.2097323184877723,-0.024477368192121114,15.009899139746636,25001000.0,27.766590021040805
G6236,90.26839491792433,23.67983631263864,0.2225857367448518,-0.031955381412987115,17.104228504817815,25001000.0,27.564289496412822
G6237,90.26830104427582,23.68434748678037,0.2278796180112194,-0.05158791000953061,15.327198795314956,25001000.0,27.045621687557958
G6238,90.26820714732676,23.688858657944184,0.19676196597125428,-0.0852833084335481,17.104228504817815,25001000.0,26.132682147718103
G6239,90.2681132270736,23.69336982612961,0.21006518619609238,-0.0699997998204446,15.937954451423508,25001000.0,26.378884069959096
G6240,90.26801928351286,23.69788099133618,0.22387775125296008,-0.07507673077740071,17.104228504817815,25001000.0,26.435847352009777
G6241,90.2679253166409,23.702392153563387,0.24744121699324179,-0.09300656193843641,15.712287199448127,25001000.0,26.14928501938895
G6242,90.26783132645424,23.706903312810784,0.2389868044160547,-0.0830662141327953,17.104228504817815,25001000.0,26.427791232374847
G6243,90.26773731294928,23.711414469077887,0.2440353264501832,-0.0842899162271906,15.89586928900033,25001000.0,26.329156728553805
G6244,90.2676432761225,23.7159256223642,0.2445592919999399,-0.0883371172450557,17.104228504817815,25001000.0,26.34259506908431
G6245,90.26754921597036,23.72043677266927,0.12451010718539979,-0.06739271468910461,16.262954451423553,25001000.0,25.890692487677708
G6246,90.2674551324893,23.724947919992605,0.2482311358791842,-0.091649684140319,17.104228504817815,25001000.0,26.21033371859746
G6247,90.26736102567574,23.72945906433373,0.2354398158574477,-0.0831002773898527,16.36089562789411,25001000.0,26.2555396596452
G6248,90.26726689552618,23.733970205692177,0.23754259524231358,-0.0886658106405065,17.104228504817815,25001000.0,26.18840110673493
G6249,90.267172742037,23.73848134406746,0.2513534621287742,-0.1030968548361436,16.085601510247074,25001000.0,25.681050490387594
G6250,90.26707856520468,23.7429924794591,0.2642952258435461,-0.11040137973206031,17.104228504817815,25001000.0,25.846615073636514
G6251,90.26698436502568,23.74750361186663,0.27044872237415596,-0.1100772700708769,15.790601510247058,25001000.0,25.829280815746618
G6252,90.2668901414964,23.752014741289564,0.25164889694268117,-0.0963495895404535,17.104228504817815,25001000.0,26.093791409413356
G6253,90.26679589461332,23.756525867727422,0.2781766928538947,-0.11958590640969671,16.00207209848233,25001000.0,25.834530270924294
G6254,90.26670162437284,23.761036991179747,0.2245195590746115,-0.12007915975438191,17.104228504817815,25001000.0,25.662520030754674
G6255,90.2666073307714,23.76554811164604,0.24313468496027948,-0.1227974341812892,16.188674826530104,25001000.0,25.496294546637483
G6256,90.26651301380548,23.77005922912583,0.2275824598616639,-0.0835664515609371,17.104228504817815,25001000.0,26.352966744710898
G6257,90.26641867347146,23.774570343618645,0.2501206625737406,-0.09346569874966071,16.260601510247085,25001000.0,25.99025022184071
G6258,90.26632430976582,23.77908145512401,0.2222765215352448,-0.0845642951149667,17.104228504817815,25001000.0,26.229242711728986
G6259,90.26622992268496,23.78359256364144,0.174357211343123,-0.06487919016648841,16.56266033377645,25001000.0,26.512614531073016
G6260,90.26613551222536,23.788103669170468,0.14597343024314338,-0.027166095009981413,17.104228504817815,25001000.0,27.619127221333706
G6261,90.26604107838337,23.79261477171061,0.0933466561614289,0.018995317429767684,17.289946048062205,25001000.0,29.23212841769402
G6262,90.26594662115548,23.79712587126139,0.11901227978714739,-0.006817047488020514,17.104228504817815,25001000.0,28.36930544501566
G6263,90.26585214053812,23.80163696782234,0.16577056214929128,-0.032967917634935916,16.94627144488757,25001000.0,27.543066344121566
G6264,90.26575763652772,23.806148061392964,0.28469980382015975,-0.1333462663797035,17.104228504817815,25001000.0,25.814461022909512
G6265,90.26566310912064,23.81065915197281,0.2820899632177349,-0.12432495294267541,16.966111038001856,25001000.0,25.85618667891648
G6266,90.26556855831338,23.815170239561382,0.1907550732908108,-0.06425565321867141,17.104228504817815,25001000.0,26.76204216937151
G6267,90.26547398410231,23.81968132415822,0.1754311100238701,-0.05344823560261181,17.310993667109784,25001000.0,26.927892658031116
G6268,90.2653793864839,23.82419240576284,0.1565064262917717,-0.022034525655094114,17.104228504817815,25001000.0,27.890138199915892
G6269,90.26528476545457,23.82870348437477,0.1573020979526513,-0.023819031424904713,17.70566033377648,25001000.0,27.930166654949762
G6270,90.26519012101068,23.83321455999352,0.1748291121655087,-0.04838627719304901,17.104228504817815,25001000.0,27.07808258177952
G6271,90.26509545314867,23.83772563261863,0.19569023011006279,-0.056067128162144014,17.557378643635644,25001000.0,27.07868691523817
G6272,90.26500076186502,23.84223670224961,0.18341024398628689,-0.052627627428681815,17.104228504817815,25001000.0,26.927892658031116
G6273,90.2649060471561,23.846747768886,0.16422358403965098,-0.035821197233781514,17.663747290298176,25001000.0,27.561319209248726
G6274,90.26481130901831,23.851258832527304,0.13697595562259848,-0.019343439625144815,17.104228504817815,25001000.0,27.980751828283694
G6275,90.26471654744807,23.85576989317307,0.1453783044420239,-0.027024193972618012,17.104228504817815,25001000.0,27.619127221333706
G6276,90.26462176244183,23.8602809508228,0.1534563578522567,-0.027283591737320215,17.104228504817815,25001000.0,27.676464395315804
G6277,90.264526953996,23.86479200547603,0.2240620531525518,-0.0725888078454661,17.104228504817815,25001000.0,26.435847352009777
G6278,90.26443212210692,23.869303057132285,0.2198548461537617,-0.0768732412618843,17.104228504817815,25001000.0,26.420402707723696
G6279,90.26433726677108,23.873814105791087,0.2207609124803479,-0.06492215541319821,17.104228504817815,25001000.0,26.766301323544635
G6280,90.26424238798484,23.87832515145196,0.2277767251415698,-0.0759775212487669,17.104228504817815,25001000.0,26.490876677810082
G6281,90.26414748574464,23.88283619411441,0.2144848695478692,-0.07006477332209601,17.104228504817815,25001000.0,26.487039551536476
G6282,90.26405256004684,23.88734723377801,0.19430297801411578,-0.06358545010542412,17.104228504817815,25001000.0,26.756975400551237
G6283,90.26395761088789,23.89185827044223,0.2096790865067067,-0.07302634346345821,17.104228504817815,25001000.0,26.418636311164505
G6284,90.26386263826416,23.896369304106624,0.1857513543997534,-0.04996954564380431,17.104228504817815,25001000.0,27.0591200636972
G6285,90.26376764217208,23.900880334770715,0.1596257686037256,-0.024212324447143312,17.104228504817815,25001000.0,27.890138199915892
G6286,90.26367262260804,23.90539136243402,0.2008614137772146,-0.047054563048004316,17.104228504817815,25001000.0,27.103753716032383
G6287,90.26357757956843,23.90990238709607,0.1670096691405578,-0.044785766862741515,17.104228504817815,25001000.0,27.230828617807333
G6288,90.2634825130497,23.91441340875638,0.154041882009849,-0.020492048448260015,17.104228504817815,25001000.0,28.006982961233312
G6289,90.26338742304816,23.91892442741449,0.15569649961816479,-0.03856457061561831,17.104228504817815,25001000.0,27.408997001854665
G6290,90.26329230956028,23.92343544306991,0.0968345016803332,-0.0019481254539328704,17.104228504817815,25001000.0,28.42544193571343
G6291,90.26319717258242,23.927946455722168,0.0994932556206182,0.008105879996832386,17.104228504817815,25001000.0,28.91183579385464
G6292,90.263102012111,23.932457465370803,0.11080195183278489,-0.0025062815663611133,17.104228504817815,25001000.0,28.42544193571343
G6293,90.26300682814237,23.93696847201532,0.12863116252550938,-0.010153526082925314,17.104228504817815,25001000.0,28.15531579374881
G6294,90.26291162067297,23.941479475655253,0.2006744188132133,-0.07226677615285071,17.104228504817815,25001000.0,26.325577664249426
G6295,90.26281638969915,23.945990476290124,0.1714861464695538,-0.045067205216207516,17.104228504817815,25001000.0,27.230828617807333
G6296,90.26272113521732,23.950501473919463,0.1472996987571408,-0.06317828734342722,17.104228504817815,25001000.0,26.54337090024259
G6297,90.26262585722388,23.955012468542787,0.1404500477944608,-0.04100853902468651,17.104228504817815,25001000.0,27.294507075405726
G6298,90.2625305557152,23.95952346015963,0.14219983613807688,-0.017341800101815914,17.104228504817815,25001000.0,27.991213161788703
G6299,90.26243523068769,23.96403444876952,0.1455509016583452,-0.04934004703784452,17.104228504817815,25001000.0,26.918392405990755
G6300,90.26215755538593,23.968296366752764,0.15209981943603879,-0.018742120134342715,17.104228504817815,25001000.0,27.654764127512248
G6301,90.2604883160802,23.97381208208056,0.2040990850995073,-0.05333497215931091,17.104228504817815,25001000.0,26.969607507653695
G6302,90.26048165756887,23.97553995310038,0.21696213831538189,-0.0789799740542087,17.104228504817815,25001000.0,26.31679744588512
G6309,90.25957199120336,24.01046361965841,0.151946178954139,0.048693679801947484,17.104228504817815,25001000.0,30.459901142308798
G6310,90.2593017378062,24.013079496298253,0.14559514878071708,0.03290059094708569,17.104228504817815,25001000.0,30.085918074318684
G6348,90.27146857153576,23.65930330355413,0.1538094045390774,-0.1568336669566678,17.104228504817815,25001000.0,24.94965160737714
G6349,90.27246436872196,23.66246910585701,0.24361302583313,-0.10051458720865371,17.104228504817815,25001000.0,25.719964196826687
G6350,90.2735521430877,23.666409354845523,0.1982131496505264,-0.029108181357265513,17.104228504817815,25001000.0,27.653567930447323
G6351,90.27348050300382,23.67090028635276,0.21091776482209748,-0.024836969840433112,17.104228504817815,25001000.0,27.831079272456506
G6352,90.27338684368527,23.675411484868217,0.2380489227362955,-0.0681745162791537,17.104228504817815,25001000.0,26.713964735105254
G6353,90.27329316111484,23.679922680407945,0.23739366244711219,-0.07719593453452511,17.104228504817815,25001000.0,26.5479943400492
G6354,90.27319945528905,23.68443387297147,0.1632003537680872,-0.07885560604108861,17.104228504817815,25001000.0,26.1934929761191
G6355,90.27310572620426,23.688945062558307,0.2132565619609998,-0.0759104602907311,17.104228504817815,25001000.0,26.41182121964591
G6356,90.27301197385704,23.693456249167976,0.17176202614104719,-0.08528508335793161,17.104228504817815,25001000.0,26.120361568728825
G6357,90.27291819824376,23.697967432800013,0.1956201875695468,-0.091359586130589,17.104228504817815,25001000.0,25.87647838175534
G6358,90.27282439936096,23.702478613453927,0.2830881857115742,-0.11725660512276881,17.104228504817815,25001000.0,26.058047470130408
G6359,90.27273057720504,23.706989791129253,0.25397832419698135,-0.0968323640558993,17.104228504817815,25001000.0,26.05826351731168
G6360,90.27263673177252,23.711500965825508,0.2495652194368482,-0.0874383956683734,17.104228504817815,25001000.0,26.381848634418493
G6361,90.27254286305978,23.71601213754221,0.1606499311993608,-0.0748274826966173,17.104228504817815,25001000.0,26.287988828916184
G6362,90.27244897106333,23.72052330627889,0.2220604736420459,-0.0798763737943976,17.104228504817815,25001000.0,26.25988243351986
G6363,90.2723550557796,23.72503447203508,0.23981326262384958,-0.08943910961463711,17.104228504817815,25001000.0,26.10434718842517
G6364,90.27226111720503,23.729545634810275,0.1920756003519429,-0.05530772582832221,17.104228504817815,25001000.0,26.92937247426043
G6365,90.27216715533616,23.73405679460401,0.19767267688555348,-0.05804739646641111,17.104228504817815,25001000.0,26.939472302302683
G6366,90.27207317016932,23.73856795141584,0.2614371109343326,-0.10114705130571791,17.104228504817815,25001000.0,26.01120916109806
G6367,90.27197916170104,23.743079105245243,0.2526686696136158,-0.1057652395777513,17.104228504817815,25001000.0,25.729713604082058
G6368,90.27188512992772,23.747590256091765,0.28536733624242655,-0.1191946262184239,17.104228504817815,25001000.0,26.010690547590958
G6369,90.27179107484584,23.752101403954928,0.28697407578164014,-0.1213980031497317,17.104228504817815,25001000.0,26.016065493769116
G6370,90.27169699645182,23.756612548834248,0.29544040944111005,-0.13279101780982971,17.104228504817815,25001000.0,25.914378492480576
G6371,90.27160289474214,23.761123690729256,0.25688844695285584,-0.10924132401110041,17.104228504817815,25001000.0,25.778623067694376
G6372,90.27150876971324,23.76563482963948,0.2600340024973807,-0.1107337993908922,17.104228504817815,25001000.0,25.787692055653302
G6373,90.27141462136152,23.770145965564428,0.24812263230242548,-0.11123975781251931,17.104228504817815,25001000.0,25.62618748803936
G6374,90.27132044968346,23.77465709850363,0.25516126984646387,-0.11250659867958421,17.104228504817815,25001000.0,25.760093049824356
G6375,90.2712262546755,23.77916822845662,0.2539789199029578,-0.0952112788356572,17.104228504817815,25001000.0,26.108079083624173
G6376,90.27113203633408,23.78367935542291,0.2404818355604834,-0.08958047469083931,17.104228504817815,25001000.0,26.10434718842517
G6377,90.2710377946556,23.788190479402022,0.2232148915045685,-0.07777800392887321,17.104228504817815,25001000.0,26.34359565836175
G6378,90.27094352963653,23.792701600393496,0.09404707294892359,0.009687251160182085,17.104228504817815,25001000.0,28.905264837032764
G6379,90.2708492412733,23.797212718396832,0.12800256595341708,-0.0023922929617408136,17.104228504817815,25001000.0,28.458768608250146
G6380,90.27075492956234,23.801723833411582,0.2083896306462758,-0.08550722607723861,17.104228504817815,25001000.0,26.16512639944349
G6381,90.2706605945001,23.80623494543724,0.2555922467435391,-0.1058667169327923,17.104228504817815,25001000.0,25.795913023630934
G6382,90.270566236083,23.810746054473345,0.2384879351063834,-0.1057920025031694,17.104228504817815,25001000.0,25.643104796371258
G6383,90.27047185430747,23.81525716051944,0.2221548809117897,-0.0939141751433714,17.104228504817815,25001000.0,25.91653579336225
G6384,90.27037744916996,23.819768263575007,0.17823841430641119,-0.037364887429728114,17.104228504817815,25001000.0,27.521290754214856
G6385,90.27028302066684,23.824279363639608,0.19217744315934499,-0.04285675922656521,17.104228504817815,25001000.0,27.344931993761893
G6386,90.27018856879462,23.828790460712742,0.1856008918947148,-0.05634295196721131,17.104228504817815,25001000.0,26.92937247426043
G6387,90.27009409354966,23.83330155479396,0.2121338542547187,-0.08618135151516981,17.104228504817815,25001000.0,26.126707445655153
G6388,90.26999959492842,23.83781264588275,0.2013900741207095,-0.06962540934755221,17.104228504817815,25001000.0,26.4761034150194
G6389,90.26990507292732,23.842323733978663,0.21419799434042938,-0.0693524845715535,17.104228504817815,25001000.0,26.569162061934477
G6390,90.26981052754276,23.84683481908122,0.1548764004238599,-0.029039980079653013,17.104228504817815,25001000.0,27.661251633395363
G6391,90.2697159587712,23.851345901189937,0.20443673914862098,-0.07058205222979841,17.104228504817815,25001000.0,26.35719268582975
G6392,90.26962136660902,23.85585698030436,0.2112090351182181,-0.0777132344729738,17.476827000443137,25001000.0,26.419893361945107
G6393,90.26952675105268,23.860368056423965,0.21337134410025518,-0.061042710822779914,17.104228504817815,25001000.0,27.004694411044188
G6394,90.26943211209856,23.864879129548328,0.1904179796689548,-0.05879417830108902,16.496271444887583,25001000.0,26.80088294388355
G6395,90.26933744974308,23.86939019967696,0.16715023822390318,-0.050120700985972017,17.104228504817815,25001000.0,27.00173173142602
G6396,90.26924276398267,23.873901266809355,0.228496533987408,-0.08592955358071641,16.590993667109814,25001000.0,26.148813844793384
G6397,90.26914805481378,23.87841233094508,0.1868770951250304,-0.045766367207330814,17.104228504817815,25001000.0,27.09365388799013
G6398,90.26905332223276,23.88292339208364,0.2043354958592705,-0.07645142696532771,16.58684952296565,25001000.0,26.158884149834165
G6399,90.26895856623608,23.88743445022456,0.1873371599181028,-0.07048030580606171,17.104228504817815,25001000.0,26.393980904621397
G6400,90.26886378682008,23.891945505367364,0.1809602628057582,-0.0652108702435306,16.58587951185862,25001000.0,26.490542690077973
G6401,90.26876898398125,23.896456557511573,0.170286465597259,-0.03804644841400781,17.104228504817815,25001000.0,27.408997001854665
G6402,90.26867415771592,23.900967606656728,0.15353019593037529,-0.029144945842153915,16.56067403240658,25001000.0,27.59283190724438
G6403,90.26857930802056,23.905478652802344,0.1599659275614197,-0.022002946217324515,17.104228504817815,25001000.0,27.890138199915892
G6404,90.26848443489156,23.90998969594794,0.1778761632157174,-0.040012664150778914,17.200438111554234,25001000.0,27.351844249387824
G6405,90.26838953832532,23.914500736093043,0.1778880122569733,-0.03537357931962471,17.104228504817815,25001000.0,27.543066344121566
G6406,90.26829461831824,23.91901177323719,0.16760005193063668,-0.037390407685033114,17.72651747663363,25001000.0,27.561319209248726
G6407,90.26819967486674,23.923522807379896,0.14002088074129698,-0.020391457754584015,17.104228504817815,25001000.0,27.949645787251214
G6408,90.26810470796718,23.928033838520683,0.14571808266722688,-0.03239332531180831,17.66651747663363,25001000.0,27.485729170139468
G6409,90.268009717616,23.93254486665908,0.13273301495674888,-0.021837578454993112,17.104228504817815,25001000.0,27.832801025933794
G6410,90.2679147038096,23.937055891794625,0.10600897050600139,0.0016241574324718862,17.659068784480695,25001000.0,28.519648622524787
G6411,90.26781966654436,23.941566913926824,0.1323782340044081,-0.010845748192837814,17.104228504817815,25001000.0,28.15531579374881
G6412,90.26772460581668,23.94607793305521,0.1789800983339637,-0.038759422812751715,17.62182700044312,25001000.0,27.449025456888535
G6413,90.26762952162298,23.95058894917931,0.10256785286093209,0.023739936699720285,17.104228504817815,25001000.0,29.37675067877073
G6414,90.2675344139596,23.95509996229864,0.135579643050716,-0.032646519720361915,17.417660333776467,25001000.0,27.485729170139468
G6415,90.267439282823,23.959610972412744,0.1320075150426546,-0.011622695228619114,17.104228504817815,25001000.0,28.15531579374881
G6416,90.26719308414052,23.96402830862695,0.1524289619797638,-0.019501744918596013,17.175227901344016,25001000.0,27.654764127512248
G6417,90.26693029730616,23.967891490031587,0.108910660157166,0.013661291061912387,17.104228504817815,25001000.0,28.714261901301782
G6467,90.27750500492807,23.667275674792737,0.1985000170423548,-0.03604088323999431,15.494471927979333,25001000.0,27.181595901306938
G6468,90.27835493548584,23.67100656661312,0.2237712112542531,-0.05886596281950141,17.104228504817815,25001000.0,27.062649566166428
G6469,90.2782849423466,23.67549767964849,0.2083351661667609,-0.06729662453833121,16.00560151024709,25001000.0,26.396334043939124
G6470,90.27819142756078,23.680008893575835,0.11371007654589499,-0.058207264390166415,17.104228504817815,25001000.0,26.443598845601183
G6471,90.27809788956118,23.684520104528204,0.1985363600323686,-0.07861182132983671,15.806914065119742,25001000.0,26.05540713279398
G6472,90.27800432834428,23.689031312505094,0.27609387594339607,-0.11202196783116591,17.104228504817815,25001000.0,25.951757016479977
G6473,90.27791074390645,23.693542517506057,0.26921364496442796,-0.11081819834073771,15.901540930791414,25001000.0,25.67122781793617
G6474,90.27781713624424,23.69805371953061,0.2052784941266069,-0.0936728084375774,17.104228504817815,25001000.0,25.855998022789585
G6475,90.27772350535412,23.702564918578258,0.2048317478176821,-0.09070567945602981,15.954078244224235,25001000.0,25.73092543834229
G6476,90.27762985123252,23.70707611464855,0.23177475822553179,-0.09361769851902321,17.104228504817815,25001000.0,25.973365439969943
G6477,90.27753617387592,23.711587307740995,0.1717659479564645,-0.0913126148935154,16.107072098482348,25001000.0,25.53804924235622
G6478,90.2774424732808,23.71609849785512,0.2015721676579819,-0.0860634667025293,17.104228504817815,25001000.0,26.094263193929766
G6479,90.27734874944356,23.72060968499045,0.23165532879521808,-0.0867858952351123,16.305895627894103,25001000.0,26.11563825245087
G6480,90.27725500236072,23.72512086914649,0.22643036624130858,-0.0739793103560591,17.104228504817815,25001000.0,26.519262299617854
G6481,90.27716123202872,23.729632050322795,0.19674409632818088,-0.06164548089707751,16.28824856907059,25001000.0,26.616682896356238
G6482,90.27706743844404,23.734143228518874,0.2216326124485954,-0.0748378012638744,17.104228504817815,25001000.0,26.435847352009777
G6483,90.27697362160308,23.738654403734248,0.26655387457908086,-0.1026699598592964,16.194719157305855,25001000.0,25.85061866167117
G6484,90.27687978150236,23.74316557596843,0.26300103708259137,-0.1050461206991002,17.104228504817815,25001000.0,25.948784156054028
G6485,90.27678591813832,23.74767674522097,0.26009734081404484,-0.1131810424025635,15.877366216129388,25001000.0,25.650330102083508
G6486,90.27669203150738,23.752187911491376,0.2808613171614421,-0.11947839313073061,17.104228504817815,25001000.0,25.81201096915734
G6487,90.27659812160604,23.756699074779167,0.25895237601104915,-0.11208526542008411,15.88809511638513,25001000.0,25.624466910652902
G6488,90.2765041884307,23.761210235083883,0.2609935403583157,-0.10608750990085841,17.104228504817815,25001000.0,25.80498201158986
G6489,90.27641023197783,23.76572139240503,0.25376582282793886,-0.0953978270482972,16.121428449718476,25001000.0,25.96722756229589
G6490,90.27631625224392,23.770232546742143,0.2217440803661365,-0.0668587465920782,17.104228504817815,25001000.0,26.6161865067615
G6491,90.27622224922536,23.774743698094746,0.24313698304433848,-0.10316727005897301,16.24795445142351,25001000.0,25.51992803466866
G6492,90.27612822291864,23.779254846462354,0.2467494543572161,-0.10703169555851991,17.104228504817815,25001000.0,25.62618748803936
G6493,90.27603417332018,23.7837659918445,0.26240286791393475,-0.0951721432715471,16.39236621612943,25001000.0,25.979782323752087
G6494,90.27594010042642,23.788277134240708,0.1901240389480495,-0.050153985272273716,17.104228504817815,25001000.0,27.00173173142602
G6495,90.27584600423384,23.7927882736505,0.11052528110433749,0.004793439460570486,17.251946048062194,25001000.0,28.709992927375893
G6496,90.27575188473882,23.7972994100734,0.12813176708763888,0.014369481280170786,17.104228504817815,25001000.0,29.15972891176088
G6497,90.27565774193786,23.801810543508928,0.0967114345002621,0.022095239583082387,16.94132230560743,25001000.0,29.37675067877073
G6498,90.27556357582738,23.80632167395661,0.1514264491582289,-0.030362343735759512,17.104228504817815,25001000.0,27.603914459413264
G6499,90.2754693864038,23.810832801415973,0.2126930233890518,-0.09056057678974441,16.941885685889105,25001000.0,25.820516336068845
G6500,90.27537517366358,23.81534392588655,0.2265635518117429,-0.09916528581814091,17.104228504817815,25001000.0,25.748945217461223
G6501,90.27528093760316,23.819855047367845,0.18624345687468,-0.0768398946633039,17.068803190919283,25001000.0,26.31876257273083
G6502,90.27518667821896,23.8243661658594,0.2029021234456473,-0.0644663650492121,17.104228504817815,25001000.0,26.69430241311879
G6503,90.2750923955074,23.828877281360736,0.2728513754710822,-0.11506010981144241,17.336533573213075,25001000.0,25.9380440068109
G6504,90.27499808946496,23.83338839387137,0.2221961678733517,-0.10093324749704431,17.104228504817815,25001000.0,25.747615459572724
G6505,90.27490376008802,23.83789950339084,0.23020019902863048,-0.07802703397148501,17.162231762347886,25001000.0,26.442605722169862
G6506,90.27480940737304,23.842410609918648,0.1909343240250967,-0.04894474537634781,17.104228504817815,25001000.0,27.03593606924812
G6507,90.27471503131646,23.846921713454343,0.145331688459353,-0.019546167098783915,17.20708890520504,25001000.0,27.980751828283694
G6508,90.27462063191466,23.85143281399744,0.17503873943771628,-0.04579701520852562,17.104228504817815,25001000.0,27.09365388799013
G6509,90.27452620916412,23.855943911547456,0.23837678135096968,-0.0952833510845448,16.837104778220947,25001000.0,25.93261411188537
G6510,90.27443176306124,23.86045500610393,0.28133667847467847,-0.11546595368957481,17.104228504817815,25001000.0,26.07973838601843
G6511,90.27433729360244,23.86496609766638,0.28770779088571735,-0.1278857029603922,16.170993667109798,25001000.0,25.788934670313846
G6512,90.27424280078417,23.869477186234324,0.2047224363373203,-0.0660402420793551,17.104228504817815,25001000.0,26.697516684359513
G6513,90.27414828460282,23.873988271807303,0.19103507332065958,-0.04931243433649801,16.295993667109798,25001000.0,26.80197864620537
G6514,90.2740537450548,23.878499354384825,0.1951833865331315,-0.03721522192485471,17.104228504817815,25001000.0,27.521290754214856
G6515,90.2739591821366,23.88301043396643,0.198471219214689,-0.060262085920231016,16.290537046105243,25001000.0,26.700033989822433
G6516,90.27386459584456,23.88752151055163,0.20722595796675608,-0.05228279871624512,17.104228504817815,25001000.0,27.022955010346266
G6517,90.27376998617515,23.89203258413996,0.2045382938655326,-0.04833156072359122,16.423215889332,25001000.0,27.029064516446343
G6518,90.27367535312476,23.89654365473094,0.2059310716452446,-0.04510148479674531,17.104228504817815,25001000.0,27.220301654960718
G6519,90.27358069668983,23.901054722324098,0.17555262534088278,-0.040903013474976116,17.104228504817815,25001000.0,27.351844249387824
G6520,90.27348601686674,23.90556578691896,0.1968567706065987,-0.04744632977877431,17.104228504817815,25001000.0,27.103753716032383
G6521,90.27339131365191,23.91007684851504,0.18738460301913848,-0.03618943653577021,17.104228504817815,25001000.0,27.521290754214856
G6522,90.27329658704178,23.914587907111883,0.17111597517866758,-0.022773390245127412,17.104228504817815,25001000.0,27.890138199915892
G6523,90.27320183703274,23.919098962709,0.1743996057696495,-0.050002948623161514,17.104228504817815,25001000.0,27.00173173142602
G6524,90.2731070636212,23.92361001530591,0.1507549441826446,-0.04408767520074911,17.104228504817815,25001000.0,27.194020806393592
G6525,90.27301226680358,23.92812106490216,0.1499750352084531,-0.024279608021539813,17.104228504817815,25001000.0,27.755269687711657
G6526,90.27291744657626,23.932632111497263,0.1183302140414609,0.0020326878859232866,17.104228504817815,25001000.0,28.56900414783732
G6527,90.27282260293566,23.937143155090748,0.0880316444182991,0.005512623650410487,17.104228504817815,25001000.0,28.74103239882327
G6528,90.2727277358782,23.94165419568214,0.0935225271422383,0.006268044347691286,17.104228504817815,25001000.0,28.91431986912332
G6529,90.27263284540024,23.94616523327096,0.11762715908973269,-0.009597918861277614,17.104228504817815,25001000.0,28.19399380337795
G6530,90.27253793149823,23.950676267856736,0.09517883708652969,0.008769015769981986,17.104228504817815,25001000.0,28.905264837032764
G6531,90.2724429941686,23.95518729943899,0.10960549917993029,0.006299895222170886,17.104228504817815,25001000.0,28.826257558557366
G6532,90.27234803340764,23.95969832801726,0.1178241346278644,-0.004314706381677214,17.104228504817815,25001000.0,28.448414719966685
G6533,90.2728296768088,23.96296306612446,0.1585185540331886,-0.020606843461798613,17.104228504817815,25001000.0,28.006982961233312
G6534,90.26975178736912,23.96792934512728,0.0864412448475847,0.014894231884434984,17.104228504817815,25001000.0,29.069924357107567
G6585,90.2822625144583,23.672215386399177,0.1858033003081967,-0.07132264812414321,17.104228504817815,25001000.0,26.325577664249426
G6586,90.28318208887843,23.67558458746141,0.10587761940015719,-0.0701359287939126,15.986189745541168,25001000.0,25.335290803005986
G6587,90.28308971722052,23.68009495213936,0.17939341953606108,-0.07350767473396291,17.104228504817815,25001000.0,26.335285575577593
G6588,90.28299634705068,23.68460618144761,0.2329544483743428,-0.0895821238792273,15.822137945716776,25001000.0,25.948173838957942
G6589,90.2829029537051,23.68911740778161,0.2313271766901002,-0.08480750679187081,17.104228504817815,25001000.0,26.305688311389442
G6590,90.28280953718028,23.693628631140907,0.2481739216296908,-0.0949840561093285,15.903248569070598,25001000.0,25.97204015144468
G6591,90.28271609747266,23.698139851525013,0.2740289058717086,-0.11112551397374411,17.104228504817815,25001000.0,25.922187498824005
G6592,90.28262263457874,23.702651068933445,0.2276016442577821,-0.08439798656096861,17.104228504817815,25001000.0,26.322327022920025
G6593,90.282529148495,23.707162283365733,0.19280346662932518,-0.08169113508651071,17.104228504817815,25001000.0,26.19903289716122
G6594,90.28243563921788,23.711673494821408,0.24417011990940699,-0.09731180489636311,17.104228504817815,25001000.0,25.938988990044788
G6595,90.28234210674384,23.71618470329998,0.24513247150450468,-0.09397596273173851,17.104228504817815,25001000.0,26.064538827931912
G6596,90.2822485510694,23.720695908800984,0.25504401064219295,-0.09838417656684911,17.104228504817815,25001000.0,26.01879782556733
G6597,90.282154972191,23.725207111323936,0.24178280256190798,-0.08373083537930781,17.104228504817815,25001000.0,26.427791232374847
G6598,90.2820613701051,23.72971831086836,0.23156648551945308,-0.07958952387580061,17.104228504817815,25001000.0,26.381502838432624
G6599,90.28196774480816,23.734229507433785,0.2325028875922268,-0.08379927458012121,17.104228504817815,25001000.0,26.381502838432624
G6600,90.28187409629663,23.738740701019736,0.19793687487189,-0.09804671220157031,17.104228504817815,25001000.0,25.740019131050214
G6601,90.28178042456705,23.743251891625725,0.2534808953651257,-0.09457695485936231,17.104228504817815,25001000.0,26.09651675372
G6602,90.2816867296158,23.747763079251285,0.26325698901150524,-0.09847212199267061,17.104228504817815,25001000.0,26.062215597255957
G6603,90.28159301143936,23.752274263895952,0.2540030689865185,-0.099850329848856,17.104228504817815,25001000.0,26.001418575906445
G6604,90.2814992700342,23.756785445559228,0.27945344212300416,-0.1147136462878819,17.104228504817815,25001000.0,26.07973838601843
G6605,90.28140550539678,23.761296624240654,0.2596625758758463,-0.1049869904229027,17.104228504817815,25001000.0,25.879495659597996
G6606,90.28131171752356,23.765807799939747,0.2341357737170787,-0.0848780308289546,17.104228504817815,25001000.0,26.305688311389442
G6607,90.28121790641094,23.770318972656025,0.2267573739679315,-0.0930757440423747,17.104228504817815,25001000.0,25.918225378653233
G6608,90.28112407205546,23.77483014238902,0.249797724661867,-0.0979784562648123,17.104228504817815,25001000.0,25.998812167582432
G6609,90.28103021445352,23.77934130913826,0.230220616482153,-0.1093378226161073,17.104228504817815,25001000.0,25.665163232023794
G6610,90.28093633360156,23.783852472903263,0.26669321524780276,-0.1123870069335582,17.104228504817815,25001000.0,25.79190529493708
G6611,90.2808424294961,23.78836363368356,0.2239241288534794,-0.0885869685771512,17.104228504817815,25001000.0,26.035491666568376
G6612,90.28074850213352,23.792874791478667,0.1417300062935055,-0.014991120972669613,17.104228504817815,25001000.0,28.09326027722099
G6613,90.28065455151032,23.797385946288102,0.1296911818248201,-0.0009835691737334136,17.104228504817815,25001000.0,28.52068036363843
G6614,90.2805605776229,23.80189709811141,0.1714426870989109,-0.047558904364432615,17.104228504817815,25001000.0,27.09365388799013
G6615,90.28046658046772,23.806408246948106,0.17601067125667338,-0.05548152374769511,17.104228504817815,25001000.0,26.92937247426043
G6616,90.28037256004124,23.81091939279771,0.2314699756254297,-0.0946612268676206,17.104228504817815,25001000.0,25.973365439969943
G6617,90.2802785163399,23.81543053565976,0.2320477870488539,-0.10300217064227081,17.104228504817815,25001000.0,25.649381030087806
G6618,90.28018444936014,23.81994167553376,0.19530859832119818,-0.09695279166216321,17.104228504817815,25001000.0,25.770929659423512
G6619,90.28009035909838,23.824452812419256,0.2183836546592066,-0.08714450691912541,17.104228504817815,25001000.0,26.071467106966647
G6620,90.2799962455511,23.82896394631576,0.2280974290047139,-0.09718556941166091,17.104228504817815,25001000.0,25.81658457284561
G6621,90.27990210871472,23.8334750772228,0.20417934022147388,-0.0895222849746249,17.104228504817815,25001000.0,25.89089997768595
G6622,90.27980794858566,23.837986205139902,0.21945467210512248,-0.0825724732890124,17.104228504817815,25001000.0,26.239636642571693
G6623,90.27971376516038,23.8424973300666,0.2050917883814833,-0.06388590495976901,17.104228504817815,25001000.0,26.880044857856454
G6624,90.27961955843531,23.847008452002388,0.1759837223650993,-0.042300672162251814,17.104228504817815,25001000.0,27.344931993761893
G6625,90.2795253284069,23.851519570946824,0.17389694859831809,-0.041402491006914816,17.104228504817815,25001000.0,27.351844249387824
G6626,90.27943107507156,23.85603068689943,0.209702227373239,-0.06027735190140751,17.104228504817815,25001000.0,27.004694411044188
G6627,90.27933679842572,23.860541799859703,0.2368158233106493,-0.07138414964646511,17.104228504817815,25001000.0,26.56343898433528
G6628,90.27924249846583,23.8650529098272,0.24411633857369258,-0.0811645749121721,17.104228504817815,25001000.0,26.351718806287643
G6629,90.27914817518833,23.86956401680144,0.2091712327150016,-0.05573324113390731,17.104228504817815,25001000.0,27.05605005969106
G6630,90.27905382858958,23.87407512078193,0.2125813605449842,-0.029179658340637914,17.104228504817815,25001000.0,27.679724044158114
G6631,90.27895945866608,23.878586221768217,0.2370598536665231,-0.0674147499175587,17.104228504817815,25001000.0,26.711766848584432
G6632,90.27886506541424,23.88309731975981,0.25422705240345916,-0.0911715160789405,17.104228504817815,25001000.0,26.22658995458695
G6633,90.27877064883047,23.887608414756244,0.22638478026899359,-0.07785565670425751,17.104228504817815,25001000.0,26.427010605969826
G6634,90.2786762089112,23.892119506757044,0.2177752728266937,-0.04513167513368332,17.104228504817815,25001000.0,27.249301028570084
G6635,90.27858174565286,23.89663059576173,0.25031013834682836,-0.07106852617064921,17.104228504817815,25001000.0,26.520635599625948
G6636,90.27848725905189,23.90114168176984,0.2305767052526512,-0.06379191098453892,16.051827000443126,25001000.0,26.953110233967305
G6637,90.27839274910464,23.90565276478088,0.2036618737127422,-0.04657947178761331,17.104228504817815,25001000.0,27.103753716032383
G6638,90.2782982158076,23.9101638447944,0.2342542244938331,-0.0674167672598393,16.98127144488754,25001000.0,26.6518940386503
G6639,90.27820365915716,23.9146749218099,0.230922540439749,-0.08071584983130381,17.104228504817815,25001000.0,26.381502838432624
G6640,90.27810907914974,23.91918599582692,0.1524853485684162,-0.03353478049101991,17.476231762347908,25001000.0,27.159741469368022
G6641,90.27801447578176,23.923697066844987,0.16335643223137358,-0.03681560704537622,17.104228504817815,25001000.0,27.521290754214856
G6642,90.27791984904964,23.92820813486362,0.1385102331330271,-0.0068915379914977135,17.60266033377647,25001000.0,28.37965933329912
G6643,90.27782519894978,23.93271919988235,0.1214117734849213,-0.007282095620127913,17.104228504817815,25001000.0,28.36930544501566
G6644,90.2777305254786,23.93723026190071,0.08865293518619319,0.010042173835021886,17.741138594646003,25001000.0,28.91032962559947
G6645,90.2776358286325,23.941741320918204,0.08800840409091999,0.013683878592125786,17.104228504817815,25001000.0,28.712755733046613
G6646,90.2775411084079,23.946252376934385,0.08277618415745079,0.017307574028812184,17.583946048062188,25001000.0,29.028880226522478
G6647,90.2774463648012,23.95076342994876,0.1443220185852086,-0.028420425767862415,17.104228504817815,25001000.0,27.619127221333706
G6648,90.27735159780882,23.95527447996085,0.1806678265030749,-0.061585398541706714,17.155742525557258,25001000.0,26.79466573214736
G6649,90.27725680742716,23.9597855269702,0.16572669809306248,-0.042262267669169316,17.104228504817815,25001000.0,27.344931993761893
G6650,90.2773096375482,23.964012189264647,0.15870742199913898,-0.03380086234924681,17.022193667109804,25001000.0,27.543066344121566
G6651,90.27941971485475,23.96665552522443,0.18001436812231741,-0.06846747857195189,17.104228504817815,25001000.0,26.485811326347566
G6702,90.28929234243532,23.672437369655107,0.21451690135033058,-0.0844690021396266,17.104228504817815,25001000.0,26.2103012046958
G6703,90.28810441687524,23.675694761164632,0.2197985865777466,-0.06211117803087241,17.104228504817815,25001000.0,26.890252492457236
G6704,90.28798803005247,23.68018085609557,0.24091925676293238,-0.09208872454972111,17.104228504817815,25001000.0,26.040574589725836
G6705,90.2878948277159,23.68469210372676,0.2366621750356053,-0.0873706637442536,17.104228504817815,25001000.0,26.2718116019181
G6706,90.28780160224522,23.689203348384915,0.2480616700384799,-0.0998761391197446,17.104228504817815,25001000.0,25.915238942743724
G6707,90.28770835363687,23.693714590069582,0.2418889067242632,-0.09689883839954301,17.104228504817815,25001000.0,25.917252370822826
G6708,90.2876150818874,23.698225828780288,0.26165813320268827,-0.1100931850347623,17.104228504817815,25001000.0,25.846615073636514
G6709,90.2875217869932,23.70273706451653,0.2269202540295123,-0.08291498133811381,15.886066130877936,25001000.0,26.210847961455276
G6710,90.28742846895084,23.70724829727786,0.23306513795894448,-0.08491128835429711,17.104228504817815,25001000.0,26.305688311389442
G6711,90.28733512775672,23.71175952706379,0.26511085055377376,-0.1044074168253872,15.942587870008339,25001000.0,25.888639730673482
G6712,90.28724176340737,23.716270753873843,0.24328647760456898,-0.09458997210658701,17.104228504817815,25001000.0,25.97020145833888
G6713,90.2871483758992,23.72078197770755,0.22184668675196428,-0.0888271124964539,16.055307392599985,25001000.0,25.925606711043372
G6714,90.28705496522876,23.725293198564422,0.2260693325527662,-0.10112330254315001,17.104228504817815,25001000.0,25.749305044863707
G6715,90.28696153139248,23.729804416444004,0.2168777143505852,-0.0716947118728337,16.097072098482357,25001000.0,26.228358319189123
G6716,90.28686807438686,23.7343156313458,0.2482118487388636,-0.09769677624303341,17.104228504817815,25001000.0,25.95130028083554
G6717,90.28677459420832,23.738826843269347,0.2682666542751064,-0.1251113203934799,16.1286748265301,25001000.0,25.537322993754298
G6718,90.28668109085338,23.743338052214163,0.26955165130951514,-0.1177147985941063,17.104228504817815,25001000.0,25.905085756743393
G6719,90.28658756431848,23.74784925817977,0.2793506139338275,-0.1175179585597475,15.85679076855908,25001000.0,25.939215534430634
G6720,90.28649401460004,23.752360461165704,0.27590634243389855,-0.11534627668068231,17.104228504817815,25001000.0,25.967613524466874
G6721,90.28640044169464,23.75687166117148,0.26351863914294676,-0.10348687565810691,15.779399464211252,25001000.0,25.829952220354254
G6722,90.28630684559866,23.761382858196622,0.26560468825188127,-0.11101507203793301,17.104228504817815,25001000.0,25.820689821014128
G6723,90.2862132263086,23.765894052240665,0.2336695391448532,-0.0882391568615065,15.968384971457654,25001000.0,26.102975164515655
G6724,90.28611958382088,23.77040524330312,0.2369177827359309,-0.1110149750173575,17.104228504817815,25001000.0,25.643104796371258
G6725,90.286025918132,23.77491643138352,0.2760069606841283,-0.1119207910893103,16.16736621612941,25001000.0,25.832925080780203
G6726,90.2859322292384,23.77942761648137,0.26645370604867397,-0.102309745813506,17.104228504817815,25001000.0,25.977393835135935
G6727,90.28583851713654,23.78393879859624,0.2105699733525337,-0.0973672030825507,16.341483863188188,25001000.0,25.64335698236081
G6728,90.28574478182288,23.78844997772761,0.17978349103096758,-0.1135961662361139,17.104228504817815,25001000.0,25.59729320078015
G6729,90.28565102329388,23.79296115387503,0.1514042633633381,-0.06272274588408631,17.471946048062165,25001000.0,26.613645977011885
G6730,90.285557241546,23.797472327038005,0.1518349072191877,-0.03347688835121312,17.104228504817815,25001000.0,27.159741469368022
G6731,90.28546343657568,23.801983497216085,0.1801744438376802,-0.04562878646751212,17.1266744182835,25001000.0,27.09365388799013
G6732,90.28536960837938,23.80649466440877,0.17079949624612079,-0.05280475206569001,17.104228504817815,25001000.0,26.927892658031116
G6733,90.28527575695357,23.81100582861561,0.2377774609170991,-0.0892812609323582,16.981603995748316,25001000.0,25.95814841184351
G6734,90.28518188229464,23.81551698983611,0.22817584330378698,-0.0837114985102214,17.104228504817815,25001000.0,26.352966744710898
G6735,90.28508798439908,23.820028148069795,0.21428010957658658,-0.08832088766302951,16.889088905205057,25001000.0,25.905486629319967
G6736,90.28499406326335,23.82453930331621,0.2176040951433808,-0.0702500105334356,17.104228504817815,25001000.0,26.49765108590638
G6737,90.2849001188839,23.82905045557486,0.2344837329840602,-0.0965600444356731,17.024420897156716,25001000.0,25.968515232223076
G6738,90.28480615125711,23.833561604845283,0.2350912199982056,-0.07909185751392711,17.104228504817815,25001000.0,26.417158660151532
G6739,90.28471216037951,23.83807275112699,0.247402457529527,-0.1079240046265823,16.801718304790967,25001000.0,25.515174530096115
G6740,90.28461814624752,23.842583894419523,0.22902749140618278,-0.08837194680794541,17.104228504817815,25001000.0,26.144020452077285
G6741,90.28452410885754,23.8470950347224,0.19762011293204218,-0.057951552816947215,16.85937461949075,25001000.0,26.88135775260847
G6742,90.28443004820606,23.851606172035133,0.17359665471930008,-0.040789177196290716,17.104228504817815,25001000.0,27.351844249387824
G6743,90.28433596428948,23.85611730635728,0.24062370684571538,-0.0938782623209447,16.52836455912862,25001000.0,25.913387302032877
G6744,90.28424185710426,23.86062843768833,0.234424117626658,-0.0711081678222301,17.104228504817815,25001000.0,26.53485741581789
G6745,90.28414772664684,23.865139566027835,0.21399266140362508,-0.06747584898893501,16.221549222665345,25001000.0,26.4485214040651
G6746,90.28405357291363,23.86965069137531,0.2232853308672011,-0.0801437167498443,17.104228504817815,25001000.0,26.25988243351986
G6747,90.28395939590112,23.874161813730275,0.2179036361430489,-0.060241086385773614,16.345160333776477,25001000.0,26.87139903400951
G6748,90.28386519560569,23.878672933092272,0.1989186358318893,-0.010637627283118114,17.104228504817815,25001000.0,28.15922258725052
G6749,90.2837709720238,23.88318404946081,0.2103704986603063,-0.008170998600119214,16.04861923788601,25001000.0,28.1453384595272
G6750,90.28367672515186,23.887695162835424,0.18454989671038738,0.013934373241199085,17.104228504817815,25001000.0,29.04566871517676
G6751,90.28358245498632,23.89220627321564,0.2176994654892287,-0.019956344862918814,15.92306573918185,25001000.0,27.833598233556543
G6752,90.2834881615236,23.896717380600982,0.2071267210068773,-0.044758531135279916,17.104228504817815,25001000.0,27.220301654960718
G6753,90.28339384476014,23.901228484990977,0.1604285681963898,-0.022331541900891313,15.930160333776456,25001000.0,27.596513736596634
G6754,90.28329950469237,23.905739586385145,0.1709102195763736,-0.034368364114776215,17.104228504817815,25001000.0,27.543066344121566
G6755,90.28320514131669,23.910250684783023,0.17358692335556078,-0.03599807842810802,17.094327000443144,25001000.0,27.521290754214856
G6756,90.28311075462952,23.91476178018413,0.1712854674929391,-0.03131106745589941,17.104228504817815,25001000.0,27.543066344121566
G6757,90.28301634462731,23.91927287258799,0.16135120639014158,-0.028116904973176916,17.231946048062213,25001000.0,27.676464395315804
G6758,90.28292191130647,23.923783961994133,0.1721759145407655,-0.019270505836279116,17.104228504817815,25001000.0,28.038089002265792
G6759,90.28282745466343,23.92829504840208,0.11897574558985499,0.008106435470945587,17.5644250396588,25001000.0,29.02690296615248
G6760,90.28273297469462,23.932806131811365,0.10232758569728129,0.002616824693621986,17.104228504817815,25001000.0,28.58027273064345
G6761,90.28263847139644,23.937317212221508,0.098929978263319,0.013003993484447685,17.104228504817815,25001000.0,28.9193611704136
G6762,90.2825439447653,23.94182828963204,0.09255221378913249,0.025959118302224585,17.104228504817815,25001000.0,29.551644156960254
G6763,90.28244939479764,23.946339364042483,0.0956942321090349,0.024275857468353385,17.104228504817815,25001000.0,29.370179721948855
G6764,90.28235482148985,23.950850435452374,0.14725729481812308,-0.013609423923130214,17.104228504817815,25001000.0,28.15531579374881
G6765,90.28226022483835,23.955361503861223,0.23028041715207778,-0.0642579982123672,17.104228504817815,25001000.0,26.964666165185793
G6766,90.28216560483956,23.95987256926857,0.22157033690312508,-0.06717448477617691,17.104228504817815,25001000.0,26.584175216258927
G6767,90.2817376015734,23.963972226900506,0.1468181411556033,-0.016495722925906113,17.104228504817815,25001000.0,28.09326027722099
G6768,90.28093022298204,23.966923200422887,0.16573038316469288,-0.030096659048875114,17.104228504817815,25001000.0,27.661251633395363
G6818,90.2946257021576,23.668416965208475,0.2475815860308196,-0.0936398058612832,17.104228504817815,25001000.0,26.07830668332397
G6819,90.2931959683938,23.67137327095873,0.2175447937257023,-0.0791962413164947,17.104228504817815,25001000.0,26.330279353607207
G6820,90.2929793774258,23.675755336549063,0.26305635716293624,-0.1083149541745443,16.004517476633595,25001000.0,25.745073093873298
G6821,90.29288636601504,23.680266605441552,0.27281033413311734,-0.11598141590381131,17.104228504817815,25001000.0,25.9380440068109
G6822,90.29279333151526,23.68477787136272,0.257167273589001,-0.1122924564480518,15.946066130877881,25001000.0,25.641261114124582
G6823,90.29270027392296,23.68928913431207,0.28135494114421605,-0.12319019040991101,17.104228504817815,25001000.0,25.82779398259437
G6824,90.29260719323464,23.69380039428916,0.26975285178145264,-0.11719837489097881,15.903457435225762,25001000.0,25.78625382104362
G6825,90.29251408944678,23.698311651293483,0.23728773961699248,-0.10087308479507591,17.104228504817815,25001000.0,25.784016717614747
G6826,90.29242096255588,23.702822905324588,0.22999662539767,-0.08997696946275931,15.654761783051837,25001000.0,25.985301998866927
G6827,90.29232781255838,23.707334156381982,0.2291303151284451,-0.0871538503927436,17.104228504817815,25001000.0,26.1566835400125
G6828,90.2922346394508,23.71184540446521,0.23603773457001728,-0.0880690972440476,15.53070381203733,25001000.0,26.337838317887947
G6829,90.29214144322964,23.71635664957377,0.24890392096982838,-0.0946231126197171,17.104228504817815,25001000.0,26.08971023392875
G6830,90.29204822389131,23.72086789170721,0.18604351894757049,-0.026646309689923812,15.71177798083525,25001000.0,27.428058518303974
G6831,90.29195498143235,23.725379130865043,0.2453411080190063,-0.08021929798189481,17.104228504817815,25001000.0,26.351718806287643
G6832,90.29186171584924,23.729890367046792,0.21214475544233108,-0.06489995710060421,15.950601510247083,25001000.0,26.57846015122483
G6833,90.29176842713844,23.734401600251985,0.2376000896190352,-0.0965040979718218,17.104228504817815,25001000.0,25.917252370822826
G6834,90.2916751152964,23.73891283048016,0.26927408787337326,-0.1035790715643438,17.104228504817815,25001000.0,25.94488917719694
G6835,90.29158178031965,23.7434240577308,0.26254727260967975,-0.10393116447287601,17.104228504817815,25001000.0,25.948784156054028
G6836,90.2914884222046,23.747935282003475,0.26283274537532614,-0.1062060400790029,17.104228504817815,25001000.0,25.874270508045893
G6837,90.2913950409478,23.752446503297683,0.2520214219914132,-0.10314289923299201,17.104228504817815,25001000.0,25.804227252090193
G6838,90.29130163654564,23.756957721612967,0.2441722475696157,-0.09089352527881131,17.104228504817815,25001000.0,26.173372147595988
G6839,90.29120820899465,23.76146893694884,0.26745580564366167,-0.1123393855493926,17.104228504817815,25001000.0,25.79190529493708
G6840,90.29111475829129,23.76598014930484,0.2388334090124831,-0.09224286847271321,17.104228504817815,25001000.0,26.040574589725836
G6841,90.29102128443198,23.770491358680463,0.27438635126241817,-0.1125557942545798,17.104228504817815,25001000.0,25.947711543795993
G6842,90.29092778741324,23.775002565075265,0.24576650909577819,-0.0959131370613092,17.104228504817815,25001000.0,25.984923326704212
G6843,90.29083426723152,23.77951376848876,0.26159458131141505,-0.1005697494249452,17.104228504817815,25001000.0,25.933907997986218
G6844,90.29074072388327,23.78402496892047,0.2080249607130712,-0.0887377152071004,17.104228504817815,25001000.0,25.97495389599571
G6845,90.29064715736502,23.78853616636992,0.20833405106617958,-0.0760663873771419,17.104228504817815,25001000.0,26.41182121964591
G6846,90.29055356767311,23.79304736083664,0.15476974957700748,-0.078368341392585,17.104228504817815,25001000.0,26.220458317519526
G6847,90.29045995480412,23.797558552320154,0.1574620268414507,-0.046673546318765816,17.104228504817815,25001000.0,27.09365388799013
G6848,90.29036631875444,23.802069740819988,0.15990942395829738,-0.035613821263817715,17.104228504817815,25001000.0,27.543066344121566
G6849,90.29027265952055,23.806580926335656,0.1934682414210485,-0.0789906890368026,17.104228504817815,25001000.0,26.253110301769787
G6850,90.29017897709896,23.8110921088667,0.203529844379843,-0.0764113574676358,17.104228504817815,25001000.0,26.350377594311155
G6851,90.290085271486,23.815603288412643,0.2349787696225475,-0.09242106844024091,17.104228504817815,25001000.0,26.003727056934167
G6852,90.28999154267824,23.820114464972995,0.2256542829658467,-0.0873605342041321,17.104228504817815,25001000.0,26.15445348037789
G6853,90.28989779067209,23.824625638547303,0.21941965088775078,-0.08734537945303081,17.104228504817815,25001000.0,26.071467106966647
G6854,90.289804015464,23.82913680913508,0.2337359512264716,-0.1292575928551013,17.104228504817815,25001000.0,25.629793321760108
G6855,90.2897102170504,23.833647976735847,0.27446627651077915,-0.1300509541007453,17.104228504817815,25001000.0,25.845048272921
G6856,90.2896163954278,23.83815914134913,0.2275026808383577,-0.0820870243177333,17.104228504817815,25001000.0,26.352966744710898
G6857,90.2895225505926,23.842670302974486,0.216532271817507,-0.0819076943148993,17.104228504817815,25001000.0,26.263092170466933
G6858,90.28942868254131,23.8471814616114,0.2300342279546083,-0.0822757096897113,17.104228504817815,25001000.0,26.381502838432624
G6859,90.28933479127028,23.85169261725941,0.2175206956346755,-0.0716042531997605,17.104228504817815,25001000.0,26.42924784553441
G6860,90.28924087677606,23.85620376991805,0.2575835086750551,-0.1050044365645936,17.104228504817815,25001000.0,25.85363246816739
G6861,90.28914693905502,23.86071491958684,0.25423928255997524,-0.10035708005238661,17.104228504817815,25001000.0,26.001418575906445
G6862,90.28905297810364,23.865226066265304,0.22194945918417938,-0.0723126896496785,17.104228504817815,25001000.0,26.435847352009777
G6863,90.28895899391831,23.869737209952977,0.1833144296718862,-0.04420073317173411,17.104228504817815,25001000.0,27.230828617807333
G6864,90.28886498649555,23.874248350649378,0.14479992012905818,-0.009263557482622213,17.104228504817815,25001000.0,28.20434769166141
G6865,90.28877095583177,23.87875948835403,0.1800455083745261,-0.028084589340493515,17.104228504817815,25001000.0,27.676464395315804
G6866,90.2886769019234,23.88327062306647,0.21443995911120728,-0.05725237032932971,17.104228504817815,25001000.0,27.05605005969106
G6867,90.28858282476688,23.88778175478621,0.2063277717835636,-0.030961173120750113,17.104228504817815,25001000.0,27.53253938127495
G6868,90.28848872435864,23.892292883512788,0.2499697589992552,-0.0712731813374018,17.104228504817815,25001000.0,26.520635599625948
G6869,90.28839460069511,23.89680400924572,0.17247631081742848,-0.017290912161779613,17.104228504817815,25001000.0,28.048550335770802
G6870,90.28830045377272,23.901315131984543,0.1360492888836077,0.021197123231943987,17.104228504817815,25001000.0,29.428999634714636
G6871,90.28820628358795,23.905826251728783,0.1360742097658621,-0.0028035040739162135,17.104228504817815,25001000.0,28.458768608250146
G6872,90.28811209013722,23.91033736847796,0.1420240091360863,-0.006136851666827713,17.104228504817815,25001000.0,28.37965933329912
G6873,90.28801787341692,23.914848482231587,0.1675602286180923,-0.019932863334590312,17.104228504817815,25001000.0,28.038089002265792
G6874,90.2879236334235,23.91935959298922,0.1846930438108198,-0.03664082596910701,17.104228504817815,25001000.0,27.521290754214856
G6875,90.2878293701534,23.923870700750367,0.1941421486684204,-0.04381950653862481,17.104228504817815,25001000.0,27.28697489064524
G6876,90.28773508360304,23.92838180551456,0.1438700946276259,-0.015525692882337015,17.104228504817815,25001000.0,28.09326027722099
G6877,90.28764077376884,23.93289290728132,0.1012318433211024,0.0002388798682423864,17.104228504817815,25001000.0,28.519648622524787
G6878,90.28754644064723,23.937404006050183,0.09093239069983049,0.017037407591079586,17.680307392599985,25001000.0,29.090600721644535
G6879,90.28745208423464,23.941915101820666,0.10934288871618399,0.0058718209445010865,17.104228504817815,25001000.0,28.865911943839837
G6880,90.28735770452748,23.946426194592306,0.1231581469457036,-0.0041566021252478135,17.52423176234791,25001000.0,28.448414719966685
G6881,90.28726330152216,23.950937284364624,0.125773385096504,-0.007349203991565313,17.104228504817815,25001000.0,28.37965933329912
G6882,90.28716887521516,23.95544837113713,0.12774044471014298,-0.0016692423131774137,16.89820827898191,25001000.0,28.52068036363843
G6883,90.28707442560282,23.959959454909388,0.24107036320930028,-0.07664716872418731,17.104228504817815,25001000.0,26.5479943400492
G6884,90.28672340037842,23.963096415746097,0.16106751475951628,-0.027586909249676213,16.855768441884578,25001000.0,27.61834984562159
G6934,90.30032071065114,23.664450093653745,0.0805130190322885,-0.06342621733371881,17.104228504817815,25001000.0,25.751919579484902
G6935,90.29843028236633,23.66728961119688,0.1498169352367715,-0.013878886932673614,17.104228504817815,25001000.0,28.15531579374881
G6936,90.29797038924684,23.671329622908136,0.20777275818524768,-0.0645861439733134,17.104228504817815,25001000.0,26.76007394625965
G6937,90.29787756867866,23.675840913026068,0.24351381717926418,-0.0980442526846941,17.104228504817815,25001000.0,25.84319505585045
G6938,90.2977847250666,23.68035220017436,0.25873562710186726,-0.10896840560630851,17.104228504817815,25001000.0,25.761828864222696
G6939,90.29769185840712,23.684863484352547,0.25590624473736134,-0.1064175522565518,17.104228504817815,25001000.0,25.795913023630934
G6940,90.29759896869676,23.689374765560142,0.25894802315333315,-0.11010946302106431,17.104228504817815,25001000.0,25.761828864222696
G6941,90.29750605593196,23.693886043796685,0.23298278751388368,-0.0866450454659471,17.104228504817815,25001000.0,26.267269357601105
G6942,90.29741312010924,23.69839731906169,0.2381228780146022,-0.0942172672664511,17.104228504817815,25001000.0,26.019653833912166
G6943,90.29732016122512,23.70290859135468,0.25354232687572736,-0.09227630040656751,17.104228504817815,25001000.0,26.21359541029159
G6944,90.29722717927604,23.707419860675188,0.24130273603346689,-0.089683175275986,17.104228504817815,25001000.0,26.10434718842517
G6945,90.29713417425852,23.71193112702273,0.22502983969250248,-0.08625196744820021,17.104228504817815,25001000.0,26.168259293792993
G6946,90.29704114616904,23.71644239039684,0.23304697990344658,-0.07840986900059081,17.104228504817815,25001000.0,26.45609888613414
G6947,90.29694809500408,23.72095365079704,0.2164622750107988,-0.05363237128026331,17.104228504817815,25001000.0,27.054570243461747
G6948,90.29685502076016,23.72546490822284,0.22095284290623368,-0.06433582629870331,17.104228504817815,25001000.0,26.86565610137768
G6949,90.29676192343368,23.72997616267379,0.19784244361375508,-0.05166415061333091,17.104228504817815,25001000.0,26.96173899693913
G6950,90.29666880302123,23.7344874141494,0.1662865291095958,-0.006854475258613914,17.104228504817815,25001000.0,28.391249829748872
G6951,90.29657565951923,23.738998662649195,0.25885802046080236,-0.1018216900100862,15.888674826530092,25001000.0,25.844763007647963
G6952,90.29648249292418,23.743509908172697,0.2483531551313456,-0.0899543416006794,17.104228504817815,25001000.0,26.22280148012153
G6953,90.29638930323256,23.74802115071945,0.2590885344890765,-0.1040718593704602,15.739979174356193,25001000.0,25.734800532467617
G6954,90.29629609044083,23.75253239028896,0.2734137643886831,-0.1173194354306732,17.104228504817815,25001000.0,25.91635309092288
G6955,90.2962028545455,23.757043626880755,0.2467337238289817,-0.10004134405680941,15.771777980835253,25001000.0,25.808972410864435
G6956,90.29610959554302,23.761554860494364,0.27985338223557954,-0.12416523773299781,17.104228504817815,25001000.0,25.912148724602975
G6957,90.29601631342986,23.76606609112932,0.26202477377453376,-0.1068941545293315,15.93736621612939,25001000.0,25.745073093873298
G6958,90.29592300820252,23.770577318785136,0.24166951924596458,-0.0933912285888544,17.104228504817815,25001000.0,26.019653833912166
G6959,90.29582967985748,23.77508854346134,0.23654174628039548,-0.08910238338559001,16.127511080045082,25001000.0,26.078516151209925
G6960,90.29573632839116,23.779599765157457,0.2492939013741188,-0.102114787766846,17.104228504817815,25001000.0,25.94349325901121
G6961,90.2956429538001,23.784110983873017,0.2115760143554015,-0.0988072267752383,16.480307392599997,25001000.0,25.616064877633228
G6962,90.29554955608072,23.78862219960754,0.1738057384678623,-0.08920200604830551,17.104228504817815,25001000.0,25.91795657050174
G6963,90.2954561352295,23.79313341236056,0.1727698582790711,-0.0775486517024076,17.77534149319675,25001000.0,26.31451413604075
G6964,90.29536269124291,23.79764462213159,0.2009739412914755,-0.098000993535686,17.104228504817815,25001000.0,25.740019131050214
G6965,90.29526922411743,23.80215582892017,0.1803954008848343,-0.0641958117136082,17.40345743522576,25001000.0,26.81177853573355
G6966,90.2951757338495,23.80666703272581,0.2033623273331385,-0.0892268690465879,17.104228504817815,25001000.0,25.89089997768595
G6967,90.29508222043562,23.81117823354805,0.1924467791313769,-0.05331389127018341,17.053716671804665,25001000.0,26.927892658031116
G6968,90.29498868387222,23.81568943138641,0.25480317786077766,-0.1122570828325701,17.104228504817815,25001000.0,25.99861251364093
G6969,90.29489512415576,23.820200626240407,0.23762995154342528,-0.09851129979775951,16.865829347860966,25001000.0,25.789297676416883
G6970,90.29480154128272,23.824711818109584,0.248625837196215,-0.1023491935353938,17.104228504817815,25001000.0,25.768932403018038
G6971,90.29470793524956,23.82922300699346,0.2270893247326035,-0.0960908290679673,16.75991385490326,25001000.0,25.77002585899429
G6972,90.29461430605272,23.83373419289155,0.24314805215332058,-0.1048084108510192,17.104228504817815,25001000.0,25.643104796371258
G6973,90.29452065368866,23.8382453758034,0.22134836878276898,-0.0759591152980783,16.597088905205027,25001000.0,26.246889529597055
G6974,90.29442697815384,23.84275655572852,0.1974453122814317,-0.0805540503859803,17.104228504817815,25001000.0,26.19903289716122
G6975,90.29433327944471,23.84726773266644,0.2063386511997784,-0.0754076195144156,16.61568850279056,25001000.0,26.187476289219685
G6976,90.29423955755776,23.851778906616687,0.2073318349154174,-0.05957292466662211,17.104228504817815,25001000.0,26.97569503743482
G6977,90.29414581248942,23.85629007757879,0.26114101064200207,-0.10756014332678741,16.36075892532577,25001000.0,25.679343318590945
G6978,90.29405204423612,23.86080124555228,0.2367720587575827,-0.0740563336444542,17.104228504817815,25001000.0,26.56343898433528
G6979,90.29395825279433,23.86531241053666,0.203247766563292,-0.049532200707458715,16.221549222665345,25001000.0,26.83464428471738
G6980,90.29386443816048,23.86982357253149,0.1992893097158634,-0.04887500888788002,17.104228504817815,25001000.0,27.046035897290373
G6981,90.29377060033104,23.87433473153627,0.1656407860662578,-0.03343321317991792,16.565829347861012,25001000.0,27.4263301498306
G6982,90.29367673930244,23.87884588755054,0.1563998892770177,-0.018182337739169913,17.104228504817815,25001000.0,27.997258635958623
G6983,90.29358285507116,23.88335704057381,0.1571873938178456,-0.020743961952117314,16.406827000443144,25001000.0,27.920181458066168
G6984,90.29348894763358,23.887868190605623,0.17530715650639078,-0.029239692935754114,17.104228504817815,25001000.0,27.661251633395363
G6985,90.2933950169862,23.892379337645515,0.18290002184861429,-0.03365388510146941,15.923139785831237,25001000.0,27.24944188080231
G6986,90.29330106312544,23.896890481692985,0.18175477934661868,-0.024255958459997215,17.104228504817815,25001000.0,27.812606861693755
G6987,90.29320708604774,23.90140162274757,0.16601741188609348,-0.022688874097151313,16.25026307350251,25001000.0,27.605258815862786
G6988,90.29311308574955,23.905912760808807,0.14128475591476938,0.0011406712631679863,17.104228504817815,25001000.0,28.552975295061504
G6989,90.2930190622273,23.910423895876217,0.14641241516247458,-0.010390081533486613,17.269209629551113,25001000.0,28.15531579374881
G6990,90.29292501547744,23.914935027949312,0.1514412977259835,-0.019758957491758815,17.104228504817815,25001000.0,27.980751828283694
G6991,90.2928309454964,23.919446157027654,0.2021776713288192,-0.04818198685179501,17.230803190919318,25001000.0,27.088182409821773
G6992,90.2927368522806,23.92395728311073,0.1812284920130918,-0.03404925840584981,17.104228504817815,25001000.0,27.543066344121566
G6993,90.29264273582646,23.928468406198085,0.1223438864151141,-0.0010316472857700137,17.510124101892444,25001000.0,28.51032647535497
G6994,90.29254859613047,23.93297952628926,0.13690489483171808,-0.020014683900216813,17.104228504817815,25001000.0,27.980751828283694
G6995,90.292454433189,23.93749064338376,0.1000816256702799,0.013777411965897286,17.563167580153248,25001000.0,28.714261901301782
G6996,90.29236024699853,23.942001757481115,0.10732623343152049,0.0025079593997288864,17.104228504817815,25001000.0,28.58027273064345
G6997,90.29226603755546,23.946512868580857,0.1357996840121156,-0.0021517519720899137,17.25737047870396,25001000.0,28.458768608250146
G6998,90.29217180485624,23.95102397668252,0.1391874256711766,-0.016027237713840615,17.104228504817815,25001000.0,28.09326027722099
G6999,90.29207754889728,23.95553508178561,0.1665431544155936,-0.03202020673317051,16.73218088172169,25001000.0,27.47176697860276
G7000,90.291983269675,23.960046183889688,0.2447194868933425,-0.0775578111255963,17.104228504817815,25001000.0,26.396248047880142
G7001,90.29114692368776,23.962683370803216,0.2321723823276393,-0.040177951650067815,17.104228504817815,25001000.0,27.2269081469849
G7051,90.30364597590558,23.66350296599566,0.09434022355775919,-0.0689762151998725,17.104228504817815,25001000.0,25.39811630794531
G7052,90.30296106559172,23.666903715272845,0.1525162166399836,-0.025852217299992215,16.8854215278063,25001000.0,27.42127456566674
G7053,90.30286843578295,23.67141502658036,0.23668172190193448,-0.10711859151508171,17.104228504817815,25001000.0,25.643104796371258
G7054,90.30277578297542,23.67592633491993,0.2302706882698892,-0.08906185427117491,16.019689319283685,25001000.0,26.0322277572677
G7055,90.30268310716556,23.68043764029108,0.22410859034346098,-0.0790346679924596,17.104228504817815,25001000.0,26.326414560617696
G7056,90.3025904083499,23.68494894269333,0.2209359388699739,-0.0771950629948388,16.075921203341665,25001000.0,26.265342946946383
G7057,90.30249768652492,23.689460242126216,0.21297267867298408,-0.0713185620893933,17.104228504817815,25001000.0,26.418636311164505
G7058,90.3024049416872,23.69397153858925,0.2241321521669715,-0.0800069133403348,15.903457435225762,25001000.0,26.1274330138472
G7059,90.30231217383314,23.698482832081968,0.2469935004355874,-0.1002575967376845,17.104228504817815,25001000.0,25.915238942743724
G7060,90.3022193829593,23.70299412260388,0.2388982339333369,-0.0936433921882623,15.456777980835255,25001000.0,26.218007020351934
G7061,90.30212656906214,23.70750541015453,0.2369440809405091,-0.0842614112107556,17.104228504817815,25001000.0,26.397151510583974
G7062,90.30203373213818,23.71201669473343,0.2306991454971388,-0.09214734136957371,15.274719157305896,25001000.0,25.914169370628247
G7063,90.3019408721839,23.7165279763401,0.1758153483546423,-0.022349706018083813,17.104228504817815,25001000.0,27.890138199915892
G7064,90.30184798919583,23.721039254974087,0.2319831915084894,-0.06804433334068351,15.50560151024709,25001000.0,26.682414651321256
G7065,90.3017550831704,23.72555053063489,0.2486706020172968,-0.09055205178706241,17.104228504817815,25001000.0,26.20837988419092
G7066,90.30166215410416,23.730061803322062,0.2425064450201783,-0.0895770847529535,15.88751108004513,25001000.0,26.105562268715857
G7067,90.30156920199356,23.7345730730351,0.159949911847341,-0.0934510527300995,17.104228504817815,25001000.0,25.64705735428906
G7068,90.30147622683512,23.73908433977356,0.1475868601915387,-0.0964291060323123,15.862366216129402,25001000.0,25.283921033873316
G7069,90.3013832286253,23.74359560353693,0.22005955040632838,-0.0826077869919137,17.104228504817815,25001000.0,26.25988243351986
G7070,90.3012902073606,23.748106864324768,0.244206460796593,-0.0966266471842218,15.685720035268986,25001000.0,25.987331407611613
G7071,90.30119716303749,23.75261812213659,0.2768394871965237,-0.11819000918507731,17.104228504817815,25001000.0,25.866446972335684
G7072,90.30110409565248,23.75712937697191,0.25443769508694636,-0.10553618999453991,15.957954451423547,25001000.0,25.451409003835014
G7073,90.30101100520204,23.761640628830268,0.27002181127728564,-0.11266022018674501,17.104228504817815,25001000.0,25.936444209616507
G7074,90.30091789168264,23.766151877711184,0.2354719202716101,-0.08912620889154091,16.101189745541177,25001000.0,26.06132433925759
G7075,90.3008247550908,23.770663123614185,0.2053309660306184,-0.06952028842858471,17.104228504817815,25001000.0,26.507718436599724
G7076,90.30073159542296,23.775174366538785,0.22617013585920978,-0.0931386929795657,16.3278095875078,25001000.0,25.80834042312823
G7077,90.3006384126756,23.77968560648453,0.19847957216524428,-0.05835968502151701,17.104228504817815,25001000.0,26.939472302302683
G7078,90.3005452068452,23.78419684345093,0.1737218727758668,-0.04253737077005331,17.104228504817815,25001000.0,27.344931993761893
G7079,90.30045197792826,23.78870807743753,0.1724110673766194,-0.03949670296075872,17.104228504817815,25001000.0,27.408997001854665
G7080,90.30035872592124,23.793219308443835,0.11482505577291259,-0.007134808009911214,17.104228504817815,25001000.0,28.346332660762403
G7081,90.3002654508206,23.797730536469373,0.09528858804676549,0.023640689010689987,17.104228504817815,25001000.0,29.370179721948855
G7082,90.30017215262284,23.802241761513688,0.1719494367447837,-0.0926938379942295,17.104228504817815,25001000.0,25.747123242263452
G7083,90.30007883132444,23.80675298357628,0.1835424139319965,-0.061360700033234614,17.104228504817815,25001000.0,26.878016825613557
G7084,90.2999854869218,23.81126420265669,0.2075263949671706,-0.07668197454177271,17.104228504817815,25001000.0,26.382821846036542
G7085,90.29989211941148,23.81577541875445,0.24213903629377578,-0.1132009971606301,17.104228504817815,25001000.0,25.643104796371258
G7086,90.29979872878988,23.82028663186908,0.22673537829188609,-0.0993815841924122,17.104228504817815,25001000.0,25.748945217461223
G7087,90.29970531505349,23.824797842000105,0.2476851702138053,-0.10489034568840101,17.104228504817815,25001000.0,25.700701136047496
G7088,90.2996118781988,23.829309049147053,0.2332131230490252,-0.0995798162134603,17.104228504817815,25001000.0,25.775549185056207
G7089,90.29951841822222,23.833820253309444,0.23491140737641958,-0.08785887699320251,17.104228504817815,25001000.0,26.23496406912643
G7090,90.29942493512029,23.838331454486813,0.21156884782920038,-0.0727712164109182,17.104228504817815,25001000.0,26.418636311164505
G7091,90.2993314288894,23.84284265267868,0.2154861153831173,-0.0638354848843088,17.104228504817815,25001000.0,26.941488483191208
G7092,90.29923789952602,23.84735384788457,0.21693926072816938,-0.07544288237516551,17.104228504817815,25001000.0,26.418264181974124
G7093,90.29914434702664,23.85186504010402,0.21259303559196469,-0.059747716289269816,17.104228504817815,25001000.0,27.004694411044188
G7094,90.29905077138773,23.856376229336544,0.2073596633048902,-0.054235263163133415,17.104228504817815,25001000.0,27.02557086985238
G7095,90.29895717260572,23.860887415581683,0.2000495564415068,-0.026110154706054215,17.104228504817815,25001000.0,27.668780692367765
G7096,90.29886355067704,23.865398598838947,0.2337983935756603,-0.07330586250017031,17.104228504817815,25001000.0,26.53485741581789
G7097,90.29876990559822,23.86990977910788,0.2106900776128364,-0.04702552461893291,17.104228504817815,25001000.0,27.16235408146856
G7098,90.29867623736564,23.87442095638799,0.2047816813745138,-0.053541434470162415,17.104228504817815,25001000.0,27.037638138390143
G7099,90.29858254597582,23.87893213067882,0.1723620284884311,-0.033596360604022116,17.104228504817815,25001000.0,27.543066344121566
G7100,90.29848883142516,23.88344330197989,0.18010979398922608,-0.03718561906226001,17.104228504817815,25001000.0,27.521290754214856
G7101,90.29839509371013,23.88795447029073,0.1876192929151197,-0.03930901413875011,17.104228504817815,25001000.0,27.408997001854665
G7102,90.29830133282717,23.89246563561085,0.2171453908808626,-0.06671153673229571,17.104228504817815,25001000.0,26.609587000286133
G7103,90.29820754877272,23.896976797939807,0.20637592019827258,-0.047073748731310816,17.104228504817815,25001000.0,27.100910456133807
G7104,90.29811374154326,23.901487957277105,0.1914265167718788,-0.037232072168285016,17.104228504817815,25001000.0,27.521290754214856
G7105,90.2980199111352,23.90599911362228,0.1492957822348841,-0.016593314039326915,17.104228504817815,25001000.0,28.410242803712702
G7106,90.29792605754504,23.910510266974857,0.1061492249567808,0.013892178866433087,17.104228504817815,25001000.0,28.975606187617654
G7107,90.29783218076916,23.91502141733436,0.1356181288507593,-0.0012450637363610136,17.104228504817815,25001000.0,28.52068036363843
G7108,90.297738280804,23.919532564700315,0.17481638221885548,-0.030128978981776914,17.104228504817815,25001000.0,27.661251633395363
G7109,90.29764435764608,23.92404370907226,0.1839344322249121,-0.03379980982022581,17.104228504817815,25001000.0,27.543066344121566
G7110,90.29755041129178,23.928554850449714,0.1366782282373788,-0.0038415830258997138,17.104228504817815,25001000.0,28.458768608250146
G7111,90.29745644173754,23.933065988832205,0.14036080215689328,-0.0032818392269984135,17.104228504817815,25001000.0,28.458768608250146
G7112,90.2973624489798,23.937577124219267,0.10426829435770439,0.009331759484855685,17.104228504817815,25001000.0,28.91183579385464
G7113,90.29726843301503,23.94208825661041,0.11114433479703559,0.007020942102211186,17.104228504817815,25001000.0,28.743077080136253
G7114,90.29717439383964,23.946599386005182,0.1584369437857674,-0.014048696698092115,17.104228504817815,25001000.0,28.16690629019856
G7115,90.29708033145003,23.9511105124031,0.1869503233502397,-0.042780776814862816,17.104228504817815,25001000.0,27.344931993761893
G7116,90.29696976037742,23.95560747589595,0.1934263652444497,-0.03709450047939752,17.104228504817815,25001000.0,27.521290754214856
G7117,90.29642840411069,23.95977864517012,0.22776581237747498,-0.06371095895394151,17.104228504817815,25001000.0,27.01856195975296
G7118,90.29445211803316,23.96238116837777,0.18001436812231741,-0.06846747857195189,17.104228504817815,25001000.0,26.485811326347566
G7167,90.30962767282972,23.65968810977473,0.10087276181794229,-0.0753696891019288,17.104228504817815,25001000.0,25.35852180929781
G7168,90.30805947941504,23.662603189910257,0.1161134043812033,-0.06858723690897771,17.104228504817815,25001000.0,25.947986128023103
G7169,90.30785896740414,23.666988946204484,0.1632016720720187,-0.03595760335656941,17.104228504817815,25001000.0,27.521290754214856
G7170,90.30776650531791,23.67150027569948,0.20617673141574408,-0.07206677737642511,17.104228504817815,25001000.0,26.35719268582975
G7171,90.30767402027446,23.67601160222774,0.2266107449834926,-0.0808816902428764,17.104228504817815,25001000.0,26.36590772223259
G7172,90.3075815122703,23.6805229257888,0.2394104580940811,-0.0876511000345474,17.104228504817815,25001000.0,26.2718116019181
G7173,90.30748898130196,23.685034246382163,0.1777641947463731,-0.046288756338764614,17.104228504817815,25001000.0,27.09365388799013
G7174,90.30739642736592,23.68954556400736,0.16679772548655,-0.044200007007957315,17.104228504817815,25001000.0,27.230828617807333
G7175,90.30730385045872,23.694056878663933,0.20896537659443779,-0.0709208487336246,17.104228504817815,25001000.0,26.418636311164505
G7176,90.30721125057684,23.698568190351395,0.2266584698011763,-0.09064643550254241,17.104228504817815,25001000.0,25.988497137235626
G7177,90.30711862771678,23.703079499069272,0.2234908761253048,-0.0765064199728218,17.104228504817815,25001000.0,26.420402707723696
G7178,90.30702598187506,23.707590804817087,0.2232301910629999,-0.07836452384610881,17.104228504817815,25001000.0,26.34864113759355
G7179,90.30693331304816,23.712102107594376,0.22991663728942538,-0.0838696207983125,17.104228504817815,25001000.0,26.339267138064233
G7180,90.3068406212326,23.716613407400647,0.2504149641374427,-0.0855901903067259,17.104228504817815,25001000.0,26.473973666198233
G7181,90.3067479064249,23.721124704235447,0.25694242755226004,-0.1002838476461616,17.104228504817815,25001000.0,26.021005788439638
G7182,90.30665516862152,23.72563599809828,0.2384312749039757,-0.0856767433691622,17.104228504817815,25001000.0,26.351976705331666
G7183,90.30656240781896,23.73014728898868,0.24036407842316168,-0.09231762785356111,17.104228504817815,25001000.0,26.040574589725836
G7184,90.30646962401376,23.73465857690618,0.24525848700928699,-0.10988314537979181,17.104228504817815,25001000.0,25.62618748803936
G7185,90.30637681720238,23.739169861850304,0.1705989553627644,-0.08300487021810801,17.104228504817815,25001000.0,26.16234473138433
G7186,90.30628398738128,23.743681143820567,0.2370827870921655,-0.08273410598843081,17.104228504817815,25001000.0,26.427791232374847
G7187,90.30619113454702,23.748192422816505,0.2528279770462444,-0.104705713856309,17.104228504817815,25001000.0,25.804227252090193
G7188,90.30609825869608,23.75270369883764,0.27154138909648246,-0.10802564643497581,17.104228504817815,25001000.0,25.93732424616933
G7189,90.30600535982492,23.7572149718835,0.2602812825955101,-0.1114277850998866,17.104228504817815,25001000.0,25.769162037783282
G7190,90.30591243793002,23.76172624195361,0.2701634185596409,-0.12214988918194611,17.104228504817815,25001000.0,25.853026438550415
G7191,90.3058194930079,23.76623750904749,0.23317162643460368,-0.08918267685600571,17.104228504817815,25001000.0,26.142112712792706
G7192,90.30572652505504,23.77074877316468,0.20195055742214,-0.0681420155410051,17.104228504817815,25001000.0,26.4761034150194
G7193,90.30563353406794,23.775260034304683,0.2284710229599238,-0.0838132379088136,17.104228504817815,25001000.0,26.352966744710898
G7194,90.30554052004304,23.77977129246705,0.2273864250268316,-0.0925141545333208,17.104228504817815,25001000.0,25.939146134466903
G7195,90.30544748297686,23.7842825476513,0.1908504846837719,-0.057199279340858014,16.965196565660534,25001000.0,26.92937247426043
G7196,90.30535442286588,23.788793799856947,0.181689081625006,-0.05249258550416781,17.104228504817815,25001000.0,26.927892658031116
G7197,90.3052613397066,23.793305049083536,0.1328965607522643,-0.038678909014418214,18.206935696095314,25001000.0,27.351659827872567
G7198,90.30516823349544,23.797816295330573,0.1022859339331773,-0.0681219330451161,17.104228504817815,25001000.0,25.660345390352482
G7199,90.30507510422892,23.8023275385976,0.1486880980584717,-0.08367182286989051,17.635921203341667,25001000.0,25.961933076288865
G7200,90.30498195190354,23.80683877888413,0.1931709103757577,-0.06142059477036471,17.104228504817815,25001000.0,26.878016825613557
G7201,90.30488877651572,23.81135001618972,0.1489062841912005,-0.022994684592736313,17.34171830479093,25001000.0,27.832801025933794
G7202,90.30479557806198,23.81586125051385,0.1954763691343574,-0.10276301939909131,17.104228504817815,25001000.0,25.628112103281957
G7203,90.30470235653878,23.82037248185608,0.24418350571703729,-0.1286806220423094,17.05428005208634,25001000.0,25.64044204829579
G7204,90.30460911194258,23.82488371021593,0.24986600901026298,-0.12674956205962393,17.104228504817815,25001000.0,25.67778267178642
G7205,90.30451584426989,23.82939493559292,0.22596735022734118,-0.0859246004143763,16.694561742227194,25001000.0,26.207829738778596
G7206,90.30442255351711,23.833906157986576,0.18790566237551828,-0.057599323860461016,17.104228504817815,25001000.0,26.92937247426043
G7207,90.3043292396808,23.83841737739644,0.2145737410034338,-0.059313009008582517,16.593088905205008,25001000.0,26.902906992207058
G7208,90.30423590275738,23.842928593822016,0.2136688557530388,-0.05673963400466681,17.104228504817815,25001000.0,27.05605005969106
G7209,90.30414254274332,23.847439807262845,0.2060709189456556,-0.0661040703885789,16.468364559128617,25001000.0,26.49148671131601
G7210,90.30404915963508,23.85195101771845,0.20372539124686448,-0.048488527696282216,17.104228504817815,25001000.0,27.088182409821773
G7211,90.30395575342912,23.856462225188373,0.20198141287693458,-0.052461214120492414,16.342167376030005,25001000.0,26.749909822239992
G7212,90.30386232412194,23.860973429672114,0.23046117075357278,-0.0727812553973073,17.104228504817815,25001000.0,26.53485741581789
G7213,90.30376887171,23.865484631169217,0.228200159024819,-0.0736558986895498,16.293716671804617,25001000.0,26.373038609185773
G7214,90.30367539618967,23.869995829679205,0.19914138406897688,-0.062446997329260616,17.104228504817815,25001000.0,26.76707522859349
G7215,90.30358189755756,23.8745070252016,0.1874286017893009,-0.038247170525667416,16.68949131969194,25001000.0,27.330828972456843
G7216,90.30348837581,23.879018217735943,0.2167643386354644,-0.0717601194516515,17.104228504817815,25001000.0,26.418636311164505
G7217,90.30339483094352,23.88352940728175,0.16111685361257988,-0.019605974827375815,16.812308221100437,25001000.0,27.937863284756734
G7218,90.30330126295456,23.88804059383855,0.18902547206710868,-0.04686143374976731,17.104228504817815,25001000.0,27.09365388799013
G7219,90.3032076718396,23.89255177740588,0.2006149045493372,-0.05045644399793471,16.44293811155424,25001000.0,26.862485049194007
G7220,90.303114057595,23.89706295798324,0.19526519055688799,-0.04530205871171571,17.104228504817815,25001000.0,27.230828617807333
G7221,90.30302042021734,23.90157413557018,0.1966429320526562,-0.03146061979494221,16.690054699973672,25001000.0,27.457214611775704
G7222,90.30292675970298,23.90608531016623,0.13491823810606718,-0.0032416663568877136,17.104228504817815,25001000.0,28.458768608250146
G7223,90.30283307604844,23.91059648177092,0.1081047943999791,0.0011103446252462863,17.366231762347894,25001000.0,28.519648622524787
G7224,90.3027393692501,23.91510765038373,0.16569294677289978,-0.022152951694946615,17.104228504817815,25001000.0,27.890138199915892
G7225,90.30264563930446,23.919618816004263,0.16504196267944599,-0.026776807640408514,17.2637472902982,25001000.0,27.676464395315804
G7226,90.30255188620797,23.924129978631992,0.11752408636760119,0.007203687342293687,17.104228504817815,25001000.0,28.936592349236083
G7227,90.30245810995702,23.928641138266464,0.1014998096309155,0.018352387562444686,17.554231762347882,25001000.0,29.301760308452412
G7228,90.30236431054811,23.93315229490721,0.12064564947243939,0.0027258173285924863,17.104228504817815,25001000.0,28.62905970036866
G7229,90.30227048797768,23.937663448553742,0.13156477015231668,-0.007625162956147414,17.3505174766336,25001000.0,28.37965933329912
G7230,90.30217664224216,23.942174599205604,0.12920014560878218,-0.0009170382438521136,17.104228504817815,25001000.0,28.52068036363843
G7231,90.30208380803694,23.946684480537,0.1688473087221473,-0.03178083890150611,17.09456174222717,25001000.0,27.543066344121566
G7232,90.30103004002126,23.950631004008724,0.1999638634246849,-0.053363289656571215,17.104228504817815,25001000.0,26.93799248607337
G7233,90.29980770472784,23.954727897787603,0.1831293763389279,-0.016992717629914212,17.104228504817815,25001000.0,28.048550335770802
G7283,90.31488446650285,23.655530986232737,0.25578685022096725,-0.102593777970716,17.104228504817815,25001000.0,25.988678062137232
G7284,90.31324813260773,23.65836397469936,0.1519287704626689,-0.09001506711642511,16.77041395696486,25001000.0,25.571808917575478
G7285,90.3128491636184,23.66256267199848,0.1319523612081295,-0.030293745374986514,17.104228504817815,25001000.0,27.60639297153247
G7286,90.31275689217031,23.667074022613058,0.2185587740314082,-0.06831098904036621,16.77413092201172,25001000.0,26.452512185099078
G7287,90.31266459781008,23.671585370262584,0.23979125992751968,-0.0858153187187856,17.104228504817815,25001000.0,26.351976705331666
G7288,90.31257228053424,23.676096714946585,0.244819775549868,-0.09128127284856201,15.98287772508084,25001000.0,26.0671056157167
G7289,90.31247994033926,23.680608056664585,0.22164832249415178,-0.0812248073023222,17.104228504817815,25001000.0,26.25988243351986
G7290,90.31238757722171,23.685119395416105,0.21186652866293118,-0.07540505653519411,15.90148386318819,25001000.0,26.228358319189123
G7291,90.3122951911781,23.68963073120067,0.206455532454219,-0.0681896641321478,17.104228504817815,25001000.0,26.507718436599724
G7292,90.31220278220492,23.69414206401781,0.22681945629597988,-0.0775498825391227,15.799689319283713,25001000.0,26.271950845192514
G7293,90.31211035029868,23.69865339386705,0.21787030927327788,-0.0756180843743196,17.104228504817815,25001000.0,26.42924784553441
G7294,90.31201789545592,23.703164720747925,0.2180105348891095,-0.07742240138037,15.323331975567527,25001000.0,26.22347446530948
G7295,90.31192541767312,23.707676044659948,0.2400424901477746,-0.09757394083612281,17.104228504817815,25001000.0,25.858199466545283
G7296,90.3118329169468,23.71218736560265,0.2387002073350022,-0.0834667789709539,15.203331975567522,25001000.0,26.465186201880723
G7297,90.31174039327348,23.716698683575547,0.24074355010342469,-0.08160448187723031,17.104228504817815,25001000.0,26.427791232374847
G7298,90.31164784664963,23.721209998578185,0.20922428552576358,-0.05563547161949251,15.547660333776461,25001000.0,26.99369555143541
G7299,90.3115552770718,23.725721310610066,0.21737219418875178,-0.06503910905497981,17.104228504817815,25001000.0,26.759701817069267
G7300,90.31146268453644,23.730232619670733,0.2367824233146558,-0.09347746532353851,16.03437675168695,25001000.0,25.909768878387162
G7301,90.31137006904012,23.73474392575971,0.25195586787558566,-0.0974164768412315,17.104228504817815,25001000.0,25.999210613034137
G7302,90.3112774305793,23.73925522887652,0.2096488791008024,-0.054271693641729915,15.916466303925716,25001000.0,26.92127486642707
G7303,90.31118476915049,23.74376652902068,0.25538294839525566,-0.09987874580667151,17.104228504817815,25001000.0,26.021005788439638
G7304,90.31109208475016,23.74827782619173,0.24601882763387048,-0.0925327979312317,15.84824856907059,25001000.0,26.128974139187942
G7305,90.31099937737484,23.7527891203892,0.24023809040820518,-0.0869843940079998,17.104228504817815,25001000.0,26.2718116019181
G7306,90.31090664702104,23.7573004116126,0.23791885199328608,-0.0862649344816309,16.619689319283708,25001000.0,26.185219378668997
G7307,90.31081389368522,23.76181169986146,0.21850559305109898,-0.06941855797693591,17.104228504817815,25001000.0,26.57977359630438
G7308,90.31072111736388,23.766322985135314,0.2117337731268047,-0.0676893696667189,16.700269029428654,25001000.0,26.441723800271358
G7309,90.31062831805356,23.77083426743369,0.18818519574647588,-0.057643783545147015,17.104228504817815,25001000.0,26.92937247426043
G7310,90.31053549575068,23.775345546756107,0.22620255803125158,-0.0847166638249929,16.866066130877897,25001000.0,26.221191405061006
G7311,90.31044265045178,23.779856823102083,0.1790998644397289,-0.044684528090964015,17.104228504817815,25001000.0,27.230828617807333
G7312,90.31034978215334,23.78436809647117,0.1329628691664992,-0.03879573100159522,17.803457435225738,25001000.0,27.351659827872567
G7313,90.31025689085185,23.788879366862872,0.15429741442073588,-0.053023908181756216,17.104228504817815,25001000.0,26.92581040954312
G7314,90.31016397654378,23.79339063427672,0.0791826583363213,0.010408431003558186,18.46942503965883,25001000.0,28.843544341910707
G7315,90.31007103922563,23.79790189871225,0.1366527036614951,-0.06425400454640541,17.104228504817815,25001000.0,26.416982622350936
G7316,90.30997807889388,23.802413160168985,0.09384500964922539,-0.03745049847978371,17.945196565660495,25001000.0,27.019175685994586
G7317,90.30988509554504,23.80692441864644,0.2027397227482403,-0.07790097591796721,17.104228504817815,25001000.0,26.28680625999616
G7318,90.30979208917556,23.81143567414416,0.212170430351467,-0.09193831200699151,17.60442503965882,25001000.0,25.896026477823455
G7319,90.30969905978196,23.815946926661653,0.2066867336379501,-0.08552737107270661,17.104228504817815,25001000.0,26.132682147718103
G7320,90.30960600736068,23.82045817619846,0.2185234675861583,-0.0822618518556185,17.104228504817815,25001000.0,26.27620194899864
G7321,90.3095129319082,23.824969422754112,0.23822751904874578,-0.1048517646193787,17.104228504817815,25001000.0,25.643104796371258
G7322,90.30941983342102,23.82948066632812,0.2322215883488789,-0.08538248321024651,17.104228504817815,25001000.0,26.305688311389442
G7323,90.30932671189562,23.833991906920016,0.20746646127270568,-0.059167320817161216,17.104228504817815,25001000.0,27.027050686081694
G7324,90.30923356732843,23.83850314452933,0.1977444819865947,-0.048117105832452114,17.104228504817815,25001000.0,27.088182409821773
G7325,90.309140399716,23.84301437915559,0.2037617629399384,-0.0755373890449182,17.104228504817815,25001000.0,26.35719268582975
G7326,90.30904720905478,23.84752561079832,0.1799349026963484,0.002220509663274786,17.104228504817815,25001000.0,28.60366249423562
G7327,90.3089539953412,23.852036839457053,0.2073673176320833,-0.05741632176007471,17.104228504817815,25001000.0,27.027050686081694
G7328,90.30886075857178,23.85654806513132,0.18005983471359518,-0.034456294464453016,17.104228504817815,25001000.0,27.543066344121566
G7329,90.30876749874297,23.861059287820623,0.19736121710837778,-0.050405793423871116,17.104228504817815,25001000.0,27.011831559468273
G7330,90.30867421585124,23.86557050752452,0.16942333115669658,-0.018092778826907813,17.104228504817815,25001000.0,27.997258635958623
G7331,90.30858090989302,23.87008172424252,0.18997428119426168,-0.046249201696423714,17.104228504817815,25001000.0,27.09365388799013
G7332,90.30848758086483,23.87459293797416,0.15474029053581229,-0.013596424906329615,17.104228504817815,25001000.0,28.16690629019856
G7333,90.30839422876316,23.879104148718955,0.1563378447335187,-0.022734051558116614,17.104228504817815,25001000.0,27.890138199915892
G7334,90.3083008535844,23.883615356476444,0.1465251323489531,-0.014252563616639914,17.104228504817815,25001000.0,28.15531579374881
G7335,90.30820745532506,23.88812656124616,0.17561784161690508,-0.03982063793295501,17.104228504817815,25001000.0,27.351844249387824
G7336,90.30811403398158,23.892637763027604,0.1600046994092603,-0.018134599080892013,17.104228504817815,25001000.0,27.997258635958623
G7337,90.30802058955044,23.89714896182033,0.1998346013486572,-0.043654479780023216,17.104228504817815,25001000.0,27.2792911876972
G7338,90.30792712202808,23.90166015762386,0.2060484670836445,-0.060083119273350916,17.104228504817815,25001000.0,26.943250785709434
G7339,90.307833631411,23.90617135043771,0.16832271766429968,-0.024863740795500314,17.104228504817815,25001000.0,27.812606861693755
G7340,90.3077401176956,23.91068254026143,0.1402135687246894,-0.008428800532041014,17.104228504817815,25001000.0,28.20434769166141
G7341,90.30764658087836,23.91519372709452,0.1186283569526795,0.004508150812959187,17.104228504817815,25001000.0,28.801886638903806
G7342,90.30755302095577,23.919704910936527,0.11387971354996249,0.008627825838148286,17.104228504817815,25001000.0,29.003930181899225
G7343,90.30745943792424,23.924216091786978,0.09161150609614879,0.019818310619074388,17.104228504817815,25001000.0,29.365556425235322
G7344,90.30736583178025,23.9287272696454,0.11833782379207669,0.0003928572117255862,17.104228504817815,25001000.0,28.542621406778043
G7345,90.3072722025202,23.933238444511307,0.1407474208868366,-0.007853849670091414,17.104228504817815,25001000.0,28.37965933329912
G7346,90.3071785501406,23.937749616384245,0.14607830570517288,-0.0035677467073031138,17.104228504817815,25001000.0,28.458768608250146
G7347,90.3070848746379,23.94226078526373,0.16229462496045088,-0.021870318156607015,17.104228504817815,25001000.0,27.890138199915892
G7348,90.30699117600852,23.94677195114929,0.1764594961989821,-0.03277577207053761,17.104228504817815,25001000.0,27.543066344121566
G7349,90.30652482509868,23.94941238695953,0.1382204694396814,-0.013598285044885115,17.104228504817815,25001000.0,28.15531579374881
G7399,90.32024407511966,23.65130798688084,0.2198420426915178,-0.1299588366312232,17.104228504817815,25001000.0,25.65682966481594
G7400,90.31851158994688,23.654215988210368,0.1837844855336159,-0.09872441521619071,17.104228504817815,25001000.0,25.74972704237838
G7401,90.31783902450194,23.658136204062387,0.1307882314212955,-0.0777569783768003,17.104228504817815,25001000.0,25.763031906490273
G7402,90.3177469436088,23.66264757576071,0.2493380014350746,-0.10529208985335041,17.104228504817815,25001000.0,25.80382880663849
G7403,90.3176548398486,23.66715894449567,0.2366805983235917,-0.0895162138714603,17.104228504817815,25001000.0,26.10434718842517
G7404,90.31756271321784,23.67167031026677,0.2422330273233491,-0.09065396603042941,17.104228504817815,25001000.0,26.08992559249456
G7405,90.31747056371309,23.67618167307356,0.2451023872877299,-0.09530979753895201,17.104228504817815,25001000.0,26.046400896033518
G7406,90.3173783913308,23.680693032915546,0.23624280341744258,-0.08955225346008151,17.104228504817815,25001000.0,26.087155376472836
G7407,90.31728619606754,23.685204389792258,0.22970356689008728,-0.08186024735582571,17.104228504817815,25001000.0,26.339267138064233
G7408,90.3171939779198,23.689715743703232,0.2217749861701266,-0.07959077901956221,17.104228504817815,25001000.0,26.25988243351986
G7409,90.31710173688415,23.694227094647985,0.20281641772317588,-0.0653107070475892,17.104228504817815,25001000.0,26.69430241311879
G7410,90.31700947295708,23.69873844262605,0.1859504353477568,-0.04500638850780252,17.104228504817815,25001000.0,27.230828617807333
G7411,90.31691718613509,23.70324978763694,0.21408102311346208,-0.0714501798304839,17.104228504817815,25001000.0,26.418636311164505
G7412,90.31682487641471,23.7077611296802,0.215343454999219,-0.0710489747838115,17.104228504817815,25001000.0,26.418636311164505
G7413,90.31673254379244,23.712272468755344,0.2391060264814891,-0.08982808662525381,17.104228504817815,25001000.0,26.10434718842517
G7414,90.31664018826484,23.71678380486189,0.2768528717617756,-0.10502624901141151,17.104228504817815,25001000.0,26.080890882969513
G7415,90.31654780982836,23.721295137999387,0.25100850152263166,-0.087053982615636,17.104228504817815,25001000.0,26.393808562784667
G7416,90.31645540847956,23.72580646816735,0.1687706333071082,-0.024707901474083114,17.104228504817815,25001000.0,27.812606861693755
G7417,90.31636298421496,23.73031779536529,0.1571046035563975,-0.017250593129761512,17.104228504817815,25001000.0,28.048550335770802
G7418,90.316270537031,23.73482911959276,0.1717835971443765,-0.021734583187112615,17.104228504817815,25001000.0,27.890138199915892
G7419,90.31617806692422,23.739340440849272,0.2033863427554817,-0.051426266415259714,17.104228504817815,25001000.0,26.993354018519454
G7420,90.31608557389116,23.743851759134355,0.2424986014514724,-0.09330827706850221,17.104228504817815,25001000.0,26.08728011491047
G7421,90.3159930579283,23.74836307444753,0.2268836542189543,-0.0702585882057843,17.104228504817815,25001000.0,26.587665539989825
G7422,90.31590051903213,23.75287438678833,0.18517175472670608,-0.04338991386852111,17.104228504817815,25001000.0,27.28697489064524
G7423,90.31580795719918,23.75738569615628,0.2055184913280174,-0.06548895496402171,17.104228504817815,25001000.0,26.698630320924895
G7424,90.31571537242594,23.761897002550903,0.09479293454632949,0.026056341139313387,17.104228504817815,25001000.0,29.551644156960254
G7425,90.3156227647089,23.766408305971737,0.16055078472416098,-0.03417523503709621,17.104228504817815,25001000.0,27.543066344121566
G7426,90.31553013404458,23.770919606418296,0.12440266284358079,-0.030076775878891612,17.104228504817815,25001000.0,27.596039083249007
G7427,90.31543748042948,23.77543090389011,0.128900690299184,-0.06105439604903511,17.104228504817815,25001000.0,26.459576205538166
G7428,90.31534480386006,23.77994219838671,0.0877630446026811,-0.060432957804446116,17.104228504817815,25001000.0,25.956055698887646
G7429,90.31525210433288,23.78445348990762,0.08618157250699089,-0.019285705504116714,17.104228504817815,25001000.0,27.874279739011428
G7430,90.31515938184435,23.788964778452367,0.09921482214190319,-0.006058142041234414,17.104228504817815,25001000.0,28.346332660762403
G7431,90.31506663639104,23.79347606402048,0.08456882339766829,-0.024434690567910613,17.104228504817815,25001000.0,27.58571363421437
G7432,90.3149738679694,23.79798734661148,0.10534614404656899,-0.06377261062294891,17.104228504817815,25001000.0,26.27120177189199
G7433,90.31488107657596,23.802498626224903,0.0818767522232706,-0.028167131855366113,17.104228504817815,25001000.0,27.357523205349274
G7434,90.3147882622072,23.807009902860266,0.179617388925249,-0.08889525061188891,17.104228504817815,25001000.0,25.91795657050174
G7435,90.31469542485956,23.8115211765171,0.18672988740562568,-0.09964913128380841,17.104228504817815,25001000.0,25.707712255085585
G7436,90.31460256452958,23.81603244719494,0.1566263991157711,-0.1155530304523073,17.104228504817815,25001000.0,25.249692078178004
G7437,90.31450968121376,23.8205437148933,0.21367400541579298,-0.10117237997084391,17.307946048062178,25001000.0,25.67473106005633
G7438,90.31441677490852,23.82505497961172,0.2237647065640559,-0.1144415206030397,17.104228504817815,25001000.0,25.693833903358776
G7439,90.3143238456104,23.82956624134972,0.1963387765159298,-0.059757673736656414,16.843575826734224,25001000.0,26.830002103961597
G7440,90.31423089331584,23.834077500106822,0.20424472120629958,-0.0764035692094004,17.104228504817815,25001000.0,26.350377594311155
G7441,90.3141379180214,23.83858875588257,0.2149917505636218,-0.07533874188779381,16.938231762347897,25001000.0,26.36267426547801
G7442,90.31404491972349,23.84310000867648,0.2280637955844296,-0.0732038515496191,17.104228504817815,25001000.0,26.506321322096163
G7443,90.31395189841858,23.84761125848807,0.19677319042998379,-0.055855349685570814,16.659604778220938,25001000.0,26.86130427290486
G7444,90.3138588541032,23.852122505316885,0.1833605588740159,-0.04188392279955101,17.104228504817815,25001000.0,27.351844249387824
G7445,90.3137657867738,23.85663374916245,0.1710914307168451,-0.04194177260890431,16.479350474621498,25001000.0,27.27651226761091
G7446,90.31367269642688,23.86114499002428,0.1721342123456979,-0.04105858359644991,17.104228504817815,25001000.0,27.351844249387824
G7447,90.31357958305892,23.86565622790192,0.19323955524866068,-0.040577101528618216,16.46949131969197,25001000.0,27.283424523236842
G7448,90.31348644666632,23.87016746279488,0.1842686876767673,-0.03684584390401941,17.104228504817815,25001000.0,27.521290754214856
G7449,90.31339328724566,23.874678694702705,0.20647528044037988,-0.05108727103105051,16.713716671804633,25001000.0,26.9691271051734
G7450,90.31330010479334,23.87918992362492,0.1898454407172549,-0.042972101460260516,17.104228504817815,25001000.0,27.344931993761893
G7451,90.31320689930584,23.88370114956103,0.15457202243381118,-0.013586283137070615,17.0393504746215,25001000.0,28.16690629019856
G7452,90.31311367077969,23.88821237251059,0.1447144393206152,-0.015935257279934712,17.104228504817815,25001000.0,28.09326027722099
G7453,90.31302041921124,23.892723592473114,0.14943442030119458,-0.009385540169993213,16.96582934786099,25001000.0,28.20434769166141
G7454,90.31292714459708,23.89723480944814,0.1683005017161618,-0.03268286819381381,17.104228504817815,25001000.0,27.543066344121566
G7455,90.3128338469336,23.901746023435187,0.2025071488910733,-0.05300187763821671,16.952231762347907,25001000.0,26.93799248607337
G7456,90.31274052621728,23.906257234433784,0.1777332151758655,-0.029673144980933014,17.104228504817815,25001000.0,27.661251633395363
G7457,90.3126471824446,23.910768442443462,0.1529958277234571,-0.016201082218314813,17.5008031909193,25001000.0,28.14487922870461
G7458,90.31255381561202,23.915279647463752,0.1023987099171069,0.020968005818298486,17.104228504817815,25001000.0,29.37675067877073
G7459,90.312460425716,23.91979084949418,0.12223382015467309,0.002207890317240386,17.413946048062172,25001000.0,28.62905970036866
G7460,90.312367012753,23.92430204853427,0.1436289357554331,-0.013804388822220515,17.104228504817815,25001000.0,28.15531579374881
G7461,90.31227357671948,23.928813244583544,0.10751021170377449,0.009106032633927785,17.618231762347904,25001000.0,28.91183579385464
G7462,90.31218011761187,23.93332443764156,0.1355000263124793,-0.008040242191398813,17.104228504817815,25001000.0,28.20434769166141
G7463,90.31208663542668,23.937835627707805,0.1487318982874035,-0.016603555610449013,17.364984277438424,25001000.0,28.410242803712702
G7464,90.31199313016032,23.942346814781843,0.1901624221138988,-0.03863375596377741,17.098787094339826,25001000.0,27.408997001854665
G7465,90.31189960180927,23.946857998863177,0.16398786435948198,-0.021492582096159014,17.104228504817815,25001000.0,27.890138199915892
G7466,90.3121694753352,23.94949291449857,0.1724322185308754,-0.03358938784189281,17.104228504817815,25001000.0,27.543066344121566
G7515,90.32514747855886,23.64663505038656,0.30161313544697166,-0.14732979717335712,17.104228504817815,25001000.0,25.80903478192251
G7516,90.32366456574236,23.64978625416899,0.1647706579491756,-0.1048706637542514,17.104228504817815,25001000.0,25.249692078178004
G7517,90.32282855013094,23.65370954249625,0.2249440945955441,-0.0944610827711335,17.104228504817815,25001000.0,25.918225378653233
G7518,90.32273665970962,23.658220935242493,0.1433283366120223,-0.07957693911472331,16.684037145370695,25001000.0,25.885140175186645
G7519,90.32264474646628,23.66273232502704,0.25520533869476375,-0.1119422220880676,17.104228504817815,25001000.0,25.760093049824356
G7520,90.32255281039744,23.66724371184941,0.22256711372017698,-0.0821840276597178,16.565307392599976,25001000.0,26.108441096388262
G7521,90.32246085149966,23.67175509570914,0.2432160723154345,-0.0936960749027869,17.104228504817815,25001000.0,25.97020145833888
G7522,90.32236886976943,23.67626647660575,0.25849184300591505,-0.10132825656090551,15.722298014935888,25001000.0,25.90017642281832
G7523,90.3222768652033,23.68077785453877,0.2303044546185708,-0.0855946571059121,17.104228504817815,25001000.0,26.305688311389442
G7524,90.32218483779782,23.685289229507728,0.22108276208594818,-0.08247301724156951,15.677660333776458,25001000.0,26.202546296538546
G7525,90.3220927875495,23.68980060151214,0.2025959598843192,-0.07097540139778921,17.104228504817815,25001000.0,26.325577664249426
G7526,90.32200071445484,23.694311970551546,0.2492411986832665,-0.0975111392594966,15.397660333776486,25001000.0,26.04850760098304
G7527,90.32190861851038,23.698823336625463,0.1961216582309118,-0.04133744194798632,17.104228504817815,25001000.0,27.344160546439785
G7528,90.32181649971264,23.70333469973341,0.2295185471738612,-0.08656379141480791,15.305421527806319,25001000.0,26.291109183802917
G7529,90.32172435805818,23.70784605987493,0.2124500457195452,-0.06293996041614311,17.104228504817815,25001000.0,26.88365298598187
G7530,90.32163219354348,23.71235741704955,0.18399879269292319,-0.03503675991655701,15.211506487622643,25001000.0,27.078322828060266
G7531,90.32154000616508,23.716868771256777,0.2060808012555132,-0.04461778243009711,17.104228504817815,25001000.0,27.220301654960718
G7532,90.32144779591944,23.72138012249616,0.2263458789402596,-0.0712428325214498,15.790124101892419,25001000.0,26.3987778195032
G7533,90.32135556280318,23.725891470767213,0.2339080613913383,-0.07931375616922251,17.104228504817815,25001000.0,26.42542462442581
G7534,90.32126330681274,23.730402816069464,0.1648122224492821,-0.03494256575529251,16.561138594646053,25001000.0,27.474646617970585
G7535,90.32117102794466,23.73491415840244,0.1712026965866778,-0.03238769667309871,17.104228504817815,25001000.0,27.543066344121566
G7536,90.32107872619544,23.73942549776567,0.16474560535260768,-0.017461693719486814,16.24751540624024,25001000.0,27.821416591149262
G7537,90.32098640156164,23.74393683415867,0.1801210258455119,-0.031918196560898414,17.104228504817815,25001000.0,27.543066344121566
G7538,90.32089405403973,23.748448167580985,0.1967935714432483,-0.057855626214697316,16.328964681602567,25001000.0,26.751389638469306
G7539,90.3208016836262,23.75295949803213,0.1722830826255145,-0.037322773592930715,17.104228504817815,25001000.0,27.521290754214856
G7540,90.3207092903176,23.75747082551164,0.11075707756844719,-0.012422134872520614,17.57070381203735,25001000.0,28.121989121212092
G7541,90.32061687411044,23.76198215001903,0.023225923272469792,-0.04243947435454761,17.104228504817815,25001000.0,24.67200894160402
G7542,90.3205244350012,23.76649347155384,0.09847068134917439,0.0013465048364894863,17.441718304790953,25001000.0,28.519648622524787
G7543,90.3204319729864,23.771004790115583,0.13225369963814118,-0.03333888783791141,17.104228504817815,25001000.0,27.488207682258672
G7544,90.32033948806254,23.7755161057038,0.06049791376803929,-0.029467106999300614,17.495341493196776,25001000.0,26.66027351061389
G7545,90.32024698022612,23.78002741831801,0.0709248339918987,-0.03900474773919031,17.104228504817815,25001000.0,26.407774725390475
G7546,90.32015444947368,23.78453872795773,0.09174156906171689,-0.04111897158667961,18.33852989899387,25001000.0,26.65939989604119
G7547,90.32006189580169,23.789050034622523,0.0853035248984982,-0.03313669760648871,17.104228504817815,25001000.0,27.211278717875704
G7548,90.31996931920663,23.79356133831188,0.1218850755714407,-0.06990338420183201,18.361189745541168,25001000.0,25.958124994611584
G7549,90.31987671968504,23.798072639025342,0.0906445040356161,-0.045839767717233616,17.104228504817815,25001000.0,26.30434116416011
G7550,90.31978409723338,23.802583936762435,0.1381273704547986,-0.06910262156027741,17.863033468104817,25001000.0,26.101921458207404
G7551,90.31969145184816,23.807095231522688,0.1865928429076764,-0.1167825631381332,17.104228504817815,25001000.0,25.49348375525825
G7552,90.3195987835259,23.811606523305628,0.1720792178402813,-0.159985793929004,17.60295445142353,25001000.0,25.22557010528
G7553,90.3195060922631,23.816117812110782,0.1585054528548344,-0.1280678699930334,17.104228504817815,25001000.0,25.01648788691277
G7554,90.3194133780562,23.820629097937672,0.18442507005434128,-0.13233120342732882,17.73128352218228,25001000.0,25.67731791376967
G7555,90.31932064090174,23.82514038078584,0.1610178661339154,-0.09764567685010561,17.104228504817815,25001000.0,25.423994916975783
G7556,90.31922788079618,23.8296516606548,0.1668937037684063,-0.03697780647715091,17.33360236276198,25001000.0,27.521290754214856
G7557,90.31913509773602,23.83416293754408,0.1974245841588303,-0.06156042204503492,17.104228504817815,25001000.0,26.88811665365581
G7558,90.31904229171776,23.838674211453213,0.200146280058846,-0.0696643914159723,17.5188197540663,25001000.0,26.516131870053268
G7559,90.31894946273788,23.84318548238173,0.20163744287781968,-0.0651647759849043,17.104228504817815,25001000.0,26.662687391538466
G7560,90.31885661079286,23.84769675032916,0.21390389758263978,-0.0723729984131376,17.181138594646,25001000.0,26.418636311164505
G7561,90.31876373587922,23.852208015295016,0.2042030843853154,-0.05364757971028601,17.104228504817815,25001000.0,26.969607507653695
G7562,90.3186708379934,23.85671927727884,0.17244229110291698,-0.03431575844514921,16.722938111554214,25001000.0,27.47176697860276
G7563,90.31857791713188,23.86123053628016,0.18881514515479658,-0.05635646908279701,17.104228504817815,25001000.0,26.92937247426043
G7564,90.3184849732912,23.865741792298483,0.1711881993505822,-0.0018165658757651137,17.104228504817815,25001000.0,28.497509999243203
G7565,90.31839200646776,23.87025304533337,0.1912243634187957,-0.03712592629671931,17.104228504817815,25001000.0,27.521290754214856
G7566,90.31829901665812,23.87476429538432,0.2029980307022235,-0.057994784448047114,17.104228504817815,25001000.0,26.97108732388301
G7567,90.31820600385868,23.87927554245089,0.17492273147038878,-0.021426748960791015,17.104228504817815,25001000.0,27.890138199915892
G7568,90.318112968066,23.883786786532585,0.16797226578810348,-0.021378577499773014,17.104228504817815,25001000.0,27.890138199915892
G7569,90.31801990927652,23.888298027628927,0.165800379732716,-0.028883427254015714,17.104228504817815,25001000.0,27.661251633395363
G7570,90.31792682748669,23.89280926573948,0.1669899668579771,-0.020610861357229716,17.104228504817815,25001000.0,28.006982961233312
G7571,90.31783372269298,23.897320500863724,0.1682045883313787,-0.026067881377859013,17.104228504817815,25001000.0,27.676464395315804
G7572,90.31774059489192,23.90183173300123,0.16330856948957298,-0.027166343103774613,17.104228504817815,25001000.0,27.676464395315804
G7573,90.31764744407994,23.906342962151506,0.13743491827469778,-0.015586043211447114,17.104228504817815,25001000.0,28.09326027722099
G7574,90.31755427025352,23.910854188314087,0.12511970538854628,0.007762635872115587,17.104228504817815,25001000.0,28.949000231458378
G7575,90.31746107340912,23.91536541148849,0.11353149178070049,-0.0021882013053973136,17.104228504817815,25001000.0,28.42544193571343
G7576,90.31736785354322,23.919876631674267,0.1840623347299055,-0.06358108446895061,17.104228504817815,25001000.0,26.756975400551237
G7577,90.31727461065228,23.924387848870914,0.210332249634453,-0.057092092541441215,17.104228504817815,25001000.0,27.05605005969106
G7578,90.31718134473276,23.928899063077985,0.16873721164342378,-0.027197468896594513,17.104228504817815,25001000.0,27.676464395315804
G7579,90.31708805578116,23.933410274295003,0.1965906357943906,-0.04041666879779531,17.104228504817815,25001000.0,27.344160546439785
G7580,90.3169947437939,23.93792148252149,0.19002813479708408,-0.041444296505881315,17.104228504817815,25001000.0,27.351844249387824
G7581,90.31690140876746,23.942432687756984,0.1968033824873863,-0.04661734307648602,17.104228504817815,25001000.0,27.103753716032383
G7582,90.3168080506983,23.946943890001013,0.16238307357842338,-0.021168921862717516,17.104228504817815,25001000.0,27.890138199915892
G7583,90.31709933557188,23.95025349841039,0.17703626682107018,-0.032957861696189215,17.104228504817815,25001000.0,27.543066344121566
G7584,90.31845579520832,23.955941713179666,0.18473388039437488,-0.046924225220658415,17.104228504817815,25001000.0,27.09365388799013
G7631,90.33034955137634,23.64251905921561,0.18001436812231741,-0.06846747857195189,17.104228504817815,25001000.0,26.485811326347566
G7632,90.32840045985876,23.645395861163745,0.1971111250312864,-0.1019988332871692,17.104228504817815,25001000.0,25.671756418260784
G7633,90.32781774058162,23.64928268740009,0.25326784551287296,-0.10928717234430031,16.165374619490734,25001000.0,25.5892468864429
G7634,90.32772604054897,23.65379410115841,0.23647411504678179,-0.10872771552917851,17.104228504817815,25001000.0,25.643104796371258
G7635,90.32763431773932,23.65830551195673,0.1766841616996257,-0.09634244633282861,16.632517476633637,25001000.0,25.66050495619921
G7636,90.32754257214924,23.662816919794537,0.2161801658915043,-0.07944844240862711,17.104228504817815,25001000.0,26.3171695750755
G7637,90.32745080377524,23.66732832467139,0.2284204987589375,-0.0902961639164697,17.104228504817815,25001000.0,25.988497137235626
G7638,90.32735901261388,23.67183972658679,0.25085758327517677,-0.10594786488704151,17.104228504817815,25001000.0,25.729713604082058
G7639,90.32726719866169,23.676351125540272,0.2497687498439655,-0.0997241442929779,17.104228504817815,25001000.0,26.00102013045474
G7640,90.3271753619152,23.68086252153137,0.1955043678012721,-0.06739177790526071,17.104228504817815,25001000.0,26.480561284252758
G7641,90.32708350237095,23.68537391455961,0.2195342926719562,-0.07819489579036401,17.104228504817815,25001000.0,26.287402617726016
G7642,90.32699162002548,23.689885304624504,0.1850583560391898,-0.06250735145253591,17.104228504817815,25001000.0,26.756975400551237
G7643,90.3268997148753,23.69439669172559,0.2029800481979425,-0.0805551537597529,17.104228504817815,25001000.0,26.230647918741546
G7644,90.32680778691694,23.69890807586239,0.2170463514974198,-0.0817876247449731,17.104228504817815,25001000.0,26.273703704836837
G7645,90.32671583614696,23.70341945703444,0.2470717225346445,-0.09468372335168661,17.104228504817815,25001000.0,26.07830668332397
G7646,90.32662386256187,23.707930835241257,0.2004123597803014,-0.04499372641904582,17.104228504817815,25001000.0,27.223144914859294
G7647,90.3265318661582,23.712442210482365,0.2103351271720777,-0.057194396136798116,17.104228504817815,25001000.0,27.05605005969106
G7648,90.32643984693247,23.716953582757306,0.2030008854920072,-0.04523078869776941,17.104228504817815,25001000.0,27.223144914859294
G7649,90.3263478048812,23.721464952065592,0.1983063072998186,-0.054612448634201116,17.104228504817815,25001000.0,26.939472302302683
G7650,90.32625574000092,23.725976318406754,0.1816477127634291,-0.049852568962669715,17.104228504817815,25001000.0,27.0591200636972
G7651,90.32616365228816,23.73048768178033,0.1813748232098787,-0.046127032921857616,17.104228504817815,25001000.0,27.09365388799013
G7652,90.32607154173948,23.734999042185827,0.1296120883819936,0.005533696434487487,17.104228504817815,25001000.0,28.809930740038364
G7653,90.32597940835132,23.739510399622795,0.13911991367430068,0.006492223686002985,17.104228504817815,25001000.0,29.081681732760384
G7654,90.32588725212022,23.74402175409073,0.1710730786128265,-0.029325801138170415,17.104228504817815,25001000.0,27.661251633395363
G7655,90.32579507304273,23.7485331055892,0.16752658318195368,-0.024979683549353614,17.104228504817815,25001000.0,27.812606861693755
G7656,90.32570287111535,23.75304445411769,0.14413370121103608,-0.038075979177124714,17.104228504817815,25001000.0,27.351659827872567
G7657,90.3256106463346,23.75755579967576,0.049703381543731995,-0.004736106440647713,17.104228504817815,25001000.0,28.261687474062068
G7658,90.325518398697,23.76206714226292,0.030867990788062093,-0.035630919929588514,17.104228504817815,25001000.0,25.823795833816256
G7659,90.32542612819906,23.76657848187871,0.07377532289147869,0.050182166866841585,17.104228504817815,25001000.0,30.072367233005714
G7660,90.32533383483728,23.77108981852264,0.09981984369395769,-0.0005865157329797135,17.104228504817815,25001000.0,28.519648622524787
G7661,90.32524151860818,23.77560115219425,0.0930520412031458,-0.035594056523622714,17.104228504817815,25001000.0,27.19241028628705
G7662,90.32514917950826,23.780112482893063,0.0889412253221939,-0.052773486130543015,17.104228504817815,25001000.0,26.048162388491917
G7663,90.32505681753406,23.78462381061861,0.13816097914951858,-0.04227826833351921,17.104228504817815,25001000.0,27.287594819779795
G7664,90.32496443268204,23.78913513537041,0.1142827587807221,-0.015596043420886314,17.104228504817815,25001000.0,28.05993360468427
G7665,90.32487202494876,23.79364645714801,0.15299868927827098,-0.03254542481418811,17.104228504817815,25001000.0,27.356816749322874
G7666,90.32477959433068,23.79815777595092,0.1296774606303576,-0.049281617943461115,17.104228504817815,25001000.0,26.80610780490621
G7667,90.32468714082434,23.802669091778668,0.26654131349108034,-0.1553463819288955,17.104228504817815,25001000.0,25.700615564659373
G7668,90.3245946644262,23.807180404630788,0.2730020157973866,-0.1797659365084003,17.104228504817815,25001000.0,25.62020625937013
G7669,90.32450216513284,23.811691714506807,0.1787392525967756,-0.1555413789768791,17.104228504817815,25001000.0,25.559446643038427
G7670,90.32440964294068,23.81620302140626,0.11374354593292939,-0.128323153640649,17.104228504817815,25001000.0,24.130113539001012
G7671,90.32431709784623,23.82071432532865,0.10477068561583279,-0.109836869345157,17.104228504817815,25001000.0,24.22262091367696
G7672,90.32422452984602,23.825225626273536,0.1277174977468176,-0.08883358560793381,17.104228504817815,25001000.0,25.43797764525004
G7673,90.32413193893656,23.82973692424043,0.1495513078919204,-0.0739414024500542,17.104228504817815,25001000.0,26.121546539116025
G7674,90.32403932511428,23.83424821922885,0.1971745338026498,-0.08344771617005231,17.104228504817815,25001000.0,26.19903289716122
G7675,90.32394668837576,23.83875951123835,0.2445314537522374,-0.10164169638095691,17.104228504817815,25001000.0,25.821450411201244
G7676,90.32385402871742,23.84327080026845,0.23118651792150868,-0.1006992996398089,17.104228504817815,25001000.0,25.77590901245869
G7677,90.3237613461358,23.84778208631865,0.19909636300455918,-0.1088037775886798,17.104228504817815,25001000.0,25.65429052627412
G7678,90.32366864062736,23.85229336938852,0.20369161869395258,-0.07514906449286911,17.104228504817815,25001000.0,26.35719268582975
G7679,90.32357591218864,23.85680464947756,0.17393631146524918,-0.04278476769091001,17.104228504817815,25001000.0,27.344931993761893
G7680,90.32348316081608,23.86131592658531,0.18731439255152238,-0.04495886454094451,17.104228504817815,25001000.0,27.230828617807333
G7681,90.32339038650618,23.86582720071129,0.1886036531086568,-0.029545866606781313,16.484420897156753,25001000.0,27.59283190724438
G7682,90.32329758925545,23.87033847185504,0.18822506702252959,-0.030784427305617312,17.104228504817815,25001000.0,27.543066344121566
G7683,90.32320476906033,23.87484974001608,0.1869122728818454,-0.03377906414210501,16.48498427743843,25001000.0,27.474646617970585
G7684,90.32311192591736,23.879361005193942,0.21214851966065448,-0.0752540816767058,17.104228504817815,25001000.0,26.418636311164505
G7685,90.32301905982295,23.88387226738816,0.166397257071645,-0.03808048461403881,17.043012446452536,25001000.0,27.408997001854665
G7686,90.32292617077368,23.88838352659824,0.1480656224264687,-0.023712070686358413,17.104228504817815,25001000.0,27.832801025933794
G7687,90.32283325876595,23.89289478282373,0.14890595909202958,-0.025688009229878815,17.20708890520504,25001000.0,27.619127221333706
G7688,90.3227403237963,23.89740603606416,0.1401925561093598,-0.010159753766073913,17.104228504817815,25001000.0,28.15531579374881
G7689,90.32264736586116,23.90191728631905,0.11849208862477979,-0.004391063166035913,17.360231762347922,25001000.0,28.401866162866998
G7690,90.32255438495704,23.90642853358794,0.1191744344502141,-0.003751968734512514,17.104228504817815,25001000.0,28.448414719966685
G7691,90.3224613810804,23.91093977787035,0.1301942368402012,-0.008156667065020613,17.82880319091933,25001000.0,28.20434769166141
G7692,90.32236835422772,23.915451019165804,0.1849722087989734,-0.054852304460150714,17.528517476633596,25001000.0,26.9694009292943
G7693,90.32227530439548,23.91996225747385,0.1594471658603037,-0.020976653951387612,17.104228504817815,25001000.0,27.890138199915892
G7694,90.32218223158014,23.924473492794,0.19485358970845948,-0.042797803454314914,17.9860661308779,25001000.0,27.384960448795763
G7695,90.3220891357782,23.92898472512577,0.2115181312867502,-0.060092975352727215,17.104228504817815,25001000.0,27.004694411044188
G7696,90.32199601698608,23.93349595446872,0.21056542029542008,-0.06248691941665652,17.76680319091932,25001000.0,26.923681441015738
G7697,90.3219028752003,23.938007180822364,0.2045482937517792,-0.04904463513630821,17.104228504817815,25001000.0,27.087704157654947
G7698,90.3218097104173,23.94251840418623,0.2022526035946129,-0.048760290861183615,17.541946048062215,25001000.0,27.128240398397768
G7699,90.32171652263358,23.947029624559853,0.17293765475363998,-0.034286885369012816,17.104228504817815,25001000.0,27.543066344121566
G7700,90.32162331184556,23.95154084194276,0.2228884301649968,-0.07335012202384551,17.824517476633645,25001000.0,26.475875807043646
G7701,90.32144052937646,23.955311665856293,0.2080066188918563,-0.057450792663462716,17.104228504817815,25001000.0,27.05605005969106
G7748,90.33356302217236,23.64163155432089,0.26253823736254256,-0.116978419239259,17.104228504817815,25001000.0,25.68081412416393
G7749,90.3328065959302,23.64485563887392,0.28789676450841134,-0.12519631880212811,17.104228504817815,25001000.0,25.892989641372047
G7750,90.33271508620308,23.64936707360852,0.2471082104288179,-0.092371265448162,17.104228504817815,25001000.0,26.19538533989556
G7751,90.332623553744,23.65387850538478,0.14727593743172848,-0.0749966906996428,17.104228504817815,25001000.0,26.098751915395148
G7752,90.33253199854948,23.658389934202216,0.19756486391117328,-0.05275773002690951,17.104228504817815,25001000.0,26.93799248607337
G7753,90.3324404206161,23.662901360060346,0.2272030976982642,-0.0842066059049186,17.104228504817815,25001000.0,26.335268000441715
G7754,90.33234881994042,23.66741278295872,0.243470685142548,-0.09392920642621701,16.34854268671765,25001000.0,25.863934926459592
G7755,90.33225719651897,23.67192420289684,0.2641396395424703,-0.11083503275865651,17.104228504817815,25001000.0,25.820689821014128
G7756,90.33216555034824,23.676435619874244,0.2043742723959174,-0.07427234931250501,15.445421527806301,25001000.0,26.259393405999827
G7757,90.33207388142486,23.68094703389045,0.18442676820989828,-0.054875820243345315,17.104228504817815,25001000.0,26.92937247426043
G7758,90.33198218974532,23.68545844494501,0.1792210968422985,-0.051267962878770314,15.45099366710977,25001000.0,26.728062290512103
G7759,90.33189047530615,23.68996985303742,0.19299903449119019,-0.06384765863045522,17.104228504817815,25001000.0,26.756975400551237
G7760,90.33179873810391,23.69448125816723,0.2115035544268917,-0.06774534369949371,15.366751242867366,25001000.0,26.38460070392481
G7761,90.33170697813516,23.69899266033396,0.2268653737337768,-0.08501781065885691,17.104228504817815,25001000.0,26.290093195189407
G7762,90.3316151953964,23.70350405953712,0.2474722272920736,-0.09621240380169671,15.501902758018929,25001000.0,26.05977552990313
G7763,90.33152338988414,23.708015455776263,0.17017498231630418,-0.009901360436941915,17.104228504817815,25001000.0,28.16690629019856
G7764,90.33143156159498,23.7125268490509,0.1193778186708777,0.039355746114010784,15.490041286157433,25001000.0,30.297939149501047
G7765,90.3313397105254,23.71703823936056,0.1284118729969539,0.035867368898195286,17.104228504817815,25001000.0,30.1716475299362
G7766,90.33124783667196,23.721549626704785,0.1820841968706231,-0.03774602808143941,16.324327000443162,25001000.0,27.23641137016175
G7767,90.33115594003117,23.726061011083083,0.1543762963883191,-0.029913932599084415,17.104228504817815,25001000.0,27.661251633395363
G7768,90.33106402059958,23.730572392494988,0.1530766176936076,-0.03577879619597441,17.234803190919337,25001000.0,27.335041159416164
G7769,90.3309720783737,23.73508377094004,0.12288697148217519,-0.017233586920107614,17.104228504817815,25001000.0,28.01052763803185
G7770,90.33088011335006,23.73959514641774,0.1396212717391502,-0.00034075233643511365,16.96251747663362,25001000.0,28.552975295061504
G7771,90.33078812552522,23.74410651892764,0.1653449229783627,-0.025564160194073114,17.104228504817815,25001000.0,27.676464395315804
G7772,90.33069611489564,23.748617888469248,0.1018530436477763,-0.028619009778178713,17.06137461949075,25001000.0,27.601112978580968
G7773,90.33060408145788,23.75312925504211,0.07409269074438159,-0.04222125434814091,17.104228504817815,25001000.0,26.565110665439626
G7774,90.33051202520848,23.757640618645738,0.08487010186243399,-0.04666711571575921,18.368836804364747,25001000.0,26.28155153939374
G7775,90.33041994614392,23.762151979279675,0.1063126458396603,0.0023214681980561866,17.104228504817815,25001000.0,28.58027273064345
G7776,90.33032784426076,23.766663336943434,0.08349263757849829,0.04697675927016549,17.86295445142352,25001000.0,30.12749182267464
G7777,90.33023571955547,23.77117469163655,0.07609248968739629,0.06401103348886879,17.104228504817815,25001000.0,30.75749597053578
G7778,90.3301435720246,23.775686043358554,0.09560312754516849,-0.025262194059478413,17.814761783051807,25001000.0,27.514268832073746
G7779,90.33005140166468,23.78019739210897,0.1549994758949233,-0.021939794882422613,17.104228504817815,25001000.0,27.890138199915892
G7780,90.32995920847225,23.78470873788732,0.0839728688593288,0.009183262333205986,18.534719157305886,25001000.0,29.00052074153574
G7781,90.32986699244373,23.78922008069314,0.0997494417302431,-0.009213644408265914,17.104228504817815,25001000.0,28.171021019124694
G7782,90.32977475357566,23.79373142052596,0.11538146763369919,-0.035045684563062916,18.687366216129398,25001000.0,27.552230955555583
G7783,90.32968249186462,23.798242757385296,0.1305804541050425,-0.027827027545514013,17.104228504817815,25001000.0,27.62160573345291
G7784,90.32959020730708,23.80275409127069,0.1598393558348496,-0.03952685103264701,17.701599727715887,25001000.0,27.449025456888535
G7785,90.32949789989952,23.807265422181658,0.2159410367315395,-0.1243168617815847,17.104228504817815,25001000.0,25.60574391410404
G7786,90.32940556963852,23.811776750117737,0.2304806143940348,-0.1347264392335982,17.845013274952947,25001000.0,25.562977734121656
G7787,90.3293132165205,23.816288075078457,0.1374624195676609,-0.11887891465475851,17.104228504817815,25001000.0,24.565797376983816
G7788,90.32922084054204,23.82079939706333,0.09080227400191969,-0.103429393406173,17.8503073926,25001000.0,24.438611565115508
G7789,90.3291284416996,23.825310716071908,0.10711030305555319,-0.0756658802580209,17.104228504817815,25001000.0,25.47485462216096
G7790,90.3290360199897,23.829822032103703,0.1162852089943707,-0.06940269760373721,17.73766033377646,25001000.0,25.947986128023103
G7791,90.32894357540884,23.83433334515824,0.11787338024074019,-0.0852310701574019,17.104228504817815,25001000.0,25.668932764986085
G7792,90.32885110795353,23.838844655235064,0.1789528298540509,-0.11115513292368921,17.5188197540663,25001000.0,25.63732165581402
G7793,90.32875861762028,23.843355962333693,0.1771158331026469,-0.1095622143181672,17.104228504817815,25001000.0,25.59729320078015
G7794,90.32866610440551,23.847867266453648,0.1807938441569999,-0.1245999762277212,17.456790768559046,25001000.0,25.605543623634127
G7795,90.32857356830586,23.852378567594474,0.17619458714980668,-0.1058446121596793,17.104228504817815,25001000.0,25.59729320078015
G7796,90.3284810093177,23.856889865755694,0.15416343855331469,-0.019402054575099515,16.824517476633645,25001000.0,27.937863284756734
G7797,90.3283884274376,23.861401160936826,0.19463327224187318,-0.053710499195656715,17.104228504817815,25001000.0,26.927892658031116
G7798,90.328295822662,23.86591245313741,0.15327887092108158,0.016008594007722487,16.335125122508856,25001000.0,28.898036613520084
G7799,90.32820319498744,23.870423742356977,0.159282966989621,0.012857967402702185,17.104228504817815,25001000.0,28.98446685829343
G7800,90.32811054441042,23.874935028595043,0.1978553076685927,-0.037931309381506816,16.39822371405816,25001000.0,27.426805548099672
G7801,90.32801787092735,23.87944631185116,0.23790381147016848,-0.0948200273144287,17.171744840818718,25001000.0,26.019653833912166
G7802,90.32792517453484,23.883957592124823,0.23332836275569918,-0.0945320133736342,17.104228504817815,25001000.0,25.973365439969943
G7803,90.32783245522928,23.88846886941559,0.1347674797823446,-0.009629996652989513,17.4860661308779,25001000.0,28.20434769166141
G7804,90.3277397130072,23.892980143722976,0.1421562988373584,-0.016478728600964613,17.104228504817815,25001000.0,28.09326027722099
G7805,90.32764694786508,23.89749141504652,0.10252801457900589,0.010073169306252586,17.104228504817815,25001000.0,28.91183579385464
G7806,90.3275541597994,23.90200268338573,0.09355986431569879,0.023965563636312387,17.104228504817815,25001000.0,29.370179721948855
G7807,90.32746134880664,23.906513948740155,0.1525941834066702,-0.009559201959106613,17.104228504817815,25001000.0,28.01886290815631
G7808,90.3273685148833,23.911025211109337,0.1645246022378201,-0.0807785749865606,17.104228504817815,25001000.0,26.139415571510533
G7809,90.32727565802588,23.915536470492764,0.22125475145082568,-0.07481569528206651,17.104228504817815,25001000.0,26.435847352009777
G7810,90.3271827782308,23.92004772689,0.1688025464807629,-0.023640716827810215,17.104228504817815,25001000.0,27.890138199915892
G7811,90.3270898754946,23.92455898030056,0.2042242314791651,-0.0649294178900469,17.104228504817815,25001000.0,26.69430241311879
G7812,90.32699694981372,23.92907023072397,0.1911938738689987,-0.0893151693524971,17.104228504817815,25001000.0,25.89089997768595
G7813,90.32690400118469,23.933581478159773,0.1853918733907178,-0.08934006022982151,17.104228504817815,25001000.0,25.89089997768595
G7814,90.3268110296039,23.93809272260748,0.1562911845069731,-0.07449803670677091,17.104228504817815,25001000.0,26.287988828916184
G7815,90.3267180350679,23.94260396406664,0.1803738715313123,-0.1109477066956408,17.104228504817815,25001000.0,25.59729320078015
G7816,90.32662501757312,23.94711520253677,0.19182953703836508,-0.10477554055922901,17.104228504817815,25001000.0,25.65429052627412
G7817,90.32653197711606,23.951626438017406,0.14940023960793639,-0.11429744839968711,17.104228504817815,25001000.0,24.829533555901605
G7818,90.32611165771532,23.95473469596027,0.1797574208752065,-0.11284721300663751,17.104228504817815,25001000.0,25.59729320078015
G7864,90.34020482443402,23.6381938872506,0.18001436812231741,-0.06846747857195189,17.104228504817815,25001000.0,26.485811326347566
G7865,90.33797723113882,23.640743254571777,0.25993717849033887,-0.10368985878742511,16.69012410189245,25001000.0,25.797232203187185
G7866,90.33770379674814,23.64493985269284,0.2150562254397773,-0.05640901765828001,17.104228504817815,25001000.0,27.05605005969106
G7867,90.33761245455646,23.64945130541122,0.23115999437074758,-0.0990372808737007,16.29413092201176,25001000.0,25.665664229531203
G7868,90.3375210896744,23.65396275517245,0.12611149834880359,-0.045108319462679514,17.104228504817815,25001000.0,27.055305349038896
G7869,90.33742970209848,23.65847420197607,0.2029376384524688,-0.06243070356056511,16.454231762347916,25001000.0,26.65603555332075
G7870,90.33733829182528,23.66298564582157,0.2220356022140159,-0.07680880945738401,17.104228504817815,25001000.0,26.420402707723696
G7871,90.33724685885136,23.667497086708504,0.22299630273005788,-0.0774254060596356,16.34854268671765,25001000.0,26.188535897584437
G7872,90.33715540317324,23.6720085246364,0.24365260475718728,-0.09586934070365481,17.104228504817815,25001000.0,25.89058595711118
G7873,90.3370639247875,23.67651995960476,0.15814909759420429,-0.04578616010313681,15.319109609138792,25001000.0,26.64722336303167
G7874,90.33697242369068,23.681031391613136,0.1983812488047104,-0.06220250220269821,17.104228504817815,25001000.0,26.76707522859349
G7875,90.33688089987928,23.68554282066104,0.18935125066536368,-0.06319047365587421,15.150160333776482,25001000.0,26.636493151303853
G7876,90.33678935334991,23.69005424674801,0.2059684207727211,-0.07566102147508441,17.104228504817815,25001000.0,26.35719268582975
G7877,90.3366977840991,23.69456566987357,0.2086351708892539,-0.07914762860891361,15.52856942468557,25001000.0,26.210197357036257
G7878,90.33660619212336,23.69907709003725,0.1878725019545178,-0.053810795073195215,17.104228504817815,25001000.0,26.927892658031116
G7879,90.33651457741928,23.703588507238564,0.2438882070140405,-0.08121116913628111,17.104228504817815,25001000.0,26.370752717537115
G7880,90.33642293998336,23.708099921477057,0.20898482407069388,-0.05503803254359061,17.104228504817815,25001000.0,27.05605005969106
G7881,90.33633127981216,23.71261133275225,0.11548067851361639,0.026361296720747687,17.104228504817815,25001000.0,29.650309501826715
G7882,90.3362395969022,23.717122741063665,0.1104168381452446,0.046506582850988284,17.104228504817815,25001000.0,30.3706437026613
G7883,90.33614789125004,23.72163414641084,0.1679360884957348,-0.019686036215274115,17.104228504817815,25001000.0,28.038089002265792
G7884,90.33605616285224,23.72614554879329,0.1534825588742508,-0.028374524453383513,17.104228504817815,25001000.0,27.676464395315804
G7885,90.33596441170528,23.73065694821055,0.11820612937068199,-0.009988656386969413,17.104228504817815,25001000.0,28.144961905465347
G7886,90.3358726378057,23.73516834466216,0.10726739608971199,0.0021668853614497867,17.104228504817815,25001000.0,28.58027273064345
G7887,90.33578084115008,23.739679738147625,0.12531634803363198,-0.006313568179623414,17.104228504817815,25001000.0,28.37965933329912
G7888,90.3356890217349,23.74419112866648,0.1348281563987423,-0.0002878547534538136,17.104228504817815,25001000.0,28.552975295061504
G7889,90.33559717955671,23.74870251621825,0.0844530881708909,-0.025665027738302114,17.104228504817815,25001000.0,27.357523205349274
G7890,90.33550531461208,23.75321390080248,0.10576195215316879,-0.010286790448241713,17.104228504817815,25001000.0,28.121989121212092
G7891,90.33541342689747,23.75772528241868,0.0682197274436642,-0.022964498930672414,17.104228504817815,25001000.0,27.273416601685117
G7892,90.33532151640944,23.76223666106639,0.100766187814145,0.010230448383907586,17.104228504817815,25001000.0,28.91183579385464
G7893,90.33522958314454,23.76674803674513,0.12364764081470189,0.015460012383854686,17.104228504817815,25001000.0,29.20209998417577
G7894,90.33513762709926,23.771259409454427,0.08685857988100139,0.011047364874437686,17.104228504817815,25001000.0,28.91032962559947
G7895,90.33504564827012,23.77577077919382,0.04062971959995529,-0.010602482457118515,17.104228504817815,25001000.0,27.65537976062346
G7896,90.33495364665367,23.780282145962826,0.06616820437926509,0.011250488553613986,17.104228504817815,25001000.0,28.69113837940833
G7897,90.33486162224644,23.784793509760966,0.05281380581245639,0.00015637070449698622,17.104228504817815,25001000.0,28.446128103336132
G7898,90.33476957504487,23.78930487058779,0.11360667138546619,-0.030360235462946014,17.104228504817815,25001000.0,27.585900216660526
G7899,90.3346775050456,23.79381622844282,0.1370440798058813,-0.026554184017363314,17.104228504817815,25001000.0,27.619127221333706
G7900,90.33458541224506,23.798327583325577,0.12684606704860998,-0.017617417720024113,17.104228504817815,25001000.0,27.96958982650313
G7901,90.3344932966398,23.802838935235588,0.1378449074905018,-2.3813844011134552e-06,17.104228504817815,25001000.0,28.552975295061504
G7902,90.33440115822631,23.8073502841724,0.129870778295233,0.004147912163437286,17.104228504817815,25001000.0,28.801886638903806
G7903,90.33430899700116,23.811861630135507,0.1720002495096683,-0.04760919322781471,17.104228504817815,25001000.0,27.09365388799013
G7904,90.33421681296082,23.81637297312447,0.17325077488200488,-0.0886799854639395,17.104228504817815,25001000.0,25.91795657050174
G7905,90.3341246061018,23.8208843131388,0.1723041992378357,-0.10432064434529761,17.104228504817815,25001000.0,25.456841511726303
G7906,90.33403237642062,23.825395650178034,0.14622602304051618,-0.10393126919005581,17.104228504817815,25001000.0,25.069500113872298
G7907,90.3339401239138,23.8299069842417,0.1480885867367656,-0.06682913728713491,17.104228504817815,25001000.0,26.285746825901054
G7908,90.33384784857785,23.83441831532932,0.1337750178510934,-0.08300443238923191,17.104228504817815,25001000.0,25.814576868331148
G7909,90.33375555040926,23.838929643440427,0.15574821570664518,-0.0985110410503788,17.104228504817815,25001000.0,25.423994916975783
G7910,90.33366322940456,23.84344096857455,0.1240852059592892,-0.0776301710530471,17.104228504817815,25001000.0,25.763031906490273
G7911,90.33357088556023,23.84795229073122,0.1565590743303808,-0.09260544730205851,17.104228504817815,25001000.0,25.64705735428906
G7912,90.3334785188728,23.852463609909965,0.1443974567665372,-0.05588841879021442,17.104228504817815,25001000.0,26.71576797395178
G7913,90.33338612933876,23.856974926110315,0.11530588215701439,0.018545222862707985,17.104228504817815,25001000.0,29.330793762560482
G7914,90.3332937169546,23.8614862393318,0.11389501761995609,-0.011221315701188613,17.104228504817815,25001000.0,28.121989121212092
G7915,90.33320128171684,23.865997549573933,0.16774926806036658,-0.004789425232217214,17.104228504817815,25001000.0,28.423810547600212
G7916,90.33310882362196,23.870508856836263,0.16664839318846658,0.003326472132405786,17.104228504817815,25001000.0,28.468409031818624
G7917,90.3330163426665,23.87502016111831,0.1996008824343123,-0.052638357899251316,17.104228504817815,25001000.0,26.93799248607337
G7918,90.33292383884692,23.879531462419607,0.1701870092090722,-0.036024795992866815,17.104228504817815,25001000.0,27.521290754214856
G7919,90.33283131215973,23.88404276073968,0.2146794437254746,-0.07693693222002801,17.104228504817815,25001000.0,26.41182121964591
G7920,90.3327387626014,23.888554056078064,0.1692874321315531,-0.06849982778536341,17.104228504817815,25001000.0,26.461443739559954
G7921,90.33264619016846,23.89306534843428,0.15857695766286628,-0.03553440304580601,17.104228504817815,25001000.0,27.543066344121566
G7922,90.33255359485742,23.897576637807862,0.10773526298337979,-0.018962771747979015,17.79653357321311,25001000.0,27.962737585530956
G7923,90.33246097666468,23.90208792419834,0.1007402238329177,-0.040928052458133315,17.104228504817815,25001000.0,27.09033422715377
G7924,90.33236833558684,23.906599207605243,0.0804523162944084,-0.06670366333671171,18.11070381203737,25001000.0,25.294917820182818
G7925,90.33227567162034,23.911110488028104,0.07254810487781359,-0.06939145972148131,17.104228504817815,25001000.0,24.68446150439018
G7926,90.33218298476166,23.91562176546644,0.1169688034392154,-0.04171072693059021,17.83118146053701,25001000.0,27.215633914224146
G7927,90.33209027500727,23.9201330399198,0.1751120036721841,-0.07146268296286981,17.104228504817815,25001000.0,26.335285575577593
G7928,90.33199754235376,23.924644311387688,0.12009844041566939,-0.07673932631437451,18.726189745541177,25001000.0,25.895049655845465
G7929,90.33190478679748,23.92915557986965,0.05825702221793779,-0.07819595013974691,17.104228504817815,25001000.0,24.23142996702553
G7930,90.33181200833498,23.93366684536522,0.03545289716340129,-0.06832045003558951,18.645307392600017,25001000.0,23.82609945419032
G7931,90.33171920696276,23.93817810787392,0.04033006050840309,-0.0828461035055366,17.104228504817815,25001000.0,23.893412791498875
G7932,90.33162638267724,23.94268936739528,0.08754180487693239,-0.1095681746276866,18.449544391747477,25001000.0,24.0415622726755
G7933,90.33144747812804,23.94711203153872,0.1351876370286087,-0.12611191823856022,17.104228504817815,25001000.0,24.527491685409686
G7934,90.33010429933648,23.95169434668116,0.132872368224311,-0.113827980972552,18.303747290298162,25001000.0,24.6657171784384
G7935,90.32993143333309,23.954462822560284,0.1513167139731351,-0.1294634552348309,17.104228504817815,25001000.0,24.700022975378822
G7981,90.3435327522215,23.63785865805026,0.1290713331768999,-0.0652335508627143,17.104228504817815,25001000.0,26.231025522917445
G7982,90.34269217226046,23.640512438511355,0.21863371434783338,-0.07363246893977181,17.104228504817815,25001000.0,26.42924784553441
G7983,90.34260102025306,23.645023912136075,0.2018920047057689,-0.0732542087655344,17.104228504817815,25001000.0,26.325577664249426
G7984,90.34250984560026,23.649535382805304,0.10436685026974539,-0.030739749620698913,17.104228504817815,25001000.0,27.46771492738673
G7985,90.34241864829865,23.65404685051857,0.1577588282704542,-0.030488606466871914,17.104228504817815,25001000.0,27.661251633395363
G7986,90.3423274283448,23.658558315275407,0.2215321413251131,-0.0952865892579033,17.104228504817815,25001000.0,25.879502797906238
G7987,90.34223618573522,23.66306977707533,0.235918357064656,-0.0868860750978639,17.104228504817815,25001000.0,26.254619789965766
G7988,90.3421449204665,23.667581235917886,0.22590895945368938,-0.08117533054064671,17.104228504817815,25001000.0,26.36590772223259
G7989,90.34205363253518,23.67209269180258,0.19620536383689338,-0.05941900491341422,17.104228504817815,25001000.0,26.939472302302683
G7990,90.34196232193784,23.676604144728945,0.18430672181386978,-0.05877365141130921,17.104228504817815,25001000.0,26.92937247426043
G7991,90.34187098867102,23.68111559469652,0.2090011923632095,-0.08792191974104771,17.104228504817815,25001000.0,26.061432747276335
G7992,90.34177963273126,23.685627041704823,0.2275326981541874,-0.0818264490549434,17.104228504817815,25001000.0,26.352966744710898
G7993,90.34168825411513,23.690138485753387,0.1873789646757478,-0.049286940094078316,17.104228504817815,25001000.0,27.0591200636972
G7994,90.34159685281918,23.69464992684173,0.18365664292233938,-0.04116855684854782,17.104228504817815,25001000.0,27.351844249387824
G7995,90.34150542883994,23.6991613649694,0.2028062503561306,-0.06152098596363891,17.104228504817815,25001000.0,26.919731675236136
G7996,90.341413982174,23.70367280013589,0.1996047531210445,-0.041060947100886716,16.150413956964854,25001000.0,27.075155159435237
G7997,90.34132251281784,23.70818423234077,0.2067354012919328,-0.05473096632348341,17.104228504817815,25001000.0,26.994606434356307
G7998,90.34123102076808,23.71269566158354,0.1465879563028654,0.0037250287496004863,16.262008159863427,25001000.0,28.569900374634024
G7999,90.34113950602122,23.717207087863727,0.1398623760497375,0.014346868231817085,17.104228504817815,25001000.0,29.144776640595918
G8000,90.34104796857385,23.721718511180875,0.1598243731628975,-0.016935865744239012,16.848082868987746,25001000.0,27.99043578607659
G8001,90.34095640842244,23.726229931534498,0.1495537423689514,-0.027992848163096013,17.104228504817815,25001000.0,27.619127221333706
G8002,90.34086482556356,23.73074134892413,0.1526757669217563,-0.03786869626613502,17.86680319091934,25001000.0,27.137965879461312
G8003,90.34077321999376,23.735252763349298,0.0930125270669978,0.009322559216210885,17.104228504817815,25001000.0,28.905264837032764
G8004,90.3406815917096,23.73976417480954,0.09602602756121639,0.016085175565263284,17.904231762347905,25001000.0,29.09717167846641
G8005,90.3405899407076,23.74427558330436,0.09270450381401209,-0.003073061697047114,17.104228504817815,25001000.0,28.37669597698919
G8006,90.3404982669843,23.74878698883332,0.07359920480121689,-0.032283512950108714,17.98966033377647,25001000.0,26.89028345208849
G8007,90.34040657053622,23.75329839139592,0.11287796310093089,-0.013443884092373815,17.104228504817815,25001000.0,28.121989121212092
G8008,90.34031485135988,23.757809790991683,0.06438012725005629,-0.0008188814505010137,18.83581417993028,25001000.0,28.501268101186007
G8009,90.34022310945188,23.76232118762017,0.05520013762684149,-0.0014207898442356137,17.104228504817815,25001000.0,28.41383317191306
G8010,90.34013134480873,23.766832581280887,0.07338740700328099,-0.021004624703627614,18.362137945716796,25001000.0,27.387359348225218
G8011,90.34003955742688,23.77134397197336,0.09121196107966609,-0.025616281173327815,17.104228504817815,25001000.0,27.352458416782568
G8012,90.33994774730296,23.775855359697136,0.0751572553410462,0.03277297151180798,18.06280319091931,25001000.0,29.82018719611307
G8013,90.33985591443346,23.78036674445172,0.08726420996242039,0.016618261530231885,17.104228504817815,25001000.0,29.09566551021124
G8014,90.33976405881492,23.784878126236663,0.06135384581676209,0.010443986276230686,18.87679076855906,25001000.0,28.639860786716575
G8015,90.33967218044384,23.789389505051474,0.07360305839766089,-0.008408268652703714,17.104228504817815,25001000.0,28.16557417478616
G8016,90.33958027931676,23.793900880895706,0.09139232479209619,-0.017178135213795714,19.463836804364718,25001000.0,27.941307003331953
G8017,90.33948835543022,23.79841225376885,0.08559706971765059,-0.009446014341351214,17.104228504817815,25001000.0,28.12733984896716
G8018,90.33939640878071,23.80292362367047,0.11214191489978269,0.0025823229627576863,18.630496154671988,25001000.0,28.624600918113696
G8019,90.33930443936482,23.80743499060008,0.08778526761422849,-0.015956823780000812,17.104228504817815,25001000.0,27.987377307350876
G8020,90.339212447179,23.811946354557207,0.12487003655372039,-0.062138499394111514,18.83945137855258,25001000.0,26.454828774315743
G8021,90.3391204322198,23.8164577155414,0.1494558000587454,-0.09013130263971501,17.104228504817815,25001000.0,25.58314864587373
G8022,90.33902839448372,23.820969073552146,0.12774237439306899,-0.05305185858792441,18.153182721836146,25001000.0,26.533819624743337
G8023,90.33893633396733,23.82548042858901,0.20718730047191408,-0.1144497757559762,17.104228504817815,25001000.0,25.65429052627412
G8024,90.33884425066708,23.829991780651515,0.10392635209378279,-0.04709604693759161,18.080387606503763,25001000.0,26.785749356052698
G8025,90.3387521445795,23.834503129739183,0.10777788860377509,-0.03497760725050701,17.104228504817815,25001000.0,27.453911284364782
G8026,90.33866001570112,23.83901447585155,0.1395499206894292,-0.0712034963737297,17.818569424685535,25001000.0,25.95139570743743
G8027,90.33856786402848,23.84352581898813,0.14610184527549408,-0.0663041145166144,17.860307392599992,25001000.0,26.285746825901054
G8028,90.33847568955804,23.84803715914847,0.1184770400412689,-0.036785631910448514,17.104228504817815,25001000.0,27.442274561046553
G8029,90.33838349228635,23.852548496332087,0.12524335552893148,-0.04652446037430542,16.920269029428624,25001000.0,26.863436252920014
G8030,90.3382912722099,23.857059830538528,0.1951381749086977,-0.08307018539127231,17.104228504817815,25001000.0,26.19903289716122
G8031,90.3381990293252,23.86157116176729,0.18188380686430158,-0.0739746095522472,16.220477235184916,25001000.0,26.090220296803512
G8032,90.33810676362876,23.86608249001793,0.1628536027731743,0.0068104146701743855,17.104228504817815,25001000.0,28.875023860772828
G8033,90.33801447511708,23.87059381528999,0.1903455320608454,-0.035616043458991914,16.429491319691948,25001000.0,27.474646617970585
G8034,90.33792216378669,23.87510513758296,0.2264646645176149,-0.0883457188942946,17.104228504817815,25001000.0,26.15772005872395
G8035,90.33782982963406,23.87961645689639,0.2001281785583531,-0.06650614418051941,17.47033639011451,25001000.0,26.5526010297892
G8036,90.33773747265572,23.88412777322981,0.17129149806042118,-0.09026900601270331,17.104228504817815,25001000.0,25.743236014441596
G8037,90.33764509284816,23.888639086582742,0.1780010416088285,-0.09885278108419371,17.994231762347937,25001000.0,25.723050260590114
G8038,90.33755269020789,23.893150396954727,0.1037440656589852,-0.039889570846779215,17.104228504817815,25001000.0,27.205495047635665
G8039,90.33746026473136,23.897661704345296,0.1309816825789971,-0.016802702977129314,18.0608031909193,25001000.0,27.993691673907907
G8040,90.33736781641517,23.90217300875396,0.2230616216936161,-0.0752663613682778,17.104228504817815,25001000.0,26.435847352009777
G8041,90.3372753452557,23.906684310180268,0.0978124596425415,-0.0800999453295383,17.96651747663364,25001000.0,25.01481851250839
G8042,90.33718285124954,23.911195608623743,0.0922630268007605,-0.093788333730146,17.104228504817815,25001000.0,24.58581814820843
G8043,90.33709033439312,23.915706904083912,0.1471979062375881,-0.06846830873785571,18.253716671804654,25001000.0,26.24927766616512
G8044,90.336997794683,23.920218196560302,0.17839123872599288,-0.07410745484783131,17.104228504817815,25001000.0,26.335285575577593
G8045,90.33690523211558,23.924729486052463,0.10440690846231189,-0.07656160168804531,18.706483863188197,25001000.0,25.572443900753296
G8046,90.33681264668743,23.929240772559897,0.04767074637490879,-0.09852723684089751,17.104228504817815,25001000.0,23.878465843142884
G8047,90.33672003839504,23.93375205608216,0.05951332930751269,-0.08414058262385861,18.868406602433225,25001000.0,24.338516072288467
G8048,90.33662740723484,23.93826333661876,0.09415850794257119,-0.1142885042809149,17.104228504817815,25001000.0,24.036497484108793
G8049,90.33653475320338,23.942774614169235,0.15050814640632,-0.1228332923763262,17.104228504817815,25001000.0,24.910165942325108
G8050,90.33659079634872,23.946807581870623,0.1140651699089372,-0.1246735500970742,17.104228504817815,25001000.0,24.407001175740415
G8051,90.33727526994986,23.953647141152125,0.16967719237238468,-0.09212993364335041,17.104228504817815,25001000.0,25.737704034177742
G8052,90.33761249678838,23.954773535836843,0.171994748402385,-0.06966103259694871,17.104228504817815,25001000.0,26.485811326347566
G8098,90.34756718055291,23.63760914751104,0.12402166841101409,-0.0737119960824764,17.104228504817815,25001000.0,25.864793385836986
G8099,90.34758925090996,23.64059632565935,0.1514713844506116,-0.033758441919140916,16.917378643635658,25001000.0,27.485729170139468
G8100,90.34749826640332,23.64510781720077,0.09966782367536159,-0.035011841156289414,17.104228504817815,25001000.0,27.453911284364782
G8101,90.34740725929288,23.649619305787898,0.1291660315227503,0.014138935372888985,16.38794604806216,25001000.0,28.97794545129496
G8102,90.34731622957516,23.65413079142025,0.1914930045151555,-0.04851583368249392,17.104228504817815,25001000.0,27.07808258177952
G8103,90.34722517724678,23.658642274097364,0.2119329093223194,-0.0988009446245672,16.264517476633642,25001000.0,25.612446453987513
G8104,90.34713410230428,23.66315375381876,0.2248511850600766,-0.08521790666812651,17.104228504817815,25001000.0,26.20667824758133
G8105,90.3470430047442,23.667665230583967,0.2208455157147018,-0.0731942711742968,16.115601510247046,25001000.0,26.302564639099387
G8106,90.34695188456314,23.67217670439252,0.1928349746108709,-0.058228707434730916,17.104228504817815,25001000.0,26.92937247426043
G8107,90.34686074175764,23.67668817524393,0.21089553295380029,-0.0756122391228429,15.152737256853387,25001000.0,26.095032314741292
G8108,90.34676957632428,23.681199643137745,0.23210587872628008,-0.09376203425975561,17.104228504817815,25001000.0,25.973365439969943
G8109,90.3466783882596,23.685711108073487,0.2323563522473943,-0.09012101791669491,14.956692591840948,25001000.0,26.037989629456302
G8110,90.34658717756017,23.690222570050672,0.1911626759153172,-0.03874022351866421,17.104228504817815,25001000.0,27.408997001854665
G8111,90.34649594422253,23.694734029068844,0.15458881734257798,-0.008487510608083013,15.684847833776447,25001000.0,28.080839247255373
G8112,90.34640468824324,23.699245485127523,0.1515466904818906,-0.019422233069809416,17.104228504817815,25001000.0,27.980751828283694
G8113,90.34631340961889,23.70375693822623,0.1887228775358951,-0.03699640935948621,16.704425039658787,25001000.0,27.443122724817034
G8114,90.34622210834598,23.70826838836451,0.16857919648762948,-0.029373711092455613,17.104228504817815,25001000.0,27.661251633395363
G8115,90.34613078442108,23.71277983554188,0.17395601487856,-0.034917213913048015,17.157370478703996,25001000.0,27.543066344121566
G8116,90.3460394378408,23.717291279757863,0.1682002906528346,-0.03851803154799381,17.104228504817815,25001000.0,27.408997001854665
G8117,90.3459480686016,23.721802721012008,0.1523781199571637,-0.03467646568835321,17.40329413659336,25001000.0,27.159741469368022
G8118,90.34585667670008,23.726314159303826,0.15190703071676498,-0.023283617993547813,17.104228504817815,25001000.0,27.506813325162348
G8119,90.34576526213276,23.730825594632844,0.1467600403818653,-0.029735598743816313,18.54258787000836,25001000.0,27.702234130604065
G8120,90.34567382489622,23.7353370269986,0.1148054711670162,-0.009202451842448313,17.104228504817815,25001000.0,28.171021019124694
G8121,90.34558236498698,23.73984845640061,0.11739912561034149,-0.022196505274455516,18.643374619490743,25001000.0,27.923245320960337
G8122,90.3454908824016,23.744359882838424,0.05775830506459679,-0.03575425582744461,17.104228504817815,25001000.0,25.997703107672837
G8123,90.34539937713664,23.74887130631155,0.08116984504473579,0.0030431616799601866,17.104228504817815,25001000.0,28.53442020604989
G8124,90.3453078491886,23.753382726819524,0.0990847671444403,-0.0032286137188275135,17.104228504817815,25001000.0,28.42544193571343
G8125,90.34521629855402,23.75789414436188,0.0743463418170052,0.011569329648308787,17.104228504817815,25001000.0,28.82400805998803
G8126,90.34512472522948,23.76240555893813,0.05569147887011709,0.021297561755927886,17.104228504817815,25001000.0,28.88380361348405
G8127,90.34503312921149,23.76691697054782,0.06227424126274159,0.016055956809963186,17.104228504817815,25001000.0,28.244499917489048
G8128,90.3449415104966,23.771428379190475,0.06289534361545679,0.005425334815444086,17.104228504817815,25001000.0,28.6275995720898
G8129,90.34484986908136,23.77593978486562,0.12382840053936729,-0.018781308329348413,17.104228504817815,25001000.0,27.972876452119436
G8130,90.34475820496228,23.780451187572787,0.1189142911422981,-0.03773574366708322,17.104228504817815,25001000.0,27.442274561046553
G8131,90.34466651813592,23.784962587311504,0.07086764808246009,0.009312218601687586,17.104228504817815,25001000.0,28.745787186326705
G8132,90.34457480859878,23.78947398408129,0.0769190822262673,0.009345541237840385,17.104228504817815,25001000.0,28.843544341910707
G8133,90.3444830763474,23.793985377881697,0.11939704474509649,-0.0018918363215971136,17.104228504817815,25001000.0,28.47556561450999
G8134,90.34439132137834,23.79849676871223,0.069313771744212,0.010766057616333686,17.104228504817815,25001000.0,28.69325406152999
G8135,90.3442995436881,23.80300815657243,0.07262716134618029,-0.008690379379007514,17.104228504817815,25001000.0,27.766974235042127
G8136,90.34420774327322,23.80751954146183,0.10824801249799139,-0.04279130074982891,17.104228504817815,25001000.0,27.198582792009734
G8137,90.34411592013022,23.812030923379943,0.18802052741651948,-0.07185462363821611,17.104228504817815,25001000.0,26.325577664249426
G8138,90.34402407425564,23.81654230232633,0.1533558433269035,-0.0676651840241762,17.104228504817815,25001000.0,26.371979264202498
G8139,90.343932205646,23.82105367830048,0.1736376353225809,-0.051635105708708814,17.104228504817815,25001000.0,26.951639168896875
G8140,90.34384031429782,23.825565051301947,0.1062699388365804,-0.016001656968714414,17.104228504817815,25001000.0,28.05993360468427
G8141,90.34374840020762,23.83007642133025,0.11246579779338249,-0.028247288707240113,17.104228504817815,25001000.0,27.601112978580968
G8142,90.34365646337194,23.83458778838493,0.06175079872634389,-0.06651548424204341,17.104228504817815,25001000.0,24.4172531017599
G8143,90.34356450378728,23.839099152465508,0.09381011092630799,-0.05904916948198921,17.104228504817815,25001000.0,26.00234655896781
G8144,90.34347252145017,23.84361051357152,0.1150890926620823,-0.07012514152964111,17.104228504817815,25001000.0,25.865863617625102
G8145,90.34338051635712,23.84812187170248,0.06188332113699839,-0.07201071834297831,17.104228504817815,25001000.0,24.3405887173928
G8146,90.34328848850464,23.85263322685794,0.0914466150157096,-0.017584633558569412,17.104228504817815,25001000.0,27.855574436544956
G8147,90.34319643788928,23.857144579037413,0.1107924096435787,-0.03382191740236402,17.104228504817815,25001000.0,27.453911284364782
G8148,90.34310436450754,23.86165592824043,0.1391026248564539,-0.0041232693017490135,17.104228504817815,25001000.0,28.458768608250146
G8149,90.3430122683559,23.866167274466527,0.1665839022151353,-0.007764102273571013,17.104228504817815,25001000.0,28.391249829748872
G8150,90.34292014943092,23.87067861771524,0.2182985186607386,-0.0754096451054982,17.104228504817815,25001000.0,26.42924784553441
G8151,90.3428280077291,23.87518995798608,0.22155453579327358,-0.07983298312676991,17.104228504817815,25001000.0,26.25988243351986
G8152,90.34273584324691,23.879701295278583,0.17937026270716358,-0.06032437084679671,17.104228504817815,25001000.0,26.878016825613557
G8153,90.34264365598094,23.88421262959229,0.12123205022645629,-0.053484886410360116,17.104228504817815,25001000.0,26.476625482747963
G8154,90.34255144592764,23.88872396092672,0.05646273620666959,-0.06294251137479741,17.104228504817815,25001000.0,24.474107995255597
G8155,90.3424592130835,23.893235289281417,0.04403243685309119,-0.06490327599407951,17.104228504817815,25001000.0,24.27871321593477
G8156,90.34236695744504,23.89774661465589,0.1452128170323866,-0.0937215885206913,17.104228504817815,25001000.0,25.54040044595839
G8157,90.34222800464126,23.90224578924381,0.24987082038397218,-0.133998066299574,17.104228504817815,25001000.0,25.60606184535285
G8158,90.3421823777713,23.90676925646233,0.1914293254613381,-0.10474825018777721,17.104228504817815,25001000.0,25.65429052627412
G8159,90.34209005372897,23.911280572893347,0.14970308219914058,-0.09877171660966501,17.104228504817815,25001000.0,25.387243015342747
G8160,90.34199770687832,23.915791886342262,0.19495294612235708,-0.09764652624854801,17.104228504817815,25001000.0,25.740019131050214
G8161,90.3419053372159,23.92030319680863,0.159982376843253,-0.0792809232838766,17.104228504817815,25001000.0,26.1934929761191
G8162,90.3418129447382,23.92481450429196,0.04137586484776319,-0.10771956276676391,17.104228504817815,25001000.0,23.6191145564916
G8163,90.34172052944167,23.929325808791788,0.03171313076911109,-0.118241181231979,17.104228504817815,25001000.0,23.348165390006265
G8164,90.34162809132286,23.93383711030765,0.05066406569074279,-0.1148408388081049,17.104228504817815,25001000.0,23.714802583871982
G8165,90.34153563037825,23.938348408839072,0.07538253999452679,-0.12192481596891551,17.104228504817815,25001000.0,24.206187492598783
G8166,90.3414431466043,23.94285970438558,0.12675470374296618,-0.1069628127680465,18.6994250396588,25001000.0,24.681105944949937
G8167,90.34139034941884,23.947339048632173,0.1618789503643999,-0.09638143777474231,17.104228504817815,25001000.0,25.597516883024664
G8168,90.3411448118014,23.95165657284911,0.1686165242822253,-0.037785653933784816,18.12471915730586,25001000.0,27.561319209248726
G8169,90.33987819886936,23.954984620056845,0.21163325063571098,-0.061708150700971215,17.104228504817815,25001000.0,26.921343317577993
G8215,90.35102423859398,23.63801991209203,0.20976981917331208,-0.0716122554313285,17.104228504817815,25001000.0,26.418636311164505
G8216,90.35240217978222,23.6407709449754,0.12057742554187129,-0.042420436109578116,17.104228504817815,25001000.0,27.208721658598215
G8217,90.35239553515744,23.64519156788407,0.16137403165966238,-0.014427571202837414,17.104228504817815,25001000.0,28.16690629019856
G8218,90.35230469559276,23.64970307435614,0.1532413979456753,-0.015218519318819014,17.104228504817815,25001000.0,28.10485077367074
G8219,90.3522138334624,23.65421457787464,0.1639674056856967,-0.030154065590110014,17.104228504817815,25001000.0,27.661251633395363
G8220,90.35212294876293,23.65872607843907,0.18659218451292728,-0.0649786952048357,17.104228504817815,25001000.0,26.662687391538466
G8221,90.35203204149089,23.663237576048985,0.23938813751407478,-0.1005082432936025,17.104228504817815,25001000.0,25.719271533156984
G8222,90.35194111164292,23.6677490707039,0.20738225213722739,-0.0728271728570741,17.104228504817815,25001000.0,26.38963693755514
G8223,90.35185015921554,23.67226056240335,0.1883761838861045,-0.06318176295649151,17.104228504817815,25001000.0,26.756975400551237
G8224,90.35175918420532,23.67677205114685,0.2078773932377094,-0.0691334125037704,17.104228504817815,25001000.0,26.569162061934477
G8225,90.35166818660886,23.681283536933943,0.2136830860048621,-0.0719907339376655,17.104228504817815,25001000.0,26.418636311164505
G8226,90.3515771664227,23.68579501976415,0.2317937217997074,-0.09105224037109011,17.104228504817815,25001000.0,26.043637198552336
G8227,90.3514861236434,23.690306499637,0.2248536291940498,-0.0768206472035481,17.104228504817815,25001000.0,26.420402707723696
G8228,90.35139505826751,23.69481797655202,0.17263138244583429,-0.006777897734433214,17.104228504817815,25001000.0,28.391249829748872
G8229,90.35130397029164,23.699329450508746,0.16411524680801579,-0.018031734756467615,17.104228504817815,25001000.0,27.997258635958623
G8230,90.35121285971232,23.703840921506696,0.1531372959097026,-0.009072639166857414,17.104228504817815,25001000.0,28.215938188111163
G8231,90.35112172652607,23.708352389545404,0.1445562702089637,-0.012014200989342715,17.104228504817815,25001000.0,28.15531579374881
G8232,90.35103057072952,23.7128638546244,0.1395067734201938,-0.009425950584470013,17.104228504817815,25001000.0,28.20434769166141
G8233,90.35093939231922,23.717375316743205,0.15381776163173308,-0.029216944370256712,17.104228504817815,25001000.0,27.661251633395363
G8234,90.3508481912917,23.72188677590136,0.18656213926742599,-0.053423942598867215,17.104228504817815,25001000.0,26.927892658031116
G8235,90.3507569676435,23.726398232098376,0.20159366112358149,-0.0663126321050949,17.104228504817815,25001000.0,26.512572574755332
G8236,90.3506657213712,23.730909685333803,0.1363460316703726,-0.026927081439796614,17.104228504817815,25001000.0,27.619127221333706
G8237,90.35057445247136,23.735421135607154,0.0825480984581756,-0.026289798686831112,17.104228504817815,25001000.0,27.357523205349274
G8238,90.35048316094051,23.73993258291797,0.04989677345280269,-0.04679476471135192,17.104228504817815,25001000.0,24.906386280394873
G8239,90.3503918467752,23.74444402726576,0.0791860467479104,0.007289408173990385,17.104228504817815,25001000.0,28.734628521759593
G8240,90.35030050997202,23.748955468650067,0.09337907568236,-0.007242152032042813,18.794761783051825,25001000.0,28.395906373228964
G8241,90.35020915052748,23.75346690707043,0.07440108647158569,-0.0009509429489077137,17.104228504817815,25001000.0,28.48522449242429
G8242,90.35011776843812,23.75797834252636,0.09787081272544249,0.0020970051597589867,19.49855585616453,25001000.0,28.602333447769627
G8243,90.35002636370052,23.762489775017382,0.06458061359222429,0.017166127677205687,17.104228504817815,25001000.0,28.844551704176332
G8244,90.3499349363112,23.767001204543053,0.05840770988964669,0.022591060931744286,19.306615557657068,25001000.0,28.897844942585493
G8245,90.34984348626672,23.77151263110288,0.06359321747983898,0.020902773312228087,17.104228504817815,25001000.0,29.082793434455517
G8246,90.3497520135636,23.776024054696386,0.0894795080136903,0.007990103308374685,18.98354268671764,25001000.0,28.951964336249592
G8247,90.3496605181984,23.78053547532312,0.10021487756597619,0.006192678488316686,17.104228504817815,25001000.0,28.93949602917991
G8248,90.34956900016768,23.7850468929826,0.12033042487204959,-0.023888431386396014,19.27704494916108,25001000.0,27.858066300640846
G8249,90.34947745946792,23.789558307674355,0.07113411059361369,0.007206050737261585,17.104228504817815,25001000.0,28.69762814252859
G8250,90.34938589609574,23.79406971939792,0.08260059384967489,0.004380100338122386,20.06719879531491,25001000.0,28.631960318910284
G8251,90.3492943100476,23.798581128152826,0.0749121497360321,0.023877562302254785,17.104228504817815,25001000.0,29.17393182830478
G8252,90.3492027013201,23.80309253393859,0.07420385042193539,0.010772185283242485,19.709660333776498,25001000.0,28.807754900871764
G8253,90.34911106990972,23.80760393675475,0.11543670383382959,-0.015890616572146313,17.104228504817815,25001000.0,28.05993360468427
G8254,90.34901941581305,23.81211533660084,0.1495210946762324,-0.027935322997229613,19.660084576200717,25001000.0,27.652267872205016
G8255,90.34892773902656,23.81662673347638,0.1941045415837884,-0.07904824704389361,19.047809587507828,25001000.0,27.577651409424682
G8256,90.3488360395468,23.82113812738089,0.2193836023553874,-0.09415015711923161,17.104228504817815,25001000.0,25.899119263147114
G8257,90.34874431737036,23.82564951831393,0.1502550134577543,-0.047560838874675715,18.511777980835262,25001000.0,27.005226984403883
G8258,90.34865257249368,23.830160906275022,0.0963347070068599,0.0008157733568084865,17.104228504817815,25001000.0,28.502757312436152
G8259,90.34856080491336,23.834672291263672,0.0787912425622985,-0.046190138028007414,18.357660333776465,25001000.0,26.20505319343027
G8260,90.34846901462588,23.839183673279425,0.08257469833632289,-0.06646560706108301,17.104228504817815,25001000.0,25.294917820182818
G8261,90.34837720162778,23.843695052321817,0.06801074810506189,-0.0791639046382374,18.19089562789415,25001000.0,24.297416340733136
G8262,90.3482853659156,23.84820642839037,0.03828887718404539,-0.08221873540131251,17.104228504817815,25001000.0,23.830912368139877
G8263,90.34819350748586,23.85271780148461,0.0848811622864933,-0.03291215549062471,17.13497376661232,25001000.0,27.211278717875704
G8264,90.34810162633508,23.85722917160409,0.1251790576845496,-0.037393985585614714,17.104228504817815,25001000.0,27.452628449330014
G8265,90.34800972245976,23.861740538748293,0.1299072467914098,-0.04279676563226471,16.206111038001808,25001000.0,27.048727478806043
G8266,90.34791779585645,23.8662519029168,0.15546520182847098,-0.025721580837639715,17.104228504817815,25001000.0,27.676464395315804
G8267,90.34782584652164,23.870763264109115,0.1962162156925851,-0.04910906785870611,16.487519488706056,25001000.0,27.02586400293556
G8268,90.34773387445183,23.875274622324763,0.18730666457960898,-0.07565032131777791,17.104228504817815,25001000.0,26.325577664249426
G8269,90.34764187964365,23.87978597756329,0.11502413542453879,-0.058183801995341414,17.700195545044068,25001000.0,26.443598845601183
G8270,90.34752259080466,23.88430634652429,0.12452875075627379,-0.0923562256221794,17.104228504817815,25001000.0,25.333970150745817
G8271,90.34741929299705,23.88877591431169,0.12019176295466309,-0.09274962175246941,18.525829347861,25001000.0,25.276776008750442
G8272,90.346911750189,23.893280907979022,0.09202491856317609,-0.036981558696672016,17.104228504817815,25001000.0,27.019175685994586
G8273,90.34628732482156,23.89739987762482,0.1407918454756666,-0.07985627741735651,17.104228504817815,25001000.0,25.814576868331148
G8274,90.34505651940302,23.90098114100835,0.11645796514253709,-0.11054521639768751,17.104228504817815,25001000.0,24.54522666876913
G8275,90.345316728284,23.90693264924588,0.18897085624327808,-0.0763240947631274,17.104228504817815,25001000.0,26.31876257273083
G8276,90.34603837267105,23.91150332732217,0.2124215728062307,-0.09716396846259971,17.104228504817815,25001000.0,25.770929659423512
G8277,90.34600289756176,23.91585698419785,0.22334006047945118,-0.0996995552343574,17.104228504817815,25001000.0,25.74725563217024
G8278,90.34613572690014,23.92043777339933,0.12519303434931978,-0.0749385085522721,17.104228504817815,25001000.0,25.864793385836986
G8279,90.34619722120831,23.92493578902756,0.0931348194554664,-0.08106041763209741,18.092589911241276,25001000.0,24.978641008141697
G8280,90.34622010945452,23.929382732654314,0.11170856279714149,-0.0774107358465101,17.104228504817815,25001000.0,25.554539934210197
G8281,90.345654804166,23.93369646817649,0.10300846899008749,-0.069139322079282,17.104228504817815,25001000.0,25.660345390352482
G8282,90.3451052959668,23.93843191265461,0.1144994608233461,-0.0828496350807395,17.104228504817815,25001000.0,25.67078040473533
G8283,90.34495393981544,23.942846552342424,0.1286830836929244,-0.038013649922310516,17.104228504817815,25001000.0,27.340334696969823
G8284,90.3446104341126,23.947160316604226,0.1701712820599565,-0.0653321035665718,17.104228504817815,25001000.0,26.64802771607902
G8285,90.3440224164802,23.95011402052832,0.21342074064542318,-0.05937032029369231,17.104228504817815,25001000.0,27.05605005969106
G8333,90.35625442416244,23.64172998656466,0.1933102845180611,-0.04205418710815401,17.104228504817815,25001000.0,27.344931993761893
G8334,90.35722129956152,23.64533545322612,0.20497285238904658,-0.05375053059228351,17.104228504817815,25001000.0,26.993126618126993
G8335,90.35720215445828,23.64978668850717,0.2430699577579579,-0.0943255266651813,16.299350474621548,25001000.0,25.863934926459592
G8336,90.3571114599187,23.654298209878856,0.2071499697426657,-0.0708138175922921,17.104228504817815,25001000.0,26.38963693755514
G8337,90.35702074285156,23.658809728297665,0.1800149146989934,-0.05784006708882111,16.3271047782209,25001000.0,26.725415813378493
G8338,90.3569300032535,23.66332124376314,0.1959720439871436,-0.06817949632820111,17.104228504817815,25001000.0,26.4761034150194
G8339,90.35683924112102,23.66783275627481,0.23404983099997928,-0.0975129278463569,16.11230822110045,25001000.0,25.740206805864222
G8340,90.35674845645076,23.672344265832194,0.22568326699525118,-0.0887450544159475,17.104228504817815,25001000.0,26.05810200767303
G8341,90.3566576492393,23.676855772434827,0.2526861455416651,-0.0996945741560038,15.030327000443123,25001000.0,26.15302528825104
G8342,90.35656681948316,23.68136727608224,0.23231552784141318,-0.08367258265257321,17.104228504817815,25001000.0,26.381502838432624
G8343,90.35647596717892,23.68587877677395,0.2219838163922319,-0.07487041704879731,15.042327000443121,25001000.0,26.37336047720396
G8344,90.3563850923232,23.690390274509493,0.21502881030872778,-0.06340227260894021,17.104228504817815,25001000.0,26.88365298598187
G8345,90.35629419491252,23.6949017692884,0.24438928940500468,-0.0980635969563675,15.945914302030445,25001000.0,25.773669553887956
G8346,90.35620327494348,23.6994132611102,0.1786461523248814,-0.03747761840215681,17.104228504817815,25001000.0,27.521290754214856
G8347,90.35611233241262,23.703924749974416,0.1310202045281681,0.004912897292257586,17.79215308739967,25001000.0,28.801886638903806
G8348,90.35602136731652,23.708436235880583,0.1345021027188068,-0.007824354432931913,17.104228504817815,25001000.0,28.37965933329912
G8349,90.35593037965177,23.71294771882822,0.11820578759241449,-0.0004366184022786136,18.54537461949073,25001000.0,28.63005633605099
G8350,90.35583936941488,23.71745919881687,0.14534761644105998,-0.05024796406054961,17.104228504817815,25001000.0,26.82547536156941
G8351,90.35574833660245,23.72197067584606,0.1632945604732318,-0.07983223457561381,18.46708890520504,25001000.0,26.179444026544402
G8352,90.35565728121104,23.7264821499153,0.077745936558088,-0.035185681024573215,17.104228504817815,25001000.0,27.120976728890287
G8353,90.3555662032372,23.73099362102414,0.053218330715946394,-0.05392918980605611,19.302587870008352,25001000.0,24.72884658100395
G8354,90.35547510267747,23.735505089172097,0.07222701325122009,-0.01598065158132401,17.104228504817815,25001000.0,27.890989989424167
G8355,90.35538397952848,23.74001655435871,0.1081881621984568,0.006897559019330986,19.1208956278941,25001000.0,28.799565504952277
G8356,90.35529283378672,23.744528016583505,0.12442742170300859,-0.019320112003385615,17.104228504817815,25001000.0,27.972876452119436
G8357,90.35520166544876,23.749039475846,0.1609300831720558,-0.03164493405256661,19.281483863188242,25001000.0,27.616235450026746
G8358,90.35511047451116,23.753550932145743,0.10981819780504729,-0.009457364293397413,17.104228504817815,25001000.0,28.171021019124694
G8359,90.35501926097048,23.75806238548225,0.06089423926140859,0.017473147612553586,20.18471915730586,25001000.0,28.72842841463228
G8360,90.35492802482328,23.76257383585505,0.059577474453199095,0.0055386439996512864,17.104228504817815,25001000.0,28.6275995720898
G8361,90.35483676606606,23.767085283263693,0.05863759436867309,0.007362963751864486,20.15997917435621,25001000.0,28.57948861904624
G8362,90.35474548469544,23.77159672770768,0.06142917705602869,0.011874029802303086,17.104228504817815,25001000.0,28.59073973368607
G8363,90.35465418070793,23.77610816918655,0.0707435106454766,0.008580834305299587,19.811599727715844,25001000.0,28.729518813886138
G8364,90.35456285410008,23.78061960769984,0.1155928321624397,-0.021957298864112115,17.104228504817815,25001000.0,27.814786783181056
G8365,90.35447150486844,23.78513104324708,0.11433868187154539,-0.016401997933365914,17.104228504817815,25001000.0,28.05993360468427
G8366,90.35438013300956,23.789642475827787,0.07687884099284699,0.0007085297284936862,17.104228504817815,25001000.0,28.475967452367254
G8367,90.35428873852,23.7941539054415,0.06544013506181859,0.002828517192063886,17.104228504817815,25001000.0,28.50458085701877
G8368,90.35419732139628,23.79866533208774,0.06385217956696959,0.012152346555538386,17.104228504817815,25001000.0,28.702383856400115
G8369,90.35410588163496,23.803176755766053,0.0789518092355683,0.0035785243756044868,17.104228504817815,25001000.0,28.666203013999947
G8370,90.35401441923256,23.80768817647595,0.1058301386779922,-0.005222828368097414,17.104228504817815,25001000.0,28.346332660762403
G8371,90.35392293418565,23.81219959421698,0.1445102320488266,-0.037577452577961815,17.104228504817815,25001000.0,27.463953580232758
G8372,90.35383142649071,23.816711008988666,0.12783948568631667,-0.031827821538615714,17.104228504817815,25001000.0,27.488207682258672
G8373,90.35373989614436,23.821222420790523,0.11813285171339809,-0.019672841016773513,17.104228504817815,25001000.0,27.972876452119436
G8374,90.35364834314308,23.8257338296221,0.1037161451521642,0.0004439685189421864,17.104228504817815,25001000.0,28.519648622524787
G8375,90.3535567674834,23.83024523548292,0.12081743940035439,-0.008040744649093214,17.104228504817815,25001000.0,28.19399380337795
G8376,90.35346516916192,23.834756638372514,0.0929922717559855,0.013259532829350086,17.104228504817815,25001000.0,28.81158119891674
G8377,90.3533735481751,23.83926803829041,0.10612286473490509,0.015563934463585186,17.104228504817815,25001000.0,29.09717167846641
G8378,90.35328190451948,23.84377943523614,0.1171494682315324,-0.064577954085411,17.104228504817815,25001000.0,26.17383138092207
G8379,90.35319023819166,23.84829082920924,0.06482815614941569,-0.0767688045744896,17.104228504817815,25001000.0,24.25620091010635
G8380,90.3530985491881,23.85280222020922,0.07437230909951519,-0.023827426993833615,17.104228504817815,25001000.0,27.615912850470092
G8381,90.35300683750538,23.857313608235632,0.09147541872018929,-0.00033224236867531354,17.104228504817815,25001000.0,28.470902663800548
G8382,90.35291510313996,23.861824993288,0.1419604586283956,-0.0017604511918868136,17.104228504817815,25001000.0,28.52068036363843
G8383,90.35282334608844,23.86633637536585,0.1584874321855398,-0.038048801063188316,17.104228504817815,25001000.0,27.408997001854665
G8384,90.35273156634727,23.870847754468723,0.1260708462448997,-0.030870641674489815,17.104228504817815,25001000.0,27.488207682258672
G8385,90.35263976391306,23.87535913059613,0.11867798681066409,-0.014757410371681315,17.104228504817815,25001000.0,28.10193747483246
G8386,90.35250087754838,23.879761014673896,0.15393434635296868,-0.0865017984409564,17.104228504817815,25001000.0,25.953812941309142
G8387,90.3527320249003,23.885218050663013,0.136963147090881,-0.11506988445544711,17.104228504817815,25001000.0,24.654069719119985
G8388,90.35095456686923,23.88786717534041,0.1221599342097927,-0.1210884634616421,17.104228504817815,25001000.0,24.620535110085896
G8451,90.3605823962818,23.64651343201155,0.22892813436373838,-0.08652351781513051,17.104228504817815,25001000.0,26.225033657232714
G8452,90.36180245454064,23.65010210387564,0.24117470256700319,-0.0951878022717446,17.104228504817815,25001000.0,26.00151590201377
G8453,90.36200910890254,23.654381687430057,0.18852378373328568,-0.04171372886085571,17.104228504817815,25001000.0,27.351844249387824
G8454,90.36191855947118,23.65889322367029,0.1553628837072276,-0.04008196027856401,17.104228504817815,25001000.0,27.351844249387824
G8455,90.36182798755044,23.66340475695837,0.17125594722128878,-0.04453350629308801,17.104228504817815,25001000.0,27.230828617807333
G8456,90.36173739313692,23.66791628729384,0.24372508081004798,-0.1003968484227196,17.104228504817815,25001000.0,25.807133717758635
G8457,90.36164677622725,23.672427814676205,0.2418472482090909,-0.1079593292782174,17.104228504817815,25001000.0,25.643104796371258
G8458,90.3615561368179,23.676939339105004,0.2313929452171017,-0.1104967967631863,17.104228504817815,25001000.0,25.649381030087806
G8459,90.36146547490551,23.68145086057977,0.25543403933954206,-0.0983138870327245,17.104228504817815,25001000.0,26.01879782556733
G8460,90.36137479048668,23.685962379100022,0.1840974580217851,-0.037372239381457215,17.104228504817815,25001000.0,27.521290754214856
G8461,90.36128408355796,23.6904738946653,0.1572257246354896,-0.007783981666797113,17.104228504817815,25001000.0,28.391249829748872
G8462,90.3611933541159,23.69498540727512,0.14469313978428788,0.0038416360272361867,17.104228504817815,25001000.0,28.815379028619002
G8463,90.36110260215712,23.699496916929025,0.10786053878879089,0.016204037179040585,17.104228504817815,25001000.0,29.09717167846641
G8464,90.36101182767818,23.70400842362653,0.14063856152542858,-0.008223209390401314,17.104228504817815,25001000.0,28.20434769166141
G8465,90.36092103067564,23.708519927367178,0.1216965151924551,-0.028967681008455513,17.104228504817815,25001000.0,27.596039083249007
G8466,90.36083021114608,23.713031428150497,0.07353623994913319,-0.04063257770277712,17.104228504817815,25001000.0,26.361443741469778
G8467,90.36073936908608,23.717542925976,0.062345411546040494,-0.031562522700574615,17.104228504817815,25001000.0,26.272782031164873
G8468,90.3606485044922,23.72205442084323,0.08764879716216849,-0.026086149227550613,17.104228504817815,25001000.0,27.357523205349274
G8469,90.360557617361,23.72656591275172,0.08204839035451099,-0.0009345275909033136,17.104228504817815,25001000.0,28.44367252094418
G8470,90.36046670768908,23.731077401700983,0.0801814462335565,0.019319346172971586,17.104228504817815,25001000.0,29.27244367367965
G8471,90.36037577547296,23.735588887690565,0.06937565478694009,0.03297081218555509,17.104228504817815,25001000.0,29.68941798433073
G8472,90.3602848207092,23.74010037072,0.09702985369962319,0.010029245123001386,17.104228504817815,25001000.0,28.91183579385464
G8473,90.3601938433944,23.744611850788782,0.08005271873014919,0.018410919638557087,17.104228504817815,25001000.0,29.13901566613835
G8474,90.36010284352514,23.74912332789648,0.07450635263923919,0.021872603179191086,17.104228504817815,25001000.0,29.257545901794806
G8475,90.36001182109791,23.75363480204261,0.06177130572086079,0.011459760241693286,17.104228504817815,25001000.0,28.62267750685414
G8476,90.35992077610936,23.75814627322669,0.06218405559288769,0.005533885595401187,17.104228504817815,25001000.0,28.6275995720898
G8477,90.35982970855598,23.762657741448272,0.06549213809690499,0.009374545767165086,17.104228504817815,25001000.0,28.65921581956456
G8478,90.35973861843436,23.767169206706868,0.06069374882376259,0.011769449464147486,17.104228504817815,25001000.0,28.59073973368607
G8479,90.35964750574104,23.771680669002016,0.06740651127788469,0.005160745097755486,17.104228504817815,25001000.0,28.643306535431858
G8480,90.35955637047256,23.77619212833324,0.06384776438057779,0.003974064705433987,17.104228504817815,25001000.0,28.643306535431858
G8481,90.35946521262552,23.78070358470008,0.08825489853140499,-0.007406513803006214,20.00812187223798,25001000.0,28.3355969496489
G8482,90.35937403219646,23.78521503810205,0.09646922495079689,-0.009394497228768913,17.104228504817815,25001000.0,28.171021019124694
G8483,90.35928282918192,23.789726488538697,0.0740419580516996,0.009049638024417085,20.514847833776486,25001000.0,28.807754900871764
G8484,90.35919160357842,23.794237936009537,0.06542857639048918,0.010563137743727587,17.104228504817815,25001000.0,28.65921581956456
G8485,90.35910035538257,23.798749380514103,0.0704726812909135,0.008140181704119086,20.310891103007208,25001000.0,28.729518813886138
G8486,90.35900908459088,23.803260822051943,0.09839225624783789,-0.014088440747638714,17.104228504817815,25001000.0,28.121989121212092
G8487,90.35891779119991,23.80777226062256,0.0795296875713126,0.0037416812400098867,20.15516033377648,25001000.0,28.631960318910284
G8488,90.3588264752062,23.812283696225503,0.09038620602311129,0.0001768595970129865,17.104228504817815,25001000.0,28.470902663800548
G8489,90.35873513660631,23.816795128860296,0.0901164076397905,-0.0004587727619624136,19.70984783377648,25001000.0,28.492963380926724
G8490,90.3586437753968,23.821306558526462,0.09056743985723739,-0.005133244079310714,17.104228504817815,25001000.0,28.330147419889503
G8491,90.35855239157416,23.825817985223555,0.08925402653327309,7.342161749668633e-05,18.94751108004513,25001000.0,28.55593125258412
G8492,90.35846098513498,23.83032940895108,0.15082141715127248,-0.039896159069983214,17.104228504817815,25001000.0,27.294507075405726
G8493,90.35836955607576,23.83484082970857,0.120063520228112,-0.026675403083237115,18.447054273170384,25001000.0,27.593277522520353
G8494,90.35827810439308,23.839352247495565,0.11581169106830679,-0.012668023277117513,17.104228504817815,25001000.0,28.121989121212092
G8495,90.35818663008348,23.84386366231159,0.14471384654985908,-0.03939011762930651,17.68354268671763,25001000.0,27.351659827872567
G8496,90.35809513314344,23.848375074156184,0.1546070394748919,-0.082505667902643,17.104228504817815,25001000.0,26.139415571510533
G8497,90.35800361356957,23.852886483028872,0.1516032502253355,-0.035566415237610616,17.214376751686956,25001000.0,27.345226252873122
G8498,90.35791207135831,23.857397888929185,0.12040946185832418,-0.017488338440572813,17.104228504817815,25001000.0,27.92730745360949
G8499,90.3578205065063,23.861909291856648,0.129204300807922,-0.009654606974368013,16.50047723518489,25001000.0,28.162803779120694
G8500,90.35772891901004,23.8664206918108,0.1435515775604199,-0.023433234850078814,17.104228504817815,25001000.0,27.832801025933794
G8501,90.35763730886605,23.87093208879117,0.142106847478958,-0.008988474168767314,16.79906878448068,25001000.0,28.170743919154948
G8502,90.3575456760708,23.875443482797287,0.148817623645602,-0.023172159954778514,17.104228504817815,25001000.0,27.832801025933794
G8503,90.3574540256012,23.87995486941827,0.1255993839003918,-0.042255218804019015,17.467519488706074,25001000.0,27.27626968887705
G8504,90.35749871712667,23.884517717387894,0.13166356152473138,-0.08667233125854111,17.104228504817815,25001000.0,25.619990433178238
G8505,90.3578195536428,23.88810626793469,0.1210641859228864,-0.06247638188353481,17.104228504817815,25001000.0,26.281340638480472
G8569,90.36530427650688,23.651626470878163,0.2225244790870923,-0.0778612125324101,17.104228504817815,25001000.0,26.34359565836175
G8570,90.36684889117002,23.654535216068656,0.2213008692010905,-0.08129047642620331,17.104228504817815,25001000.0,26.25988243351986
G8571,90.36681639858016,23.6589765645541,0.1632713758766578,-0.030212687512973714,16.339604778220945,25001000.0,27.376372249342257
G8572,90.3667259943402,23.66348811563184,0.1520442288249283,-0.015802019368986113,17.104228504817815,25001000.0,27.90777549371589
G8573,90.36663556764906,23.66799966375814,0.2239582588181281,-0.07927098418779001,16.083575826734233,25001000.0,26.14874445873573
G8574,90.36654511850332,23.67251120893253,0.2242246058965102,-0.0845717393368548,17.104228504817815,25001000.0,26.25185305283364
G8575,90.36645464689954,23.67702275115454,0.2144895235889732,-0.06130985886352212,15.140240978937783,25001000.0,26.78822916910647
G8576,90.36636415283434,23.68153429042369,0.2306986656908825,-0.0831446902642369,17.104228504817815,25001000.0,26.381502838432624
G8577,90.36627363630431,23.686045826739523,0.21680311842131178,-0.06140663899699551,15.82305715917326,25001000.0,26.884197266805245
G8578,90.366183097306,23.69055736010156,0.1303388062356628,0.014397810132509684,17.104228504817815,25001000.0,29.15972891176088
G8579,90.36609253583602,23.69506889050932,0.1407472477351043,-0.005871128409323714,16.752585706910764,25001000.0,28.374981912782907
G8580,90.36600195189092,23.699580417962363,0.1171768853035079,0.005111943472845286,17.104228504817815,25001000.0,28.78905272123903
G8581,90.36591134546732,23.704091942460188,0.1193670637178549,-0.011137693890724314,18.772153087399687,25001000.0,28.24328157665615
G8582,90.36582071656176,23.708603464002344,0.07200105234138039,-0.04404698591233231,17.104228504817815,25001000.0,26.196912638081553
G8583,90.36573006517088,23.71311498258834,0.05914183004551339,0.026433396432619684,19.66461685551556,25001000.0,29.04478014462431
G8584,90.36563939129115,23.717626498217733,0.05954386809164529,0.017401089510946485,17.104228504817815,25001000.0,28.635616869613347
G8585,90.36554869491926,23.722138010890028,0.06499593426428309,0.006883408933517885,19.529374619490767,25001000.0,28.5843389801578
G8586,90.36545797605172,23.726649520604767,0.09075236354691199,0.013043498020844386,17.104228504817815,25001000.0,28.912790213591727
G8587,90.36536723468512,23.73116102736148,0.06395996905479098,0.03476594214959919,19.88794604806216,25001000.0,29.809448788739306
G8588,90.365276470816,23.735672531159693,0.07036922751940419,0.029717725318446783,17.104228504817815,25001000.0,29.288067222557697
G8589,90.36518568444096,23.740184031998936,0.06255056620642228,0.012059632065636487,19.935341493196766,25001000.0,28.619181169323078
G8590,90.3650948755566,23.744695529878737,0.06220246078534969,0.009664068121206786,20.051777980835283,25001000.0,28.574486574569804
G8591,90.36500404415943,23.74920702479864,0.06848836865007119,0.008811086063576086,17.104228504817815,25001000.0,28.707357962192905
G8592,90.36491319024609,23.75371851675815,0.08156612210605559,-0.004532793829967614,20.621540930791383,25001000.0,28.34390986059524
G8593,90.36482231381306,23.75823000575681,0.06628030294135999,0.005719192312268586,17.104228504817815,25001000.0,28.63321641778752
G8594,90.36473141485696,23.76274149179416,0.08268045741739619,0.0025476560829953867,20.324616855515586,25001000.0,28.556480923176068
G8595,90.36464049337437,23.76725297486972,0.0810209630552661,-0.0012967104800816137,17.104228504817815,25001000.0,28.44367252094418
G8596,90.36454954936178,23.77176445498301,0.06936957817680409,0.007046156883853585,20.21675124286739,25001000.0,28.620602993735023
G8597,90.3644585828158,23.776275932133583,0.06248720982724259,0.0014418250944005862,17.104228504817815,25001000.0,28.446128103336132
G8598,90.36436759373302,23.78078740632096,0.06819598743446739,0.0016376596552922862,20.292811848927983,25001000.0,28.46818882046231
G8599,90.36427658210994,23.78529887754465,0.07601934583600509,0.0006411715857315863,17.104228504817815,25001000.0,28.475967452367254
G8600,90.36418554794317,23.78981034580422,0.06880871171494429,0.006687502880336286,20.798854363627214,25001000.0,28.532793228564522
G8601,90.3640944912292,23.794321811099177,0.0715748663591648,0.005169999834563987,17.104228504817815,25001000.0,28.637246735903503
G8602,90.36400341196467,23.798833273429054,0.068700212325852,0.010783840297165186,20.683814179930295,25001000.0,28.63954383815906
G8603,90.36391231014608,23.803344732793384,0.06967089222872179,0.0064506773472209865,17.104228504817815,25001000.0,28.586503451935453
G8604,90.36382118577,23.807856189191696,0.09997907201944149,-0.007415714436232913,20.211722833776463,25001000.0,28.379278119806433
G8605,90.36373003883298,23.81236764262353,0.07247965971857609,0.00038939347827188654,17.104228504817815,25001000.0,28.11560183844222
G8606,90.36363886933158,23.816879093088406,0.063282886330245,0.007834515103875585,19.957660333776488,25001000.0,28.619196382647377
G8607,90.36354767726236,23.821390540585853,0.07432873055388929,-0.0005585853607254136,17.104228504817815,25001000.0,28.517519423847364
G8608,90.36345646262184,23.825901985115404,0.0809470347820048,-0.008156938845201214,17.104228504817815,25001000.0,28.12733984896716
G8609,90.36336522540655,23.8304134266766,0.12131530191612899,-0.019612209045195114,17.104228504817815,25001000.0,27.972876452119436
G8610,90.36327396561312,23.83492486526896,0.1166935992768423,-0.033837847742766915,17.104228504817815,25001000.0,27.453911284364782
G8611,90.36318268323802,23.83943630089202,0.0931522308807654,-0.045863358770728314,17.104228504817815,25001000.0,26.30434116416011
G8612,90.36309137827784,23.8439477335453,0.11158151592533289,-0.048474708768442516,17.104228504817815,25001000.0,26.74738342612121
G8613,90.36300005072908,23.84845916322835,0.1762055721314742,-0.057149497399308316,17.104228504817815,25001000.0,26.92937247426043
G8614,90.3629087005883,23.85297058994069,0.1351368246311419,-0.030004894120043615,17.104228504817815,25001000.0,27.603914459413264
G8615,90.36281732785208,23.857482013681853,0.13973639603106439,-0.030917460956523812,17.104228504817815,25001000.0,27.485729170139468
G8616,90.36272593251692,23.861993434451364,0.1576448425863577,-0.012613057251511415,17.104228504817815,25001000.0,28.16690629019856
G8617,90.36263451457936,23.86650485224876,0.13202407693378898,-0.016446784168390512,17.104228504817815,25001000.0,28.09326027722099
G8618,90.36254307403595,23.87101626707357,0.13602173568084108,-0.020268478322014515,17.104228504817815,25001000.0,27.980751828283694
G8619,90.36245161088324,23.875527678925327,0.1397084257672319,-0.017555026796785514,17.104228504817815,25001000.0,27.939921461976525
G8620,90.36236012511776,23.88003908780357,0.17424595929667558,-0.04241833457386721,17.104228504817815,25001000.0,27.344931993761893
G8621,90.362268616736,23.884550493707813,0.1705091322290881,-0.035455953109089215,17.104228504817815,25001000.0,27.543066344121566
G8622,90.36220772951474,23.889033204373405,0.1361485141939765,-0.0028850726356660136,17.104228504817815,25001000.0,28.458768608250146
G8623,90.36286618402208,23.892543495092884,0.08148447801882429,0.010612000198486186,17.104228504817815,25001000.0,28.843544341910707
G8686,90.37323313201134,23.651974215345508,0.1821403365999549,-0.12051458331900641,17.104228504817815,25001000.0,25.622754303574172
G8687,90.37184282124744,23.654592673864915,0.2065024603642679,-0.07058956495977341,17.104228504817815,25001000.0,26.35719268582975
G8688,90.37171426013693,23.65905975094624,0.1749858235712428,-0.03670046489629242,17.104228504817815,25001000.0,27.521290754214856
G8689,90.37162402358112,23.66357131978068,0.1502217559631096,-0.010434160793556213,17.104228504817815,25001000.0,28.15531579374881
G8690,90.37153376461578,23.66808288566486,0.189668810397409,-0.051162142499476614,17.104228504817815,25001000.0,26.951639168896875
G8691,90.3714434832374,23.67259444859832,0.21261314968886438,-0.0895784083964871,17.104228504817815,25001000.0,25.89089997768595
G8692,90.37135317944264,23.67710600858057,0.2225001689700469,-0.0665783027959787,17.104228504817815,25001000.0,26.6161865067615
G8693,90.37126285322802,23.681617565611145,0.23439264512758348,-0.0837741239828315,17.104228504817815,25001000.0,26.381502838432624
G8694,90.3711725045902,23.68612911968959,0.2525182622262296,-0.0900932887260603,17.104228504817815,25001000.0,26.24101155051756
G8695,90.37108213352572,23.690640670815416,0.157895574428785,-0.007185746890373514,17.104228504817815,25001000.0,28.391249829748872
G8696,90.37099174003124,23.69515221898816,0.1153146709203224,0.010363083684201286,17.104228504817815,25001000.0,29.003930181899225
G8697,90.37090132410326,23.69966376420736,0.12175776177005379,-0.010975481476662713,17.104228504817815,25001000.0,28.144961905465347
G8698,90.3708108857384,23.704175306472525,0.10555597270426759,-0.019732684551218915,17.104228504817815,25001000.0,27.962737585530956
G8699,90.37072042493328,23.70868684578321,0.05798184042891359,-0.012435314277583414,17.104228504817815,25001000.0,27.996024533790763
G8700,90.37062994168444,23.71319838213892,0.05507690663599079,0.016291066024878287,17.104228504817815,25001000.0,28.635616869613347
G8701,90.37053943598846,23.7177099155392,0.05500201925207919,0.011886728230543287,17.104228504817815,25001000.0,28.567618434756803
G8702,90.37044890784196,23.72222144598359,0.07557298312307419,0.0006842649153649865,17.104228504817815,25001000.0,28.475967452367254
G8703,90.37035835724149,23.726732973471595,0.07609951688099029,0.0076507875907461855,17.104228504817815,25001000.0,28.72751533538351
G8704,90.37026778418364,23.731244498002763,0.09913440664495629,0.0035474274555181867,17.104228504817815,25001000.0,28.753099669178596
G8705,90.37017718866498,23.735756019576613,0.0929542958773609,-0.0031911018433212136,17.104228504817815,25001000.0,28.37669597698919
G8706,90.3700865706821,23.74026753819269,0.06448482620976718,0.005121948918136887,17.104228504817815,25001000.0,28.643306535431858
G8707,90.36999593023158,23.744779053850504,0.06291408693347769,0.005004776965468086,17.104228504817815,25001000.0,28.643306535431858
G8708,90.36990526730996,23.7492905665496,0.08019728470700739,0.003957645211179186,17.104228504817815,25001000.0,28.666203013999947
G8709,90.36981458191389,23.753802076289507,0.07667198072046319,-0.004187931848545214,17.104228504817815,25001000.0,28.381760765555896
G8710,90.36972387403983,23.758313583069743,0.0878225071192197,-0.011979193401707914,17.104228504817815,25001000.0,28.07830795105456
G8711,90.36963314368444,23.762825086889865,0.09919080575535999,-0.012526994791850514,17.104228504817815,25001000.0,28.121989121212092
G8712,90.36954239084427,23.76733658774937,0.12019391321744949,-0.014483429475816614,17.104228504817815,25001000.0,28.144961905465347
G8713,90.36945161551591,23.77184808564781,0.09187181483235358,-0.004710254060078413,17.104228504817815,25001000.0,28.330147419889503
G8714,90.36936081769588,23.77635958058472,0.073615306130321,0.009400777572964486,17.104228504817815,25001000.0,28.82070562765122
G8715,90.36926999738075,23.78087107255961,0.06412479189994959,0.0022931599037043864,17.104228504817815,25001000.0,28.50458085701877
G8716,90.36917915456716,23.785382561572025,0.05960751134602689,0.006145510715832485,17.104228504817815,25001000.0,28.579170308931648
G8717,90.36908828925156,23.789894047621488,0.06416518544214028,0.010058184969290887,17.104228504817815,25001000.0,28.65921581956456
G8718,90.3689974014306,23.794405530707543,0.07232661001071099,0.009218738595529685,17.104228504817815,25001000.0,28.806543962679704
G8719,90.36890649110084,23.798917010829705,0.06859210058443939,0.007464594630768486,17.104228504817815,25001000.0,28.651150890468582
G8720,90.36881555825876,23.80342848798751,0.06848583436708539,0.010414446993425686,17.104228504817815,25001000.0,28.707357962192905
G8721,90.36872460290104,23.80793996218049,0.07598962999086468,0.002338301408474387,17.104228504817815,25001000.0,28.53442020604989
G8722,90.36863362502416,23.81245143340817,0.0676779548457888,0.012758317731039486,17.104228504817815,25001000.0,28.714883338751868
G8723,90.36854262462468,23.81696290167011,0.06201361391508219,0.015608954698266488,17.104228504817815,25001000.0,28.696096230834705
G8724,90.3684516016992,23.8214743669658,0.0655190350874413,0.007099961899877785,17.104228504817815,25001000.0,28.650975266838504
G8725,90.36836055624424,23.8259858292948,0.07215366040178339,0.005821954579350386,19.135539121655285,25001000.0,28.663600921037037
G8726,90.36826948825636,23.830497288656627,0.10283087465726969,-0.03621223351161621,17.104228504817815,25001000.0,27.432135694458072
G8727,90.36817839773212,23.835008745050807,0.09218168718471859,-0.028375325993939913,18.129478515594684,25001000.0,27.352458416782568
G8728,90.36808728466804,23.839520198476887,0.1135840437481889,-0.019341560201093216,17.104228504817815,25001000.0,27.962737585530956
G8729,90.36799614906074,23.84403164893439,0.157397893843797,-0.0056192222927004135,16.96530739260001,25001000.0,28.391249829748872
G8730,90.36790499090674,23.848543096422844,0.1494507482075774,-0.04095909744667611,17.104228504817815,25001000.0,27.294507075405726
G8731,90.36781381020256,23.853054540941788,0.15895416413511249,-0.029514082346026115,16.926935696095285,25001000.0,27.661251633395363
G8732,90.36772260694477,23.857565982490748,0.15167336646763319,-0.008008185726768913,17.104228504817815,25001000.0,28.01886290815631
G8733,90.36763138112993,23.86207742106925,0.12784881776005558,0.003340361406803287,16.92301244645253,25001000.0,28.504160126235124
G8734,90.36754013275456,23.866588856676845,0.1067008688149128,1.5337347471086442e-05,17.104228504817815,25001000.0,28.519648622524787
G8735,90.36744886181522,23.87110028931305,0.11578741912197939,-0.017115312039627715,17.654280052086307,25001000.0,28.00038877144337
G8736,90.36735756830844,23.875611718977392,0.11475898322165899,-0.0006829895538536135,17.104228504817815,25001000.0,28.487353691101713
G8737,90.3672662522308,23.88012314566941,0.1694011537785664,-0.039079844140142116,17.537946048062196,25001000.0,27.449025456888535
G8738,90.3671749135788,23.88463456938864,0.1747490131488317,-0.044487533581188315,17.104228504817815,25001000.0,27.230828617807333
G8739,90.367083552349,23.889145990134608,0.18131722404331918,-0.044521935731554815,18.0697730098328,25001000.0,27.270857072841203
G8740,90.36747544392512,23.89272973018847,0.088315381144911,0.022361325614878386,17.104228504817815,25001000.0,29.37524451051556
G8803,90.3769334473131,23.65177799575024,0.188840274362591,-0.06276910254076501,17.104228504817815,25001000.0,26.756975400551237
G8804,90.37670219060344,23.654631193337075,0.2043398294761764,-0.059150722185283916,17.104228504817815,25001000.0,26.97108732388301
G8805,90.37661214409988,23.65914278284388,0.14149415881966879,-0.007236541092744114,16.150618080255327,25001000.0,28.25944302733866
G8806,90.37652207523168,23.663654369402057,0.14587725437193308,-0.007155647032889914,17.104228504817815,25001000.0,28.37965933329912
G8807,90.3764319839955,23.66816595301116,0.1497149607039939,-0.0024990671997580137,15.927801178846861,25001000.0,28.33962505511529
G8808,90.3763418703879,23.67267753367072,0.27369635066420617,-0.1406660795256417,17.104228504817815,25001000.0,25.762601957610656
G8809,90.37625173440551,23.67718911138025,0.18857080944717688,-0.026638144597210214,15.371410333776481,25001000.0,27.246698758107957
G8810,90.37616157604492,23.68170068613929,0.1900519516413822,-0.03429766826958421,17.104228504817815,25001000.0,27.543066344121566
G8811,90.37607139530272,23.68621225794737,0.2087238534068418,-0.051383528245575016,16.320013274952913,25001000.0,26.883965613692965
G8812,90.37598119217552,23.690723826804028,0.15210968655284038,-0.0023109547913238134,17.104228504817815,25001000.0,28.273283824745047
G8813,90.3758909666599,23.69523539270877,0.1685364284981078,-0.03889651655648321,17.344327000443144,25001000.0,27.408997001854665
G8814,90.37580071875246,23.69974695566116,0.1257110050012367,-0.0008782911575013137,17.104228504817815,25001000.0,28.52068036363843
G8815,90.37571044844978,23.704258515660698,0.1086809991555877,-0.018230361602966115,19.456517476633646,25001000.0,27.98353793860601
G8816,90.37562015574846,23.708770072706933,0.04828228354825939,-0.014752141906614814,17.104228504817815,25001000.0,27.839217662775592
G8817,90.37552984064511,23.71328162679937,0.05323135803177179,0.013650453593051386,20.24708890520506,25001000.0,28.940759277086286
G8818,90.37543950313628,23.717793177937573,0.06201539163769429,0.013926149628152085,20.168674826530122,25001000.0,28.55826236754538
G8819,90.3753491432186,23.72230472612106,0.0756951607932736,0.005498485568915986,17.104228504817815,25001000.0,28.65472604653613
G8820,90.37525876088864,23.726816271349342,0.07568708570416909,0.0006557761380489866,20.40142844971851,25001000.0,28.49802816949343
G8821,90.37516835614296,23.731327813621977,0.1452735241210266,-0.030781226040878913,17.104228504817815,25001000.0,27.485729170139468
G8822,90.3750779289782,23.73583935293848,0.151373968817097,-0.04449975389496871,20.530895627894125,25001000.0,27.193516687741493
G8823,90.37498747939088,23.74035088929839,0.08022117605247359,-0.011568249889779014,17.104228504817815,25001000.0,28.07830795105456
G8824,90.3748970073776,23.744862422701225,0.0883398869169587,-0.006465000619461314,20.754130922011743,25001000.0,28.3113491427439
G8825,90.374806512935,23.74937395314652,0.1039961121928541,-0.020521267383440015,17.104228504817815,25001000.0,27.931631544498476
G8826,90.3747159960596,23.753885480633823,0.0751784832360202,-0.005760481899245913,20.68707209848233,25001000.0,28.68455870159652
G8827,90.37462545674798,23.758397005162635,0.10973444200258349,-0.012630799858645814,17.104228504817815,25001000.0,28.121989121212092
G8828,90.37453489499674,23.76290852673252,0.15813687221905479,-0.04159357944751251,20.200387606503767,25001000.0,27.425013355293004
G8829,90.37444431080246,23.767420045342977,0.1644052745181255,-0.043600597767434114,17.104228504817815,25001000.0,27.28697489064524
G8830,90.37435370416168,23.77193156099355,0.1341665880991148,-0.021491230958918115,20.065968026084168,25001000.0,27.865941676805104
G8831,90.37426307507104,23.77644307368378,0.1021511830993936,-0.012579572567192113,17.104228504817815,25001000.0,28.121989121212092
G8832,90.37417242352704,23.78095458341318,0.1124905607769975,-0.018316070356070014,20.036145182261322,25001000.0,27.98353793860601
G8833,90.3740817495263,23.78546609018129,0.06551330266997869,0.0014181457662799865,17.104228504817815,25001000.0,28.446128103336132
G8834,90.37399105306535,23.789977593987643,0.06808379497989839,0.0007486984675872865,20.62618974554121,25001000.0,28.416467445238954
G8835,90.37390033414084,23.794489094831768,0.06268171774767378,0.009544881917810286,17.104228504817815,25001000.0,28.635464755087945
G8836,90.37380959274924,23.799000592713195,0.06433948379805889,0.003342298260347386,20.609175485291615,25001000.0,28.41972154460013
G8837,90.37371882888718,23.80351208763146,0.06719149200194519,0.003913759051419486,17.104228504817815,25001000.0,28.643306535431858
G8838,90.37362804255122,23.80802357958608,0.07991004976569129,-0.004437860856558914,20.211722833776463,25001000.0,28.36815766750024
G8839,90.37353723373788,23.812535068576604,0.08057022595151349,0.005344844942771187,17.104228504817815,25001000.0,28.674247115134506
G8840,90.3734464024438,23.817046554602555,0.06107312897680349,0.013464284523474587,19.448542686717673,25001000.0,28.668965548358525
G8841,90.37335554866549,23.821558037663458,0.06370110633555298,0.011641183355110087,17.104228504817815,25001000.0,28.659200606240262
G8842,90.37326467239951,23.82606951775886,0.06971054047889559,0.004760604703183187,18.918555856164545,25001000.0,28.660334151826053
G8843,90.37317377364248,23.83058099488828,0.09628040183978419,-0.0038425322621203134,17.104228504817815,25001000.0,28.408550625624795
G8844,90.3730828523909,23.83509246905125,0.1168419585219679,-0.024367332034026815,17.515013274952963,25001000.0,27.73725544495892
G8845,90.37299190864134,23.83960394024731,0.11406978508583229,-0.0025259828932593137,17.104228504817815,25001000.0,28.42544193571343
G8846,90.37290094239036,23.84411540847597,0.1485472834626424,-0.0015054412924632135,16.84737461949075,25001000.0,28.51759726249706
G8847,90.37280995363454,23.8486268737368,0.1384134718229125,0.005705792799870787,17.104228504817815,25001000.0,28.866045687327663
G8848,90.3727189423704,23.853138336029296,0.1482912773220059,-0.007556894827786013,17.071660333776464,25001000.0,28.37965933329912
G8849,90.37262790859452,23.85764979535301,0.1418797863565523,-0.028554699354866715,17.104228504817815,25001000.0,27.619127221333706
G8850,90.37253685230344,23.86216125170746,0.12004000079485189,-0.015449971675353214,17.104228504817815,25001000.0,28.082906388937527
G8851,90.37244577349372,23.866672705092185,0.10471147354881269,-0.017817092794960115,17.104228504817815,25001000.0,27.94909707163119
G8852,90.3723546721619,23.871184155506725,0.1323819630776639,-0.022585759330584314,17.104228504817815,25001000.0,27.835279538052998
G8853,90.37226354830456,23.87569560295059,0.10287271166388219,-0.0010304306497855137,17.104228504817815,25001000.0,28.487353691101713
G8854,90.3721724019182,23.880207047423337,0.13899783801473908,-0.028076745937197313,17.104228504817815,25001000.0,27.619127221333706
G8855,90.3720812329994,23.88471848892448,0.11691651241680869,-0.007915839747830914,17.104228504817815,25001000.0,28.244653918771096
G8856,90.37199004154472,23.88922992745356,0.132471633396068,-0.016271318061065014,17.104228504817815,25001000.0,28.09326027722099
G8857,90.37181896006746,23.89340182413356,0.1010836296432196,0.009570058767739786,17.104228504817815,25001000.0,28.91183579385464
G8920,90.3817687226596,23.651692833226647,0.1302454588482866,0.020614239378526987,17.104228504817815,25001000.0,29.48167898448009
G8921,90.3815999292816,23.65471405304777,0.1756998885958529,-0.044861391722263715,17.104228504817815,25001000.0,27.230828617807333
G8922,90.38151005042742,23.659225660244168,0.1399295101033349,-0.010767555462075414,15.924702587297618,25001000.0,28.036172240613954
G8923,90.38142014925022,23.663737264493136,0.1505085099100125,-0.020776633237108513,17.104228504817815,25001000.0,27.832801025933794
G8924,90.38133022574662,23.668248865794208,0.147404728877506,-0.022628214355552914,17.104228504817815,25001000.0,27.832801025933794
G8925,90.3812402799132,23.6727604641469,0.2421646120991866,-0.09566890917199261,17.104228504817815,25001000.0,25.940038332684466
G8926,90.3811503117466,23.67727205955076,0.2360598930690531,-0.07732116548850841,17.104228504817815,25001000.0,26.498846215362196
G8927,90.38106032124344,23.681783652005294,0.1727745416080207,-0.035698537233170215,17.104228504817815,25001000.0,27.521290754214856
G8928,90.38097030840028,23.686295241510056,0.1531469061194965,-0.005778528081990513,17.104228504817815,25001000.0,28.391249829748872
G8929,90.38088027321372,23.69080682806456,0.15097549566485238,-0.014957964385422214,17.104228504817815,25001000.0,28.112291363115922
G8930,90.3807902156804,23.695318411668342,0.13711275315981,-0.020789209203168416,17.104228504817815,25001000.0,27.832801025933794
G8931,90.38070013579689,23.69982999232094,0.11846381015576839,-0.006877273400041413,17.104228504817815,25001000.0,28.36930544501566
G8932,90.3806100335598,23.704341570021864,0.0913914515013293,-0.015463147642730914,17.104228504817815,25001000.0,27.98231251878417
G8933,90.38051990896572,23.708853144770668,0.04718001858200949,-0.009637617576187614,17.104228504817815,25001000.0,28.115181828905268
G8934,90.38042976201125,23.71336471656687,0.06784707346937359,0.008963982013945887,17.104228504817815,25001000.0,28.707357962192905
G8935,90.380339592693,23.71787628541,0.06475610948305219,0.003854436005221486,17.104228504817815,25001000.0,28.643306535431858
G8936,90.38024940100756,23.7223878512996,0.05852445030530229,0.008455617734310186,17.104228504817815,25001000.0,28.567633648081102
G8937,90.38015918695147,23.726899414235177,0.11148148493010439,-0.017315806523017712,17.104228504817815,25001000.0,28.00038877144337
G8938,90.38006895052142,23.731410974216285,0.1535295573297654,-0.03959904063953471,17.104228504817815,25001000.0,27.408997001854665
G8939,90.37997869171392,23.735922531242448,0.1413988937228061,-0.04009068590881042,17.104228504817815,25001000.0,27.294507075405726
G8940,90.3798884105256,23.7404340853132,0.08779929694236209,-0.012705710553820615,17.104228504817815,25001000.0,28.07830795105456
G8941,90.37979810695305,23.744945636428056,0.09902428524395719,-0.021263431704287412,17.104228504817815,25001000.0,27.785911656005194
G8942,90.37970778099282,23.74945718458656,0.09802502730958829,-0.019661456622116612,17.104228504817815,25001000.0,27.933862458355094
G8943,90.37961743264152,23.753968729788248,0.0682978664059548,-0.002054037247870512,17.104228504817815,25001000.0,28.351921416524775
G8944,90.37952706189574,23.758480272032635,0.11944939136733909,0.0004670507337438865,17.104228504817815,25001000.0,28.542621406778043
G8945,90.37943666875208,23.76299181131927,0.114672019094374,-0.016017350850706814,17.104228504817815,25001000.0,28.05993360468427
G8946,90.37934625320707,23.767503347647672,0.1721269176316771,-0.031071683586127715,17.104228504817815,25001000.0,27.543066344121566
G8947,90.37925581525737,23.772014881017377,0.1332971413641478,-0.016994365255203113,17.104228504817815,25001000.0,27.991213161788703
G8948,90.3791653548995,23.77652641142792,0.11459679440407469,-0.025416181310828612,17.104228504817815,25001000.0,27.601112978580968
G8949,90.37907487213006,23.78103793887881,0.1272916766858627,-0.022074657600788715,17.104228504817815,25001000.0,27.835279538052998
G8950,90.37898436694564,23.78554946336961,0.07985175665915899,-0.009458759622022214,17.104228504817815,25001000.0,28.12733984896716
G8951,90.37889383934277,23.790060984899824,0.11044235898895809,-0.007955567151835014,17.104228504817815,25001000.0,28.171021019124694
G8952,90.37880328931809,23.79457250346901,0.08642748318695269,-0.0023654741829610137,17.104228504817815,25001000.0,28.381760765555896
G8953,90.37871271686814,23.79908401907668,0.07530985740371889,0.004844345255449587,17.104228504817815,25001000.0,28.64668194540157
G8954,90.37862212198948,23.803595531722365,0.09201017335782469,-0.005598897058342714,17.104228504817815,25001000.0,28.297586702038164
G8955,90.37853150467872,23.8081070414056,0.07162925648762229,-0.0011683464480476136,17.104228504817815,25001000.0,28.399729271250145
G8956,90.3784408649324,23.81261854812592,0.0736104107375228,0.019167465868052385,17.104228504817815,25001000.0,29.11617695187886
G8957,90.37835020274711,23.81713005188287,0.076884776134341,0.010291781910296387,17.104228504817815,25001000.0,28.843544341910707
G8958,90.37825951811946,23.82164155267596,0.07034348146030119,0.008412686727810986,17.104228504817815,25001000.0,28.745787186326705
G8959,90.37816881104592,23.826153050504725,0.1090541749658482,-0.014957405484997913,17.104228504817815,25001000.0,28.078964690579205
G8960,90.37807808152314,23.830664545368705,0.10575291286455639,-0.0040644016901026135,17.104228504817815,25001000.0,28.42544193571343
G8961,90.37798732954766,23.83517603726742,0.12053367299107609,-0.009481377048956713,17.104228504817815,25001000.0,28.19399380337795
G8962,90.37789655511604,23.83968752620041,0.1434190115224191,-0.009996664169428715,17.104228504817815,25001000.0,28.15531579374881
G8963,90.37780575822484,23.844199012167216,0.1361007946566963,0.006899581048103285,17.104228504817815,25001000.0,28.930901049690686
G8964,90.37771493887064,23.84871049516735,0.17326160608286859,-0.030676941588968012,17.104228504817815,25001000.0,27.543066344121566
G8965,90.37762409705,23.853221975200352,0.1363760355477536,-0.04573834490268301,17.104228504817815,25001000.0,26.95003857452046
G8966,90.37753323275948,23.85773345226576,0.10997422558517939,-0.005629605880130813,17.104228504817815,25001000.0,28.346332660762403
G8967,90.37744234599562,23.862244926363104,0.1258243488820833,-0.0030006672472829136,17.394561742227182,25001000.0,28.458768608250146
G8968,90.37735143675498,23.86675639749192,0.094085725628136,0.005781774482776687,17.104228504817815,25001000.0,28.778590167830664
G8969,90.37726050503414,23.871267865651728,0.11468835868533689,-0.034870398590036815,18.612153087399662,25001000.0,27.552230955555583
G8970,90.37716955082963,23.87577933084206,0.094471345822746,-0.0005523749077336135,17.104228504817815,25001000.0,28.470902663800548
G8971,90.37707857413804,23.880290793062464,0.10925887436581759,-0.0037416577506298133,18.22308890520506,25001000.0,28.42544193571343
G8972,90.37698757495592,23.884802252312465,0.11683174921407849,-0.0034338394999574133,17.104228504817815,25001000.0,28.42544193571343
G8973,90.37689655327978,23.889313708591583,0.09955786364782819,0.008951272414306285,18.151660333776505,25001000.0,28.91183579385464
G8974,90.37681347600888,23.89381808897657,0.10112922568924909,-0.003085168191271714,17.104228504817815,25001000.0,28.42544193571343
G8975,90.37740499500994,23.896937157126867,0.12366503062837349,-0.03991356901981612,17.104228504817815,25001000.0,27.215633914224146
G9037,90.38675343635693,23.65157738993461,0.1860050613793445,-0.046944916609384414,17.104228504817815,25001000.0,27.09365388799013
G9038,90.38649769027938,23.654796758291223,0.2029636746928567,-0.05568041550434411,17.104228504817815,25001000.0,26.97108732388301
G9039,90.386407979078,23.659308383144285,0.1438168423770114,0.004577930934093387,17.104228504817815,25001000.0,28.815379028619002
G9040,90.38631824559516,23.663820005051083,0.136876051450498,-0.026984070378398315,17.104228504817815,25001000.0,27.619127221333706
G9041,90.38622848982752,23.66833162401116,0.1760720779775938,-0.057019560922803615,15.94949131969193,25001000.0,26.725415813378493
G9042,90.38613871177172,23.67284324002404,0.20958708728403258,-0.07008102155053121,17.104228504817815,25001000.0,26.487039551536476
G9043,90.38604891142433,23.67735485308924,0.16227727182779159,-0.025676927890038913,15.805044949161102,25001000.0,27.39563816479228
G9044,90.38595908878192,23.681866463206312,0.1700059514383761,-0.023632983089236413,16.898803190919324,25001000.0,27.890138199915892
G9045,90.3858692438412,23.68637807037478,0.13481253430517828,-0.0017917619501029137,17.104228504817815,25001000.0,28.48591950279345
G9046,90.3857793765987,23.690889674594168,0.1359972613800089,-0.009329895143580614,18.027946048062205,25001000.0,28.20434769166141
G9047,90.38568948705108,23.69540127586401,0.10950760157812199,0.004378426449416186,17.104228504817815,25001000.0,28.753099669178596
G9048,90.38559957519487,23.69991287418384,0.1025833681229177,-0.004867746184051114,20.15394604806218,25001000.0,28.411838837657772
G9049,90.3855096410268,23.704424469553185,0.0832115894228309,0.0020657968558422863,17.104228504817815,25001000.0,28.53442020604989
G9050,90.38541968454336,23.708936061971585,0.042760844143922894,-0.013949023007916814,20.62851747663362,25001000.0,27.785015608168514
G9051,90.3853297057412,23.71344765143856,0.05843673878119139,-0.0008360712159144136,17.104228504817815,25001000.0,28.41383317191306
G9052,90.3852397046169,23.717959237953632,0.06702264844271219,0.010151458073344586,20.608803190919303,25001000.0,28.639368214528982
G9053,90.38514968116708,23.72247082151636,0.07719522864303469,-0.0028160200421208136,17.104228504817815,25001000.0,28.381760765555896
G9054,90.38505963538834,23.726982402126247,0.08341664186960979,-0.010965644105865714,20.641138594646037,25001000.0,28.08700560319359
G9055,90.38496956727728,23.731493979782844,0.0973831776743304,-0.008350542499897314,17.104228504817815,25001000.0,28.171021019124694
G9056,90.38487947683048,23.73600555448567,0.08517302721995049,0.004376602245920786,20.697072098482323,25001000.0,28.598591463066096
G9057,90.38478936404456,23.74051712623426,0.08637214248418469,-0.006838104389800814,17.104228504817815,25001000.0,28.30265149060487
G9058,90.38469922891608,23.745028695028147,0.07230751838788209,-0.004524566733924413,20.947660333776437,25001000.0,28.299966610901205
G9059,90.38460907144167,23.749540260866866,0.06068843626134099,0.0006804601388724863,17.104228504817815,25001000.0,28.446128103336132
G9060,90.38451889161792,23.754051823749936,0.0641567894022367,4.678677912478644e-05,20.770690636806798,25001000.0,28.416467445238954
G9061,90.3844286894414,23.758563383676893,0.09050705258592,-0.010990087857598514,17.104228504817815,25001000.0,28.073243162487852
G9062,90.38433846490872,23.76307494064728,0.10391456248287179,-0.020099906710115516,20.058583410699526,25001000.0,27.995878236402266
G9063,90.38424821801644,23.767586494660613,0.1538039847926743,-0.021225934377522813,17.104228504817815,25001000.0,27.890138199915892
G9064,90.3841579487612,23.77209804571644,0.1451083243741356,-0.002521672954688914,19.70935264146877,25001000.0,28.491714067294176
G9065,90.38406765713954,23.77660959381427,0.15087013277671138,0.012423965276613685,17.104228504817815,25001000.0,29.033710342425127
G9066,90.38397734314808,23.78112113895365,0.1504065832387277,0.006001330086281186,19.83129669741285,25001000.0,28.911922930839676
G9067,90.38388700678335,23.78563268113412,0.1107640006323811,-0.009278322633217213,17.104228504817815,25001000.0,28.171021019124694
G9068,90.38379664804202,23.79014422035518,0.09045305467348189,-0.009491965934302113,20.241189745541163,25001000.0,28.155220519444484
G9069,90.3837062669206,23.7946557566164,0.07630525903345299,0.0032509604507858863,17.104228504817815,25001000.0,28.399166743632893
G9070,90.3836158634157,23.79916728991728,0.0934586247298736,-0.008720711520459914,20.05258570691077,25001000.0,28.155220519444484
G9071,90.3835254375239,23.80367882025737,0.1082798604135882,-0.029200165945502014,17.104228504817815,25001000.0,27.585900216660526
G9072,90.38343498924178,23.8081903476362,0.0875751909202811,-0.008549755833211313,19.77139167706005,25001000.0,28.16028530801119
G9073,90.3833445185659,23.812701872053303,0.0983761995936814,0.004030795303659386,17.104228504817815,25001000.0,28.753099669178596
G9074,90.38325402549287,23.817213393508204,0.1013526983444268,-0.009655730039408214,19.109302124821255,25001000.0,28.203966478168724
G9075,90.38316351001924,23.82172491200044,0.15805590408423398,-0.043210251273718914,17.104228504817815,25001000.0,27.28697489064524
G9076,90.38307297214162,23.82623642752954,0.2062112384706824,-0.068882950937991,18.633481229298837,25001000.0,27.709159030081235
G9077,90.38298241185652,23.83074794009503,0.1266608895530392,-0.028080284137628315,17.104228504817815,25001000.0,27.62160573345291
G9078,90.38289182916056,23.83525944969646,0.14320671439711788,-0.03701000586280581,17.407954451423535,25001000.0,27.463953580232758
G9079,90.38280122405033,23.839770956333343,0.1251350803216251,-0.035019006670961916,17.104228504817815,25001000.0,27.474404039236724
G9080,90.38271059652234,23.844282460005225,0.12782838254182127,-0.006739906328701114,17.498240043921413,25001000.0,28.37965933329912
G9081,90.3826199465732,23.848793960711628,0.15321188250424078,-0.022707885716194216,17.104228504817815,25001000.0,27.890138199915892
G9082,90.38252927419948,23.85330545845209,0.16041437739536968,-0.05436841910932441,17.885660333776485,25001000.0,26.967921113064985
G9083,90.38243857939774,23.857816953226155,0.1286290747919672,-0.023505868894811113,17.104228504817815,25001000.0,27.835279538052998
G9084,90.38234786216452,23.86232844503333,0.1324856904717017,-0.039160584396529814,18.30223176234793,25001000.0,27.322360374320727
G9085,90.38225712249644,23.86683993387317,0.09158849432806279,0.009099480797876687,17.104228504817815,25001000.0,28.905264837032764
G9086,90.38216636039002,23.871351419745192,0.07116821333163179,-0.004615887743630514,19.61089110300722,25001000.0,28.324214417806203
G9087,90.38207557584182,23.875862902648933,0.0750334016562549,-0.0025209411356256137,17.104228504817815,25001000.0,28.423312737036007
G9088,90.38198476884844,23.88037438258393,0.07798888041531839,0.015448153053847686,18.848266394382534,25001000.0,29.077986066228682
G9089,90.3818939394064,23.884885859549723,0.1056653189155334,0.0014459035152204862,17.104228504817815,25001000.0,28.519648622524787
G9090,90.3818030875123,23.889397333545823,0.09719342764914919,0.007003589474911686,18.57166033377646,25001000.0,28.870631016644445
G9091,90.38171196005776,23.893908775022783,0.0940019492832057,0.006013243753569587,17.104228504817815,25001000.0,28.74829512345141
G9092,90.38151791782458,23.89688908566034,0.0803849814007768,0.016300204201296187,17.104228504817815,25001000.0,29.028880226522478
G9153,90.39339162449104,23.647057598586155,0.17276997665194388,-0.03879083351987241,17.104228504817815,25001000.0,27.408997001854665
G9154,90.3918004194838,23.650734184409195,0.1622517418123152,-0.021303135386065115,16.016803190919315,25001000.0,27.596513736596634
G9155,90.3913954735552,23.65487930906465,0.21050380614000358,-0.07697099124070021,15.881374619490742,25001000.0,26.199766179803603
G9156,90.39130593000998,23.65939095154141,0.161913524237284,-0.039891722198570415,17.104228504817815,25001000.0,27.351844249387824
G9157,90.3912163642249,23.66390259107308,0.13791930781699188,-0.030738367329401113,15.89157337725473,25001000.0,27.262240113598043
G9158,90.39112677619664,23.6684142276592,0.1617230817073923,-0.024685717689336414,17.104228504817815,25001000.0,27.812606861693755
G9159,90.3910371659218,23.67292586129929,0.1384609439726851,0.004850066669775686,16.15945137855257,25001000.0,28.569900374634024
G9160,90.39094753339695,23.67743749199289,0.14435147332438958,-0.0030949167022611135,17.104228504817815,25001000.0,28.458768608250146
G9161,90.3908578786188,23.681949119739524,0.1593480081830433,-0.015232299243088615,17.382660333776442,25001000.0,28.14487922870461
G9162,90.39076820158388,23.686460744538728,0.1667018676585925,-0.03900116832368351,17.104228504817815,25001000.0,27.408997001854665
G9163,90.39067850228884,23.690972366390028,0.11776108054908899,-0.0027304475146654136,18.83423176234792,25001000.0,28.546734391157486
G9164,90.39058878073028,23.69548398529296,0.09784099507404809,0.010890365850526485,17.104228504817815,25001000.0,28.91183579385464
G9165,90.39049903690484,23.699995601247053,0.1026235253804822,-0.009367826359666414,17.104228504817815,25001000.0,28.171021019124694
G9166,90.39040927080912,23.70450721425183,0.0860779565445691,-0.00022527105106081354,17.104228504817815,25001000.0,28.475967452367254
G9167,90.39031948243972,23.70901882430684,0.03682808593601769,-0.022755360976897315,17.104228504817815,25001000.0,26.505504194992003
G9168,90.39022967179324,23.7135304314116,0.05503488634820909,0.014684016254159184,17.104228504817815,25001000.0,28.635616869613347
G9169,90.39013983886632,23.71804203556564,0.07797878268726229,0.0016893709756095865,17.104228504817815,25001000.0,28.475967452367254
G9170,90.39004998365554,23.72255363676851,0.0927759208223498,-0.009070545357136313,17.104228504817815,25001000.0,28.122275060400455
G9171,90.38996010615752,23.72706523501972,0.1408849130830167,-0.027938396080629615,17.104228504817815,25001000.0,27.619127221333706
G9172,90.38987020636888,23.731576830318808,0.15776450989521898,-0.040808177037341915,17.104228504817815,25001000.0,27.351844249387824
G9173,90.38978028428618,23.736088422665304,0.10927394820423399,-0.016359607733318213,17.104228504817815,25001000.0,28.05993360468427
G9174,90.38969033990604,23.74060001205875,0.06851773698347259,-0.0007401244781991135,17.104228504817815,25001000.0,28.41383317191306
G9175,90.3896003732251,23.745111598498664,0.05906141824818569,0.004656231575500587,17.104228504817815,25001000.0,28.643306535431858
G9176,90.38951038423993,23.749623181984585,0.059543429140122395,0.0036698864525345864,17.104228504817815,25001000.0,28.643306535431858
G9177,90.3894203729471,23.75413476251605,0.07193512753395749,0.0016195356693938863,17.104228504817815,25001000.0,28.43202420267322
G9178,90.38933033934325,23.75864634009257,0.08341352245447019,-0.005104294597854013,17.104228504817815,25001000.0,28.33521220845621
G9179,90.38924028342495,23.763157914713705,0.0804424106642431,-0.008776825484928814,17.104228504817815,25001000.0,28.12733984896716
G9180,90.3891502051888,23.76766948637897,0.1466577056489628,-0.030834091530863913,17.104228504817815,25001000.0,27.485729170139468
G9181,90.38906010463144,23.772181055087888,0.11070919787203029,0.004923693633898586,17.104228504817815,25001000.0,28.709992927375893
G9182,90.3889699817494,23.776692620840016,0.1145566978221073,0.008533366926390886,17.104228504817815,25001000.0,29.003930181899225
G9183,90.38887983653932,23.781204183634863,0.11443832588590279,-0.005252349896060413,17.104228504817815,25001000.0,28.346332660762403
G9184,90.38878966899776,23.78571574347197,0.1276490706734691,-0.023804643929559412,17.104228504817815,25001000.0,27.835279538052998
G9185,90.38869947912134,23.790227300350868,0.0874794854815144,-0.0007200908333151136,17.104228504817815,25001000.0,28.44367252094418
G9186,90.3886092669066,23.79473885427109,0.0773154764961085,0.007707782133767285,17.104228504817815,25001000.0,28.747036403981888
G9187,90.3885190323502,23.799250405232176,0.10404022718795479,-0.010616808510459314,17.104228504817815,25001000.0,28.121989121212092
G9188,90.38842877544865,23.803761953233643,0.11722100978032929,-0.019197941960238114,17.104228504817815,25001000.0,27.972876452119436
G9189,90.3883384961986,23.808273498275035,0.11790618401902699,-0.015165943686757714,17.104228504817815,25001000.0,28.082906388937527
G9190,90.38824819459656,23.81278504035588,0.08948178749053369,-0.0037693474484439137,17.104228504817815,25001000.0,28.37669597698919
G9191,90.3881578706392,23.81729657947571,0.12319443924203909,-0.03742427253661741,17.104228504817815,25001000.0,27.442274561046553
G9192,90.38806752432306,23.821808115634045,0.12046071883487429,-0.027061790520925215,17.104228504817815,25001000.0,27.61125184516945
G9193,90.38797715564472,23.82631964883045,0.14053229762381858,-0.041973426900209214,17.104228504817815,25001000.0,27.287594819779795
G9194,90.38788676460076,23.83083117906441,0.10218066710147279,-0.013791078481893215,17.104228504817815,25001000.0,28.121989121212092
G9195,90.38779635118776,23.835342706335503,0.1516631075500147,-0.04666002406982592,17.104228504817815,25001000.0,26.697213606281533
G9196,90.38770591540232,23.839854230643247,0.15652091858662529,-0.03466257819569341,17.104228504817815,25001000.0,27.543066344121566
G9197,90.387615457241,23.84436575198716,0.1477764458281429,-0.036719585902583715,17.104228504817815,25001000.0,27.463953580232758
G9198,90.38752497670036,23.848877270366792,0.1366749636872486,-0.029278639979474413,17.104228504817815,25001000.0,27.603914459413264
G9199,90.387434473777,23.853388785781668,0.1251351851754223,-0.006247163563158013,17.104228504817815,25001000.0,28.37965933329912
G9200,90.38734394846746,23.85790029823132,0.11872961035190559,-0.009249605739203914,17.104228504817815,25001000.0,28.19399380337795
G9201,90.38725340076836,23.86241180771528,0.0977204003293148,0.0017096309614959863,17.104228504817815,25001000.0,28.519648622524787
G9202,90.38716283067625,23.86692331423308,0.0776148615505676,-0.0013247357156429135,17.104228504817815,25001000.0,28.44367252094418
G9203,90.38707223818768,23.871434817784262,0.07546315827817449,-0.004260598214153914,17.104228504817815,25001000.0,28.381760765555896
G9204,90.38698162329922,23.87594631836835,0.07338492442252079,-0.005011427323077314,17.104228504817815,25001000.0,28.373446534275207
G9205,90.38689098600749,23.880457815984883,0.0781218032472308,0.0013821706284797863,17.104228504817815,25001000.0,28.475967452367254
G9206,90.386800326309,23.88496931063339,0.0807237568479344,0.0008684418538402864,17.104228504817815,25001000.0,28.475967452367254
G9207,90.38670964420034,23.8894808023134,0.086795592951796,0.003535047446331687,17.104228504817815,25001000.0,28.73298829768871
G9208,90.3862994288828,23.893104746477995,0.0867974977546695,0.007932487365015586,17.104228504817815,25001000.0,28.91032962559947
G9209,90.38474785035363,23.89667938563285,0.08513096295379839,0.013237511250542585,17.104228504817815,25001000.0,28.853220844103284
G9269,90.39728649577972,23.642262429548914,0.235797561800063,-0.0881900142937288,17.104228504817815,25001000.0,26.252511430530628
G9270,90.39650600364205,23.64596781341156,0.19932124129683168,-0.0767709526097097,17.104228504817815,25001000.0,26.31876257273083
G9271,90.39638263275828,23.65045004235425,0.17435330880886069,-0.050463342115072814,17.104228504817815,25001000.0,27.00173173142602
G9272,90.39629327906746,23.65496170536521,0.2037851797700212,-0.08042958628524521,17.104228504817815,25001000.0,26.230647918741546
G9273,90.3962039031818,23.65947336543272,0.1890882642467637,-0.06459348590151291,17.104228504817815,25001000.0,26.662687391538466
G9274,90.39611450509786,23.663985022556297,0.13343783385743188,-0.004726695469637014,17.104228504817815,25001000.0,28.41222005115046
G9275,90.39602508481236,23.6684966767355,0.1254335418736517,0.002775182945890286,17.104228504817815,25001000.0,28.639413588652122
G9276,90.39593564232185,23.67300832796985,0.1342002004404469,0.010123986885258186,17.104228504817815,25001000.0,29.02690296615248
G9277,90.39584617762296,23.67751997625887,0.14109816928670998,0.0001501270415832862,17.104228504817815,25001000.0,28.552975295061504
G9278,90.3957566907124,23.6820316216021,0.1460393272684574,-0.0014569127911930138,17.104228504817815,25001000.0,28.52068036363843
G9279,90.39566718158667,23.68654326399908,0.1225043128219696,-0.008453658287778514,17.104228504817815,25001000.0,28.19399380337795
G9280,90.39557765024249,23.69105490344932,0.141841404362903,-0.027297373061801015,17.104228504817815,25001000.0,27.619127221333706
G9281,90.3954880966764,23.69556653995236,0.0892184207427678,0.003443711616006587,17.104228504817815,25001000.0,28.41984310816986
G9282,90.39539852088508,23.70007817350773,0.05743498542154129,0.018943757357857586,20.652803190919343,25001000.0,28.843407711820685
G9283,90.39530892286513,23.70458980411497,0.068979434658676,-0.00031642600681151367,17.104228504817815,25001000.0,28.44630372696621
G9284,90.39521930261314,23.70910143177361,0.04168456610740119,-0.005904935992007114,21.050231762347916,25001000.0,28.2549025861937
G9285,90.39512966012576,23.713613056483176,0.04855649614791159,0.023599910694629186,17.104228504817815,25001000.0,28.767186670677894
G9286,90.3950399953996,23.718124678243203,0.088511803072045,-0.010651717363676814,20.834803190919303,25001000.0,28.08700560319359
G9287,90.39495030843126,23.722636297053217,0.10042646847748009,-0.013857696925278514,17.104228504817815,25001000.0,28.121989121212092
G9288,90.39486059921737,23.72714791291276,0.1295197092942663,-0.020818062131758113,20.636211058414148,25001000.0,27.84417238201931
G9289,90.3947708677545,23.73165952582135,0.1377113493714938,-0.03460461177590171,17.104228504817815,25001000.0,27.485729170139468
G9290,90.39468111403932,23.73617113577853,0.1350047045774214,-0.038397556391582016,20.851093169597362,25001000.0,27.360552671838878
G9291,90.39459133806838,23.74068274278383,0.0734809391046892,-0.010865571929557814,17.104228504817815,25001000.0,28.064098208640882
G9292,90.39450153983832,23.745194346836776,0.06777289328346439,-0.0037625316409269135,21.04207209848235,25001000.0,28.360619068663805
G9293,90.39441171934575,23.749705947936903,0.0724489849145851,-0.010718289228576615,17.104228504817815,25001000.0,27.98192063312785
G9294,90.3943218765873,23.754217546083748,0.07691689580819419,0.012373286296469986,20.827805261312704,25001000.0,28.783079970805748
G9295,90.3942320115595,23.758729141276834,0.08188720102715139,-0.005754738507010514,17.104228504817815,25001000.0,28.30265149060487
G9296,90.394142124259,23.763240733515705,0.0782994031463115,-0.0036025926457184136,20.462954451423542,25001000.0,28.414706224599925
G9297,90.39405221468242,23.76775232279988,0.07474052233083289,0.0022595552406964865,17.104228504817815,25001000.0,28.57597217753
G9298,90.39396228282632,23.772263909128903,0.09021180266972319,-0.006859060017472614,19.880084576200687,25001000.0,28.330532161082193
G9299,90.39387232868734,23.776775492502296,0.10375674905569439,-0.010179566756737713,17.104228504817815,25001000.0,28.121989121212092
G9300,90.39378235226204,23.7812870729196,0.11145257649602469,-0.013170865759684514,20.15348122929882,25001000.0,28.15493458025612
G9301,90.39369235354704,23.78579865038034,0.1261643678963918,-0.027518164756892016,17.104228504817815,25001000.0,27.62160573345291
G9302,90.39360233253892,23.790310224884045,0.1205880161694735,-0.016024967778907113,20.11706331885111,25001000.0,28.115851847981556
G9303,90.39351228923432,23.794821796430263,0.1416552011421059,-0.029873082275146613,17.104228504817815,25001000.0,27.603914459413264
G9304,90.39342222362978,23.799333365018512,0.13220536883694858,-0.030559043786256915,19.9270542731704,25001000.0,27.63953362240378
G9305,90.39333213572192,23.80384493064833,0.10704936414773909,-0.022428911015162114,17.104228504817815,25001000.0,27.814786783181056
G9306,90.39324202550732,23.80835649331925,0.11826725954972139,-0.03452308354860551,19.606914065119753,25001000.0,27.497190801824573
G9307,90.3931518929826,23.812868053030805,0.09701591096121999,-0.0038910934389120135,17.104228504817815,25001000.0,28.42544193571343
G9308,90.39306173814433,23.817379609782527,0.07354711983018339,-0.004029452432315913,19.175631348269206,25001000.0,28.452940550418923
G9309,90.39297156098908,23.82189116357394,0.0847480159670203,-0.014379113083556714,17.104228504817815,25001000.0,28.07830795105456
G9310,90.39288136151345,23.8264027144046,0.10604936445840189,-0.013828284070170914,18.64560151024708,25001000.0,28.220308792402893
G9311,90.39279113971403,23.83091426227401,0.15113608893454958,-0.027319227055951613,17.104228504817815,25001000.0,27.619127221333706
G9312,90.39270089558744,23.83542580718173,0.1394542270571082,-0.04882730722054311,17.796764811388385,25001000.0,27.08690879252807
G9313,90.3926106291302,23.839937349127272,0.17524105102712348,-0.03196416703230541,17.104228504817815,25001000.0,27.543066344121566
G9314,90.39252034033896,23.84444888811017,0.1735910655337505,-0.03939442654467251,18.1414838631882,25001000.0,27.449025456888535
G9315,90.39243002921025,23.848960424129977,0.1301189293554566,0.006938551626255085,17.104228504817815,25001000.0,28.936592349236083
G9316,90.39233969574065,23.85347195718621,0.1499667316347449,0.011439858281369186,18.76442503965879,25001000.0,29.13025614151444
G9317,90.39224933992678,23.857983487278403,0.08023082537038369,0.032940162198051084,17.104228504817815,25001000.0,29.839708264711447
G9318,90.3921589617652,23.86249501440609,0.07794611265571029,-0.011338925329973014,19.46124242332874,25001000.0,28.111253410098588
G9319,90.39206856125249,23.86700653856881,0.07515369284929269,-0.026371859471006315,17.104228504817815,25001000.0,27.60179035000575
G9320,90.3919781383852,23.871518059766085,0.07567928076566419,-0.014215920882072113,20.086448212564363,25001000.0,28.111253410098588
G9321,90.39188769315992,23.876029577997457,0.06737779247581069,-0.005084004766595113,17.104228504817815,25001000.0,28.305372859425088
G9322,90.39174832773789,23.88049489428639,0.0788068153959287,-0.006519939817028014,19.468542686717655,25001000.0,28.3355969496489
G9323,90.39120300380162,23.88519365221276,0.0871074660884829,0.009636849338992186,17.104228504817815,25001000.0,28.91032962559947
G9324,90.3907819274156,23.88888743417572,0.09077105615162818,0.005492821782737087,17.104228504817815,25001000.0,28.735967610256562
G9325,90.3897995117883,23.89272515178311,0.07876392504484869,-0.03738748554224761,17.104228504817815,25001000.0,26.947742128597824
G9385,90.40270854268742,23.63792952986252,0.218455470981163,-0.087140507865158,16.368082868987727,25001000.0,25.955190183049357
G9386,90.40148956043193,23.641539269447016,0.1985745982040787,-0.051556649178022815,17.104228504817815,25001000.0,26.96173899693913
G9387,90.40136945676365,23.646020583113145,0.1627562209340723,-0.05276299491285882,16.132871601382107,25001000.0,26.72393599714918
G9388,90.40128029284408,23.650532266622523,0.15340258206716978,-0.026590199394541415,17.104228504817815,25001000.0,27.676464395315804
G9389,90.40119110677458,23.65504394719009,0.1940381420694429,-0.06439286700667271,15.938223714058125,25001000.0,26.525641087537995
G9390,90.40110189855184,23.659555624815383,0.20761301654845,-0.0911414245025878,17.104228504817815,25001000.0,25.87647838175534
G9391,90.40101266817244,23.664067299497923,0.135700189456892,-0.0006793358325495136,15.921603995748313,25001000.0,28.401536810503575
G9392,90.40092341563305,23.668578971237245,0.14181189546378378,-0.0021655755491538134,17.104228504817815,25001000.0,28.458768608250146
G9393,90.40083414093026,23.67309064003288,0.12373581459548459,0.004245827045929887,16.798771444887535,25001000.0,28.649380946328254
G9394,90.40074484406072,23.677602305884367,0.1132477298969169,0.021372473022312287,17.104228504817815,25001000.0,29.468845066815316
G9395,90.4006555250211,23.682113968791228,0.11152242076151009,0.030385712737113886,17.875194580351803,25001000.0,29.490674063207283
G9396,90.40056618380795,23.686625628753,0.0969936238152349,0.018285664610926386,17.104228504817815,25001000.0,29.301760308452412
G9397,90.400476820418,23.691137285769205,0.09975876039489809,-0.0017385722304687136,19.529374619490767,25001000.0,28.50941440822789
G9398,90.40038743484776,23.695648939839383,0.08363311631497429,0.002569717820869686,17.104228504817815,25001000.0,28.53442020604989
G9399,90.40029802709394,23.70016059096307,0.06315217085925029,0.011979169202058385,20.917378643635658,25001000.0,28.567459794099722
G9400,90.40020859715314,23.70467223913979,0.0679293199903997,0.007366643523359086,17.104228504817815,25001000.0,28.650975266838504
G9401,90.40011914502196,23.70918388436908,0.04654742562142569,-0.013023782754421214,21.25794202391731,25001000.0,28.20580693561737
G9402,90.40002967069708,23.71369552665047,0.06189128316735179,0.013036568782306687,17.104228504817815,25001000.0,28.598280323569334
G9403,90.39994017417506,23.718207165983483,0.06540803488791878,-0.0007776842477369135,21.02166033377651,25001000.0,28.38417251381588
G9404,90.39985065545252,23.722718802367663,0.060196496585565695,-0.0022819258069774135,17.104228504817815,25001000.0,28.351921416524775
G9405,90.39976111452611,23.727230435802547,0.11243685582333639,-0.012488637449859815,20.834719157305898,25001000.0,28.130686773351123
G9406,90.39967155139249,23.73174206628765,0.1243763822117569,-0.011249177247080314,17.104228504817815,25001000.0,28.144961905465347
G9407,90.39958196604816,23.736253693822512,0.1291980265391813,-0.03357093231645551,20.73917548529161,25001000.0,27.483296883203035
G9408,90.39949235848984,23.74076531840667,0.1753403660229892,-0.058181043898523216,17.104228504817815,25001000.0,26.92937247426043
G9409,90.39940272871408,23.745276940039645,0.10740418106183859,-0.025773756782004213,17.104228504817815,25001000.0,27.601112978580968
G9410,90.39931307671756,23.749788558720983,0.06263692866291999,-0.006536575378724013,17.104228504817815,25001000.0,28.27281214157375
G9411,90.3992234024968,23.754300174450208,0.0801766661958472,0.0008643770765329865,17.104228504817815,25001000.0,28.475967452367254
G9412,90.39913370604847,23.75881178722685,0.08421742942159079,0.002221724233876086,17.104228504817815,25001000.0,28.53442020604989
G9413,90.39904398736918,23.763323397050453,0.08942072404205129,-0.004615719376991014,17.104228504817815,25001000.0,28.330147419889503
G9414,90.39895424645552,23.76783500392054,0.06435294753203868,0.008237336115228786,17.104228504817815,25001000.0,28.65921581956456
G9415,90.39886448330412,23.77234660783664,0.05929782760684739,0.005894112167538386,17.104228504817815,25001000.0,28.671610969263483
G9416,90.39877469791156,23.77685820879829,0.0716910209242319,-0.0012927980245423134,17.104228504817815,25001000.0,28.399729271250145
G9417,90.39868489027444,23.781369806805028,0.082336301400721,-0.008263852436723213,17.104228504817815,25001000.0,28.12733984896716
G9418,90.3985950603894,23.78588140185637,0.10399998889571269,-0.022721600788465014,17.104228504817815,25001000.0,27.814786783181056
G9419,90.39850520825304,23.79039299395188,0.1245187828452012,-0.032986799932891414,17.104228504817815,25001000.0,27.47785379397521
G9420,90.39841533386192,23.79490458309106,0.13335328971867189,-0.038722625320419014,17.104228504817815,25001000.0,27.351659827872567
G9421,90.39832543721268,23.79941616927345,0.2065736466217859,-0.06637019665059321,17.104228504817815,25001000.0,26.54851550414176
G9422,90.39823551830192,23.8039277524986,0.13825702490588368,-0.03676813028345721,17.104228504817815,25001000.0,27.463953580232758
G9423,90.3981455771262,23.808439332766017,0.1399729282862458,-0.034215521719235614,17.104228504817815,25001000.0,27.485729170139468
G9424,90.39805561368216,23.812950910075248,0.1162831786714237,-0.018013899000678513,17.104228504817815,25001000.0,27.94909707163119
G9425,90.3979656279664,23.817462484425835,0.10125071787748739,-0.019756989175682613,17.104228504817815,25001000.0,27.962737585530956
G9426,90.39787561997544,23.82197405581729,0.1298837319497786,-0.019346488960376412,17.104228504817815,25001000.0,27.983230340402898
G9427,90.39778558970596,23.82648562424916,0.1347154109017805,-0.03845861309677542,17.104228504817815,25001000.0,27.351659827872567
G9428,90.39769553715452,23.830997189720986,0.1545444940141107,-0.06036411037259001,17.104228504817815,25001000.0,26.853649238825945
G9429,90.39760546231771,23.83550875223227,0.1592954987628616,-0.03958111645385291,17.104228504817815,25001000.0,27.408997001854665
G9430,90.39751536519212,23.840020311782578,0.1773941863663304,-0.026917829009824413,17.104228504817815,25001000.0,27.676464395315804
G9431,90.39742524577436,23.844531868371423,0.1596316920097641,-0.0037131648088685135,17.104228504817815,25001000.0,28.4703591046999
G9432,90.39733510406096,23.84904342199836,0.15290292755679868,0.010928727867391286,17.104228504817815,25001000.0,28.840700182361065
G9433,90.3972449400486,23.85355497266288,0.08390747573834319,0.028276929386328586,17.104228504817815,25001000.0,29.488225508120003
G9434,90.3971547537338,23.85806652036457,0.0719850088095064,0.020210040235681685,17.104228504817815,25001000.0,29.2071533687451
G9435,90.39706454511315,23.86257806510292,0.07975410040915899,-0.014823049856332414,17.104228504817815,25001000.0,28.00640839324581
G9436,90.39697431418328,23.867089606877496,0.07380925372741769,-0.010089694988619615,17.104228504817815,25001000.0,28.064098208640882
G9437,90.39688406094068,23.871601145687816,0.0782609301851122,-0.011485315416219614,17.104228504817815,25001000.0,28.07830795105456
G9438,90.39679378538204,23.8761126815334,0.07064282916095159,-0.006165954730023513,17.104228504817815,25001000.0,28.258708240910835
G9439,90.39679962138304,23.87968947946792,0.070109548855571,-0.00023907490457441356,17.104228504817815,25001000.0,28.43202420267322
G9501,90.40738389217462,23.633615927689547,0.1869478700621458,-0.04964206782473441,17.104228504817815,25001000.0,27.0591200636972
G9502,90.40645214137092,23.63708605254754,0.18291582476428908,-0.0696906207461249,17.104228504817815,25001000.0,26.485811326347566
G9503,90.40635594564772,23.64159093144134,0.1714389791789002,-0.07301695764332641,17.104228504817815,25001000.0,26.31091798878998
G9504,90.40626697141624,23.6461026354134,0.1812170567566557,-0.052217531403070915,17.104228504817815,25001000.0,26.951639168896875
G9505,90.40617797507976,23.65061433644528,0.15433796662117438,-0.023548020812802915,17.104228504817815,25001000.0,27.890138199915892
G9506,90.406088956635,23.655126034536497,0.2008286586376443,-0.0657433138643179,17.104228504817815,25001000.0,26.617062234709934
G9507,90.40599991607851,23.65963772968662,0.243737214813775,-0.09013395173503841,17.104228504817815,25001000.0,26.171973469423474
G9508,90.405910853407,23.664149421895143,0.15570223707714448,-0.008198132600661913,17.104228504817815,25001000.0,28.215938188111163
G9509,90.40582176861707,23.66866111116164,0.10663114763002489,0.04308644374584679,17.104228504817815,25001000.0,30.44909179946329
G9510,90.4057326617054,23.673172797485595,0.1240759627856686,-0.0003903564260075137,17.104228504817815,25001000.0,28.542621406778043
G9511,90.40564353266858,23.67768448086657,0.0919427677885588,0.034094982432947785,17.104228504817815,25001000.0,30.060148267404966
G9512,90.40555438150328,23.68219616130408,0.12036728506922519,0.024534824828395887,17.104228504817815,25001000.0,29.48167898448009
G9513,90.40546520820612,23.686707838797687,0.134579850747136,0.0035772943696197866,17.104228504817815,25001000.0,28.801886638903806
G9514,90.40537601277371,23.691219513346883,0.0864918680135184,0.006949954151654886,17.104228504817815,25001000.0,28.77567265234468
G9515,90.40528679520274,23.69573118495123,0.0917634887703807,-0.0031286175549933137,17.104228504817815,25001000.0,28.37669597698919
G9516,90.4051975554898,23.700242853610245,0.06195654305206899,0.014883387746988486,17.104228504817815,25001000.0,28.696096230834705
G9517,90.40510829363151,23.704754519323465,0.04633663037155859,0.0010778934036532865,17.104228504817815,25001000.0,28.46380943230536
G9518,90.40501900962454,23.70926618209042,0.05117928484894609,-0.0025503232431468136,17.104228504817815,25001000.0,28.351921416524775
G9519,90.40492970346548,23.71377784191064,0.05133305995521699,0.012620898278544885,17.104228504817815,25001000.0,28.537800962347976
G9520,90.404840375151,23.71828949878368,0.04935486253282839,0.009157829515463786,17.104228504817815,25001000.0,28.523948262718083
G9521,90.40475102467768,23.72280115270903,0.06152000803070319,-0.002930910712021214,17.104228504817815,25001000.0,28.351921416524775
G9522,90.40466165204218,23.727312803686257,0.1099156151082924,-0.029994029460886914,17.104228504817815,25001000.0,27.585900216660526
G9523,90.4045722572411,23.731824451714875,0.10700175460490129,-0.019203490566794615,17.104228504817815,25001000.0,27.962737585530956
G9524,90.40448284027106,23.736336096794425,0.12349445626189719,-0.036659088478246615,17.104228504817815,25001000.0,27.442274561046553
G9525,90.40439340112871,23.740847738924447,0.1369093293811843,-0.03959698636543851,17.104228504817815,25001000.0,27.351659827872567
G9526,90.40430393981065,23.745359378104457,0.09749417103611839,-0.022553941335620213,20.95447192797937,25001000.0,27.794804499971505
G9527,90.4042144563135,23.749871014334,0.05846839029274109,0.0036288989935165865,17.104228504817815,25001000.0,28.643306535431858
G9528,90.40412495063389,23.7543826476126,0.0704862068006686,-0.030248671068007413,20.94490671058808,25001000.0,26.94934567478708
G9529,90.40403542276842,23.758894277939795,0.0703806718238659,-0.015781133579269514,17.104228504817815,25001000.0,27.890989989424167
G9530,90.4039458727137,23.76340590531512,0.08621114787670049,0.005102895198587486,20.602298014935883,25001000.0,28.621283074272018
G9531,90.4038563004664,23.767917529738096,0.08348713074083919,0.010251346401753686,17.104228504817815,25001000.0,28.861896861289875
G9532,90.40376670602303,23.77242915120827,0.0728447986344486,0.0007308082021164862,20.350197647209285,25001000.0,28.371630839392925
G9533,90.40367708938032,23.77694076972516,0.09693928641127969,0.0005325092928959866,17.104228504817815,25001000.0,28.519648622524787
G9534,90.4035874505348,23.78145238528832,0.103234659116203,-0.014582872745423515,20.39736182631376,25001000.0,28.111910149623235
G9535,90.40349778948314,23.78596399789726,0.10742145772121019,-0.018270428269553714,17.104228504817815,25001000.0,27.94909707163119
G9536,90.40340810622187,23.79047560755153,0.0843774253667768,-0.019076942394479213,20.415842151958287,25001000.0,27.907420389882738
G9537,90.4033184007477,23.794987214250657,0.07396061427697459,-0.019489863981873013,17.104228504817815,25001000.0,27.84036199878346
G9538,90.40322867305714,23.799498817994163,0.11119925488933699,-0.031206987965195714,19.992737256853417,25001000.0,27.50085557825804
G9539,90.40313892314686,23.804010418781605,0.11702669895201129,-0.017835974813982115,17.104228504817815,25001000.0,27.95923593821967
G9540,90.40304915101343,23.8085220166125,0.1214128522277575,-0.029661010345958316,19.654630030746176,25001000.0,27.629179734120317
G9541,90.40295935665348,23.813033611486382,0.11980774185118409,-0.030912786604357916,17.104228504817815,25001000.0,27.47785379397521
G9542,90.4028695400636,23.81754520340279,0.11701535057502949,-0.012553210776135814,19.09883680436471,25001000.0,28.165073446844602
G9543,90.40277970124038,23.82205679236124,0.135022930353246,-0.03738419016608381,17.104228504817815,25001000.0,27.463953580232758
G9544,90.40268984018044,23.8265683783613,0.15223943473008938,-0.020925884148805814,18.450124101892442,25001000.0,27.488839002513252
G9545,90.40259995688037,23.83107996140247,0.17530134132380928,-0.007090189453209113,17.104228504817815,25001000.0,28.391249829748872
G9546,90.40251005133676,23.835591541484305,0.1718106989478258,-0.009979099584725913,18.03563134826922,25001000.0,28.20693474523243
G9547,90.40242012354624,23.84010311860632,0.1389882901899186,0.019216815417581187,17.104228504817815,25001000.0,29.39432543653901
G9548,90.40233017350536,23.84461469276805,0.1258046222938809,0.011777737389738486,18.621138594646055,25001000.0,29.075993592534385
G9549,90.40224020121074,23.849126263969065,0.06827892217579479,0.007554142123322186,17.104228504817815,25001000.0,28.650975266838504
G9550,90.402150206659,23.85363783220885,0.09843043848150679,-0.012414295453597114,19.228384971457643,25001000.0,28.15493458025612
G9551,90.40206018984668,23.85814939748697,0.0843972104588272,-0.013977494107894515,17.104228504817815,25001000.0,28.07830795105456
G9552,90.40197015077038,23.862660959802938,0.0754966360822153,-0.016453419604618314,19.902366216129423,25001000.0,28.020322766394905
G9553,90.40188008942673,23.8671725191563,0.06968117623655079,-0.0058288521636767135,17.104228504817815,25001000.0,28.258708240910835
G9554,90.40179000581227,23.8716840755466,0.0681930408128464,-0.004157926448568914,19.82402397014013,25001000.0,28.384866875568804
G9555,90.40169989992364,23.87619562897334,0.09932523575161019,-0.019726398964358714,17.104228504817815,25001000.0,27.962737585530956
G9556,90.4016719594894,23.880192574864125,0.0685650059209874,0.010858655014174986,19.515601510247077,25001000.0,28.691089589752337
G9616,90.41391554375268,23.62579588336418,0.1399281582901964,-0.014065242641910614,17.104228504817815,25001000.0,28.15531579374881
G9617,90.41263330166488,23.628780009700183,0.2046685876121212,-0.06879742600328011,17.161322305607456,25001000.0,26.507718436599724
G9618,90.4114722254616,23.632687991778845,0.17195443050762899,-0.03575728972379831,17.104228504817815,25001000.0,27.521290754214856
G9619,90.41134209948692,23.637161087438848,0.1904430432963676,-0.0867832802508601,16.55794202391732,25001000.0,25.927418716784103
G9620,90.4112533148604,23.641672811837825,0.18799370663067588,-0.051716047124311014,17.104228504817815,25001000.0,26.951639168896875
G9621,90.41116450817378,23.646184533298264,0.1770585131512252,-0.051026348549721316,16.165993667109802,25001000.0,26.763081677316094
G9622,90.4110756794238,23.65069625181968,0.2008270067038383,-0.05723048616485031,17.104228504817815,25001000.0,26.939472302302683
G9623,90.41098682860708,23.655207967401623,0.1947508654471154,-0.04698753255483401,15.843575826734224,25001000.0,26.83215268032306
G9624,90.41089795572024,23.659719680043608,0.2160130107115612,-0.06821541602546641,17.104228504817815,25001000.0,26.569162061934477
G9625,90.41080906075996,23.66423138974517,0.1728502039527086,-0.018680168487832414,15.767805261312702,25001000.0,27.75726277174227
G9626,90.4107201437229,23.66874309650585,0.1617582451340733,-0.032477685838099415,17.104228504817815,25001000.0,27.543066344121566
G9627,90.41063120460568,23.673254800325168,0.13795879381534798,-0.017452287236972914,17.755993667109777,25001000.0,28.04895880122027
G9628,90.41054224340496,23.67776650120267,0.11541289043718689,-0.007696941568663514,17.104228504817815,25001000.0,28.346332660762403
G9629,90.41045326011732,23.68227819913788,0.11504450665140849,0.009321838602133186,18.57163293651618,25001000.0,29.05303602160543
G9630,90.41036425473948,23.68678989413033,0.10518738519361309,0.024662920497436087,17.104228504817815,25001000.0,29.37675067877073
G9631,90.41027522726806,23.69130158617955,0.0783944498261808,0.019307616772191786,19.89508890520503,25001000.0,29.27274801827405
G9632,90.41018617769966,23.69581327528508,0.0673308468822844,0.007695548319962987,17.104228504817815,25001000.0,28.6633831490608
G9633,90.41009710603096,23.700324961446448,0.05117103505207539,-0.005549078638422713,21.059632164762405,25001000.0,28.457700307561197
G9634,90.4100080122586,23.70483664466318,0.053738382410330195,-0.015710203830877914,17.104228504817815,25001000.0,27.830579242977826
G9635,90.40991889637918,23.709348324934822,0.06534060768773518,0.0003141096402337865,21.27508890520502,25001000.0,28.416467445238954
G9636,90.40982975838936,23.713860002260905,0.04319287197491419,0.003836509390428887,17.104228504817815,25001000.0,28.402857410738086
G9637,90.40974059828577,23.718371676640945,0.04434859858847629,0.005067152559981587,21.10864624926941,25001000.0,28.696269152779987
G9638,90.40965141606505,23.722883348074497,0.0697171959378978,-0.003257210023873314,17.104228504817815,25001000.0,28.33781751586186
G9639,90.40956221172378,23.72739501656108,0.0943415310583111,-0.023230692334995213,20.961483863188192,25001000.0,27.730156992061133
G9640,90.40947298525866,23.731906682100224,0.05773303834556709,-0.0057694378925011135,17.104228504817815,25001000.0,28.27281214157375
G9641,90.40938373666629,23.736418344691472,0.05919730848392989,-0.010703384792041814,21.06273496064213,25001000.0,28.046547826725348
G9642,90.40929446594328,23.74093000433436,0.0670699951406681,-0.0067490576569644144,17.104228504817815,25001000.0,28.27281214157375
G9643,90.40920517308628,23.745441661028394,0.06783837171954869,-0.0019401887878295104,21.07383680436473,25001000.0,28.360619068663805
G9644,90.40911585809194,23.749953314773137,0.05929796045386109,0.004086179792688487,17.104228504817815,25001000.0,28.643306535431858
G9645,90.4090265209568,23.75446496556811,0.08486092040970149,-0.0031337145537426135,20.944037145370686,25001000.0,28.390458417694926
G9646,90.40893716167758,23.758976613412845,0.04543633613529799,-0.022502820718113214,17.104228504817815,25001000.0,27.02605692189563
G9647,90.40884778025084,23.76348825830688,0.07105151073834189,-0.011855155623202215,20.73508890520506,25001000.0,27.99061828526688
G9648,90.40875837667323,23.767999900249745,0.06811375116439919,0.0006652622790023865,17.104228504817815,25001000.0,28.446128103336132
G9649,90.40866895094138,23.772511539240973,0.09162594941935229,-0.019208360696315714,20.58542152780629,25001000.0,28.002367372237288
G9650,90.40857950305188,23.77702317528009,0.10829533825969569,-0.012534764167043914,17.104228504817815,25001000.0,28.121989121212092
G9651,90.40849003300134,23.781534808366647,0.07576157488965889,-0.0021514667114561135,17.104228504817815,25001000.0,28.381760765555896
G9652,90.40840054078642,23.786046438500165,0.1159267303701603,-0.016238315008210213,17.104228504817815,25001000.0,28.05993360468427
G9653,90.4083110264037,23.790558065680184,0.08925514315746129,-0.024790271089340215,17.104228504817815,25001000.0,27.580648845647662
G9654,90.4082214898498,23.79506968990622,0.09157871570055459,-0.03301070067554671,17.104228504817815,25001000.0,27.206213929308998
G9655,90.40813193112136,23.79958131117783,0.1054277587046988,-0.03727762762063031,17.104228504817815,25001000.0,27.432135694458072
G9656,90.40804235021491,23.804092929494534,0.11915202416440239,-0.03580731295965051,17.104228504817815,25001000.0,27.442274561046553
G9657,90.40795274712718,23.808604544855864,0.15086177779407778,-0.04831732134040821,17.104228504817815,25001000.0,27.00763000084237
G9658,90.40786312185472,23.81311615726136,0.12261738751606789,-0.026983354039748313,17.104228504817815,25001000.0,27.61125184516945
G9659,90.40777347439412,23.81762776671056,0.1135387049492172,-0.030449023788436513,17.104228504817815,25001000.0,27.585900216660526
G9660,90.40768380474204,23.822139373202983,0.18309178489968178,-0.05753737023950761,17.104228504817815,25001000.0,26.92937247426043
G9661,90.40759411289504,23.826650976738176,0.1782813480188148,-0.04204171425003781,17.104228504817815,25001000.0,27.344931993761893
G9662,90.40750439884974,23.831162577315663,0.1606910117367503,-0.0025593165193575134,17.104228504817815,25001000.0,28.4703591046999
G9663,90.40741466260276,23.835674174934987,0.1400661907863712,0.013179082733342286,17.104228504817815,25001000.0,28.955544103848446
G9664,90.40732490415068,23.84018576959568,0.08901540622441319,0.04231783497940319,17.104228504817815,25001000.0,30.383439853568717
G9665,90.40723512349012,23.84469736129726,0.04844471808719359,0.037306520842005184,17.104228504817815,25001000.0,29.488434837078564
G9666,90.40714532061766,23.84920895003928,0.05679455343118809,0.009147398702628085,17.104228504817815,25001000.0,28.567633648081102
G9667,90.40705549552992,23.853720535821274,0.09372801663296589,-0.006490290948024613,17.104228504817815,25001000.0,28.297586702038164
G9668,90.40696564822348,23.85823211864277,0.083376996466803,-0.0037508206189349135,17.104228504817815,25001000.0,28.381760765555896
G9669,90.40687577869498,23.86274369850329,0.07411209688277169,0.00036061280050978623,17.104228504817815,25001000.0,28.517519423847364
G9670,90.40678588694098,23.8672552754024,0.0689695514170151,0.0065639737500793865,17.104228504817815,25001000.0,28.600782976228444
G9671,90.40669597295808,23.8717668493396,0.0765218533846066,0.006011987525863885,17.104228504817815,25001000.0,28.686574628329353
G9672,90.40660603674289,23.87627842031444,0.08917940553855089,-0.0029210606099182137,17.104228504817815,25001000.0,28.37669597698919
G9673,90.40655184674044,23.880285256262525,0.09207699422038619,-0.0046002048208180135,17.104228504817815,25001000.0,28.330147419889503
G9732,90.418936987264,23.621445768640303,0.18001436812231741,-0.06846747857195189,17.104228504817815,25001000.0,26.485811326347566
G9733,90.41720441681362,23.62438493782052,0.10243220111069339,-0.011837933312644714,17.104228504817815,25001000.0,28.121989121212092
G9734,90.4164164914507,23.62821930347906,0.18932452336840638,-0.058117803712768416,17.104228504817815,25001000.0,26.92937247426043
G9735,90.41632791835772,23.632731051205685,0.156926498197213,-0.04996065801671282,17.104228504817815,25001000.0,27.0591200636972
G9736,90.41623932325297,23.637242795995853,0.1921596155937484,-0.0734967417617343,17.104228504817815,25001000.0,26.325577664249426
G9737,90.41615070613308,23.641754537849103,0.177672305260207,-0.048299848209260116,17.104228504817815,25001000.0,27.07808258177952
G9738,90.41606206699473,23.64626627676497,0.1945259746160468,-0.05258978688411181,17.104228504817815,25001000.0,26.927892658031116
G9739,90.41597340583458,23.65077801274297,0.1594023525282568,-0.029251012338287415,17.104228504817815,25001000.0,27.661251633395363
G9740,90.41588472264924,23.65528974578266,0.1396741673246916,-0.006983746196748913,17.104228504817815,25001000.0,28.37965933329912
G9741,90.41579601743544,23.65980147588355,0.139030598650501,-0.015113619195832314,17.104228504817815,25001000.0,28.09326027722099
G9742,90.41570729018976,23.66431320304518,0.1411574601533063,-0.017730173217018613,17.104228504817815,25001000.0,27.939921461976525
G9743,90.41561854090888,23.668824927267096,0.1522471751904596,-0.017109626076495413,17.104228504817815,25001000.0,27.665225461017258
G9744,90.41552976958948,23.67333664854881,0.1810408907189672,-0.03825169642393261,17.104228504817815,25001000.0,27.408997001854665
G9745,90.41544097622815,23.67784836688987,0.1398210924074027,-0.014726645715706813,17.104228504817815,25001000.0,28.112291363115922
G9746,90.4153521608216,23.68236008228979,0.1057343066323805,-0.008977882783183514,17.104228504817815,25001000.0,28.171021019124694
G9747,90.41526332336645,23.68687179474813,0.0969718969867182,0.033227961925320786,17.104228504817815,25001000.0,30.06671922422684
G9748,90.41517446385932,23.6913835042644,0.08506147874175829,0.009467539089791786,17.104228504817815,25001000.0,28.861896861289875
G9749,90.41508558229692,23.695895210838124,0.08110177274320259,-0.015469125155535115,17.104228504817815,25001000.0,27.987377307350876
G9750,90.41499667867582,23.70040691446887,0.03781585971789609,-0.027310976509969914,17.104228504817815,25001000.0,26.139149240337083
G9751,90.41490775299272,23.704918615156146,0.05589050121785489,0.011061827766184586,17.104228504817815,25001000.0,28.567633648081102
G9752,90.41481880524422,23.70943031289949,0.054076117030207795,-0.0004245118791774136,17.104228504817815,25001000.0,28.446128103336132
G9753,90.414729835427,23.71394200769843,0.04486460210843929,0.002755913319888286,17.104228504817815,25001000.0,28.406038289866544
G9754,90.41464084353768,23.718453699552505,0.047860675292924995,0.007991117447431686,17.104228504817815,25001000.0,28.58531497705033
G9755,90.41455182957289,23.72296538846125,0.089573135299338,-0.018879106247461714,17.104228504817815,25001000.0,27.86921495044472
G9756,90.41446279352928,23.7274770744242,0.07842548427700999,0.0008216630108389862,17.104228504817815,25001000.0,28.475967452367254
G9757,90.41437373540349,23.73198875744088,0.051285291658510694,-0.0029274737662925137,17.104228504817815,25001000.0,28.351921416524775
G9758,90.41428465519212,23.736500437510824,0.057953690456359494,-0.0032402700148470133,17.104228504817815,25001000.0,28.351921416524775
G9759,90.41419555289184,23.741012114633563,0.05401139701676689,-0.006596321261172213,17.104228504817815,25001000.0,28.27281214157375
G9760,90.4141064284993,23.74552378880864,0.05236131409643239,-9.79471481018135e-05,17.104228504817815,25001000.0,28.446128103336132
G9761,90.4140172820111,23.75003546003558,0.05724857890610539,-0.004474758118966414,17.104228504817815,25001000.0,28.305372859425088
G9762,90.41392811342388,23.754547128313924,0.08308216125661569,-0.007155525629353314,17.104228504817815,25001000.0,28.30265149060487
G9763,90.41383892273429,23.75905879364319,0.05724708735002909,0.010680052614514286,17.104228504817815,25001000.0,28.567633648081102
G9764,90.41374970993888,23.76357045602293,0.07379008424551209,-0.004812969406986613,17.104228504817815,25001000.0,28.373446534275207
G9765,90.41366047503438,23.768082115452668,0.03875617560447149,-0.04618784188851181,17.104228504817815,25001000.0,24.598291801730888
G9766,90.41357121801737,23.772593771931938,0.07074610827846399,-0.035709664550361814,17.104228504817815,25001000.0,26.63522929823256
G9767,90.41348193888444,23.77710542546027,0.08002339185681719,-0.031125478070711015,17.104228504817815,25001000.0,27.211278717875704
G9768,90.41339263763228,23.781617076037207,0.06385187072751629,-0.017174395331724015,20.39736182631376,25001000.0,27.718751549000995
G9769,90.41330331425748,23.78612872366228,0.07149352423308909,-0.016824790542844012,17.104228504817815,25001000.0,27.69889667717337
G9770,90.41321396875666,23.79064036833501,0.0928663572357578,-0.03148172387286821,20.417963364079498,25001000.0,27.239354580180308
G9771,90.41312460112646,23.79515201005495,0.07788936130097279,-0.020688219076763815,17.104228504817815,25001000.0,27.843173697978948
G9772,90.41303521136348,23.79966364882161,0.106241682449571,-0.03355665908107791,20.06873725685338,25001000.0,27.487051935236092
G9773,90.41294579946434,23.80417528463456,0.13305721367591658,-0.045761752658318514,17.104228504817815,25001000.0,26.95003857452046
G9774,90.41285636542568,23.808686917493297,0.14316540791955099,-0.03995607826740322,19.75978154589765,25001000.0,27.327647726277036
G9775,90.41276690924408,23.813198547397377,0.0871860905900784,-0.016210312512351013,17.104228504817815,25001000.0,27.987377307350876
G9776,90.41267743091618,23.817710174346324,0.13801200446189338,-0.036145110921308114,19.29855585616454,25001000.0,27.497094231104068
G9777,90.4125879304386,23.822221798339672,0.2067536877526092,-0.05758579308153501,17.104228504817815,25001000.0,26.994606434356307
G9778,90.41249840780796,23.826733419376968,0.11636993336750509,-0.023329661138082613,18.748674826530106,25001000.0,27.913106454371857
G9779,90.4124088630208,23.83124503745773,0.06581894896617618,-0.011873745026317314,17.104228504817815,25001000.0,27.996024533790763
G9780,90.41231929607382,23.8357566525815,0.07472984165051529,0.028006931196011286,18.371573377254748,25001000.0,29.366303309543323
G9781,90.4122297069636,23.84026826474781,0.05066295916377239,0.04438272358434009,17.104228504817815,25001000.0,29.526899668218874
G9782,90.41214009568674,23.844779873956192,0.0674748080719034,0.019167693257166586,18.76751540624022,25001000.0,29.06850784316172
G9783,90.41205046223985,23.849291480206187,0.08386526564497619,0.006847803435454686,17.104228504817815,25001000.0,28.702613126898623
G9784,90.41196080661952,23.85380308349732,0.08959368457072839,-0.010734320510106414,19.33563134826924,25001000.0,28.10618862153188
G9785,90.4118711288224,23.858314683829136,0.07305442526092679,0.0021539834452390864,17.104228504817815,25001000.0,28.57265453186889
G9786,90.41178142884507,23.86282628120116,0.1003865323890828,-0.005947525658478314,19.725776275805487,25001000.0,28.379278119806433
G9787,90.41169170668412,23.86733787561293,0.081386410615753,0.00025741593883548634,17.104228504817815,25001000.0,28.475967452367254
G9788,90.41160196233616,23.871849467063992,0.0750376229826171,0.008083043021085387,19.36707209848234,25001000.0,28.807754900871764
G9789,90.4115121957978,23.87636105555386,0.08706494114259619,0.005071216709130386,17.104228504817815,25001000.0,28.73298829768871
G9790,90.41152827667229,23.880678913337054,0.10211473624953349,-0.012590157083567814,19.0973618263138,25001000.0,28.15493458025612
G9791,90.41345420949744,23.883416876962656,0.10267870244086669,-0.06300093074266581,17.104228504817815,25001000.0,26.156040951410098
G9848,90.42365587378644,23.61672132823624,0.2087434313366899,-0.06834920485441351,17.104228504817815,25001000.0,26.569162061934477
G9849,90.42223414582712,23.61978186264135,0.19523362909478809,-0.06028829994282731,17.20566033377648,25001000.0,26.878016825613557
G9850,90.42140178603572,23.623789054761403,0.1283861050909145,-0.021021481008476613,17.104228504817815,25001000.0,27.835279538052998
G9851,90.42131340233652,23.62830082284185,0.07028391498594999,0.020623601764470086,17.04413920701589,25001000.0,29.17930981480918
G9852,90.42122499667045,23.63281258798748,0.08695520389658289,-0.0038381718371638136,17.104228504817815,25001000.0,28.381760765555896
G9853,90.42113656903412,23.6373243501978,0.1612649748394975,-0.029107426798586713,16.623575826734196,25001000.0,27.465074615198574
G9854,90.42104811942426,23.641836109472365,0.16680150278482278,-0.047893522187161315,17.104228504817815,25001000.0,27.09365388799013
G9855,90.42095964783748,23.646347865810704,0.21680907661513618,-0.07572687326542621,16.066935696095328,25001000.0,26.028300610765058
G9856,90.42087115427049,23.65085961921234,0.1704223240972434,-0.03553793030963581,17.104228504817815,25001000.0,27.543066344121566
G9857,90.42078263871991,23.655371369676818,0.12218090570471239,0.021845810644156385,15.793248569070586,25001000.0,29.33083667742601
G9858,90.42069410118243,23.65988311720366,0.1597170578821873,-0.027435279380761415,17.104228504817815,25001000.0,27.676464395315804
G9859,90.42060554165472,23.664394861792395,0.1734379914562191,-0.04702339410408801,15.935013274952922,25001000.0,26.819354447527324
G9860,90.4205169601334,23.668906603442576,0.1562483501004176,-0.032993044071137415,17.104228504817815,25001000.0,27.543066344121566
G9861,90.42042835661516,23.67341834215372,0.1414268001662704,-0.008055879072591313,18.844882555998677,25001000.0,28.302667362852212
G9862,90.42033973109665,23.677930077925364,0.1241487119423302,-0.014934648450848314,17.104228504817815,25001000.0,28.10193747483246
G9863,90.42025108357448,23.68244181075704,0.0831538636001144,-0.0008777801289188137,19.709327000443153,25001000.0,28.465733238070356
G9864,90.42016241404536,23.686953540648283,0.116283046042825,-0.016970560504431815,17.104228504817815,25001000.0,28.00038877144337
G9865,90.42007372250592,23.691465267598613,0.05869354326190229,-0.030017978580334614,20.483575826734207,25001000.0,26.672293128549903
G9866,90.41998500895282,23.695976991607584,0.03556695355538169,-0.03192644918293111,17.104228504817815,25001000.0,25.823795833816256
G9867,90.4198962733827,23.70048871267472,0.0775789236394404,-0.005926489578413014,20.9965335732131,25001000.0,28.3113491427439
G9868,90.4198075157922,23.705000430799544,0.05184008147335009,0.004624236896622287,17.104228504817815,25001000.0,28.643306535431858
G9869,90.419718736178,23.70951214598161,0.05421243957673519,-0.0004200063345573136,21.110618080255307,25001000.0,28.62013152740573
G9870,90.41962993453674,23.71402385822043,0.06762016004642989,-0.013524685395208213,17.104228504817815,25001000.0,27.996024533790763
G9871,90.41954111086504,23.718535567515552,0.05332967973451709,-0.006289917226875514,21.00273075631165,25001000.0,28.457700307561197
G9872,90.41945226515956,23.723047273866506,0.10636311895554239,-0.027866873234631814,17.104228504817815,25001000.0,27.601112978580968
G9873,90.41936339741694,23.72755897727282,0.06482931534010208,-0.009179573320261014,20.64913092201172,25001000.0,28.10619815207507
G9874,90.41927450763384,23.73207067773403,0.07241522137580209,-0.004570821751623814,17.104228504817815,25001000.0,28.291268958762174
G9875,90.41918559580688,23.73658237524967,0.08405722826975519,-0.015192583510276013,20.958529898993877,25001000.0,27.996074959489906
G9876,90.41909666193273,23.741094069819283,0.0805648887979968,-0.007204991789692814,17.104228504817815,25001000.0,28.30265149060487
G9877,90.41900770600796,23.745605761442384,0.059146255317442394,0.0014608642173684866,21.05041395696489,25001000.0,28.485766654352865
G9878,90.4189187280293,23.75011745011852,0.07317415278171119,-0.0054658144558270136,17.104228504817815,25001000.0,28.340885816423867
G9879,90.41882972799333,23.75462913584722,0.08317860266478279,-0.017795746239060314,20.73108890520504,25001000.0,27.870832285181482
G9880,90.4187407058967,23.75914081862802,0.06851391689678919,-0.0022531378480242135,17.104228504817815,25001000.0,28.351921416524775
G9881,90.41865166173604,23.76365249846045,0.06287124761797738,0.0010655191558543863,20.555013274952927,25001000.0,28.46818882046231
G9882,90.418562595508,23.768164175344047,0.06049983914123979,-0.03505523599769921,17.104228504817815,25001000.0,26.195832931769207
G9883,90.4184735072092,23.772675849278347,0.06471191718506819,-0.04492690060398732,20.555631348269202,25001000.0,25.409212078172967
G9884,90.41838439683627,23.77718752026288,0.05583376767056359,-0.04650632466875721,17.104228504817815,25001000.0,24.85893710373382
G9885,90.41829526438585,23.78169918829717,0.049731886521041394,-0.036228979478199114,20.625123020343636,25001000.0,26.176723069880833
G9886,90.41820610985457,23.786210853380773,0.07025822018344349,-0.023924831190668714,17.104228504817815,25001000.0,27.337317760332795
G9887,90.41811693323903,23.7907225155132,0.0966160638989876,-0.024014669778219914,19.829781545897646,25001000.0,27.819052306876504
G9888,90.4180277345359,23.795234174694013,0.0890249505320984,-0.03485188799395531,17.104228504817815,25001000.0,27.19241028628705
G9889,90.41793851374176,23.79974583092272,0.0950282902316553,-0.043529173074158316,19.67887245498858,25001000.0,26.85873454064783
G9890,90.41784927085328,23.804257484198864,0.07848813162780759,-0.036753551070333915,17.104228504817815,25001000.0,26.947742128597824
G9891,90.41776000586708,23.80876913452198,0.07498864443749569,-0.004334508180901513,19.85497376661229,25001000.0,28.456258196080036
G9892,90.41767071877976,23.813280781891603,0.0750603424891209,-0.0008459491326031135,17.104228504817815,25001000.0,28.48522449242429
G9893,90.41758140958792,23.81779242630727,0.0838265889321561,-0.013334411776308914,19.46989913974661,25001000.0,28.111253410098588
G9894,90.41749207828823,23.822304067768503,0.11582501358200739,-0.03386655415930411,17.104228504817815,25001000.0,27.453911284364782
G9895,90.41740272487728,23.826815706274857,0.0965606694816453,-0.008687885962274013,17.104228504817815,25001000.0,28.171021019124694
G9896,90.41731334935172,23.831327341825844,0.0763566512398754,-0.0017700642972305137,17.104228504817815,25001000.0,28.4089116600992
G9897,90.41722395170814,23.83583897442102,0.08318102513911749,-0.015190717436654514,17.104228504817815,25001000.0,27.987377307350876
G9898,90.41713453194316,23.840350604059896,0.1170290466553898,-0.015045280494640214,17.104228504817815,25001000.0,28.070072471272752
G9899,90.4170450900534,23.844862230742027,0.13696250546918098,-0.042823480534228915,17.104228504817815,25001000.0,27.287594819779795
G9900,90.41695562603546,23.84937385446694,0.1168344983818528,-0.031977164374802414,17.104228504817815,25001000.0,27.46771492738673
G9901,90.41686613988595,23.85388547523417,0.09557870341812659,-0.010468008001760313,17.104228504817815,25001000.0,28.079921651066865
G9902,90.41677663160154,23.85839709304325,0.10495505372794729,-0.009979378221815015,17.104228504817815,25001000.0,28.121989121212092
G9903,90.41668710117877,23.86290870789372,0.1207567436099372,-0.018553907085988613,17.104228504817815,25001000.0,27.972876452119436
G9904,90.41659754861428,23.867420319785108,0.10179349341812809,-0.0029813957151496135,17.104228504817815,25001000.0,28.42544193571343
G9905,90.41650797390466,23.871931928716947,0.11340233575513659,-0.014934707665920213,17.104228504817815,25001000.0,28.078964690579205
G9906,90.41641837704655,23.87644353468878,0.110528960075457,-0.010666216037084914,17.104228504817815,25001000.0,28.121989121212092
G9907,90.41632875803651,23.88095513770014,0.1216421079373672,-0.019475338855280213,17.104228504817815,25001000.0,27.972876452119436
G9908,90.41649051590775,23.8844050342209,0.1503374356580979,-0.03963940247455772,17.104228504817815,25001000.0,27.294507075405726
G9964,90.42822022405068,23.61174841430368,0.05252513902088889,0.0014501726664654865,17.209374619490774,25001000.0,28.446128103336132
G9965,90.42691895376625,23.61515270493713,0.09060581813594759,-0.003893973092082114,17.104228504817815,25001000.0,28.37669597698919
G9966,90.42638674588832,23.619358614048803,0.18064455497765708,-0.05794165229163741,17.104228504817815,25001000.0,26.92937247426043
G9967,90.42629855149978,23.62387040244736,0.15562097457487528,-0.03740839310834111,17.104228504817815,25001000.0,27.521290754214856
G9968,90.42621033518924,23.6283821879127,0.1333250534791077,-0.009608456866579114,17.104228504817815,25001000.0,28.20434769166141
G9969,90.42612209695336,23.63289397044437,0.08680660886249539,0.0006356577230798863,17.104228504817815,25001000.0,28.475967452367254
G9970,90.42603383678885,23.637405750041907,0.2069322503031214,-0.063306888265565,17.104228504817815,25001000.0,26.854653612372502
G9971,90.4259455546923,23.64191752670484,0.1954075398121406,-0.06341335489722041,17.104228504817815,25001000.0,26.756975400551237
G9972,90.42585725066048,23.646429300432693,0.221776075362431,-0.07595801540227301,17.104228504817815,25001000.0,26.420402707723696
G9973,90.42576892469,23.650941071225,0.17245668184955198,-0.05903489196553521,17.104228504817815,25001000.0,26.92937247426043
G9974,90.42568057677752,23.65545283908131,0.113060179131407,0.03592923513613109,17.104228504817815,25001000.0,30.158813612271427
G9975,90.42559220691972,23.65996460400114,0.1759512581784359,-0.039310390966571115,17.104228504817815,25001000.0,27.408997001854665
G9976,90.42550381511327,23.664476365984022,0.1607598326275835,-0.029536901311322715,17.104228504817815,25001000.0,27.661251633395363
G9977,90.42541540135488,23.668988125029504,0.1257556344659783,-0.005149834261386214,17.104228504817815,25001000.0,28.41222005115046
G9978,90.42532696564112,23.673499881137108,0.1179292880785178,-0.011760548983099615,17.104228504817815,25001000.0,28.144961905465347
G9979,90.42523850796871,23.678011634306365,0.08383309963538649,0.003173922608543187,17.104228504817815,25001000.0,28.53442020604989
G9980,90.42515002833431,23.68252338453681,0.06280156706122508,0.006025105944480686,17.104228504817815,25001000.0,28.579170308931648
G9981,90.4250615267346,23.687035131828,0.050982227248800895,-0.031283435064358614,17.104228504817815,25001000.0,26.153526241789038
G9982,90.4249730031662,23.69154687617942,0.04305768658862219,-0.029702311975093314,17.104228504817815,25001000.0,26.3649153697607
G9983,90.42488445762577,23.69605861759064,0.0657029714803481,0.0002526719772704862,17.104228504817815,25001000.0,28.446128103336132
G9984,90.42479589010996,23.700570356061192,0.05390721732084109,0.005761610802664586,17.104228504817815,25001000.0,28.609465353310902
G9985,90.42470730061542,23.7050820915906,0.05417863524846819,0.011702545414004485,17.104228504817815,25001000.0,28.567618434756803
G9986,90.42461868913888,23.709593824178388,0.04965904261033419,0.009251014223257087,17.104228504817815,25001000.0,28.523948262718083
G9987,90.42453005567693,23.714105553824105,0.051640073396266195,-0.0024383427368964137,17.104228504817815,25001000.0,28.351921416524775
G9988,90.4244414002262,23.71861728052728,0.0649882362260309,-0.0029111564071788135,17.104228504817815,25001000.0,28.351921416524775
G9989,90.42435272278335,23.723129004287447,0.07194853736689279,0.0030169965211636865,17.104228504817815,25001000.0,28.490476956355856
G9990,90.42426402334512,23.727640725104138,0.05890358782920499,0.0051111967658285865,17.104228504817815,25001000.0,28.643306535431858
G9991,90.42417530190804,23.73215244297689,0.0936368373418227,-0.014242993570563214,17.104228504817815,25001000.0,28.073243162487852
G9992,90.42408655846884,23.736664157905235,0.11924110391010359,-0.027675408518557414,17.104228504817815,25001000.0,27.61125184516945
G9993,90.42399779302414,23.741175869888707,0.113541566904035,-0.022257292182440415,17.104228504817815,25001000.0,27.814786783181056
G9994,90.42390900557058,23.74568757892684,0.05887626648487599,-0.007882882018706013,17.104228504817815,25001000.0,28.27281214157375
G9995,90.42382019610478,23.75019928501916,0.06832575982141839,-0.0035515091233876135,17.104228504817815,25001000.0,28.351921416524775
G9996,90.42373136462344,23.75471098816521,0.07316293931703659,-0.005509383113720814,17.104228504817815,25001000.0,28.340885816423867
G9997,90.42364251112316,23.75922268836453,0.064122911847253,0.006690598972550086,17.104228504817815,25001000.0,28.600607352598367
G9998,90.4235536356006,23.763734385616644,0.0640677602489609,0.0004824363524565862,17.104228504817815,25001000.0,28.446128103336132
G9999,90.4234647380524,23.768246079921084,0.07407563680366469,-0.025732010373268215,17.104228504817815,25001000.0,27.24710711915784
